=== Tue May 26 04:38:39 UTC 2026 ===
BTC 5m Bot v3 - ATR+Vol Filter
MIN_PROB=0.87, ATR>0.8x avg, Vol>0.6x avg
Cycle 5/50

============================================================
Cycle #6 | 04:38:39 UTC
[BTC] 1440 candles
[FILTER] ATR=51.78 (avg=68.79, threshold=55.03)
[FILTER] Vol=27.0623 (avg=9.4057, threshold=5.6434)
[BTC] Last streaks: [1, 1, 2, 3, 4]
[MARKOV] Filtered=851 candles, 57 states
[MARKOV] State=1234, last_dir=UP, p̂=0.435 (n=46)
[POLY] YES=0.505, NO=0.495
[SIGNAL] UP, p̂=0.435, q=0.495, Δ=-0.060 → Low ATR (51.78 < 55.03)

✓ #6 p̂=0.435, Signal=False
⏰ Next: 04:40:03
---
=== Tue May 26 04:40:03 UTC 2026 ===
BTC 5m Bot v3 - ATR+Vol Filter
MIN_PROB=0.87, ATR>0.8x avg, Vol>0.6x avg
Cycle 6/50

============================================================
Cycle #7 | 04:40:03 UTC
[BTC] 1440 candles
[FILTER] ATR=43.94 (avg=66.85, threshold=53.48)
[FILTER] Vol=0.0004 (avg=9.7454, threshold=5.8473)
[BTC] Last streaks: [1, 2, 3, 1, 1]
[MARKOV] Filtered=833 candles, 57 states
[MARKOV] State=2311, last_dir=UP, p̂=0.625 (n=24)
[POLY] YES=0.505, NO=0.495
[SIGNAL] UP, p̂=0.625, q=0.495, Δ=0.130 → Low ATR (43.94 < 53.48)

✓ #7 p̂=0.625, Signal=False
⏰ Next: 04:41:26
---
=== Tue May 26 04:41:26 UTC 2026 ===
BTC 5m Bot v3 - ATR+Vol Filter
MIN_PROB=0.87, ATR>0.8x avg, Vol>0.6x avg
Cycle 7/50

============================================================
Cycle #8 | 04:41:26 UTC
[BTC] 1440 candles
[FILTER] ATR=44.51 (avg=66.88, threshold=53.50)
[FILTER] Vol=1.4552 (avg=9.8182, threshold=5.8909)
[BTC] Last streaks: [1, 2, 3, 1, 1]
[MARKOV] Filtered=829 candles, 57 states
[MARKOV] State=2311, last_dir=UP, p̂=0.625 (n=24)
[POLY] YES=0.505, NO=0.495
[SIGNAL] UP, p̂=0.625, q=0.495, Δ=0.130 → Low ATR (44.51 < 53.50)

✓ #8 p̂=0.625, Signal=False
⏰ Next: 04:42:49
---
=== Tue May 26 04:42:49 UTC 2026 ===
BTC 5m Bot v3 - ATR+Vol Filter
MIN_PROB=0.87, ATR>0.8x avg, Vol>0.6x avg
Cycle 8/50

============================================================
Cycle #9 | 04:42:50 UTC
[BTC] 1440 candles
[FILTER] ATR=44.51 (avg=66.88, threshold=53.50)
[FILTER] Vol=1.5805 (avg=9.8245, threshold=5.8947)
[BTC] Last streaks: [1, 2, 3, 1, 1]
[MARKOV] Filtered=828 candles, 57 states
[MARKOV] State=2311, last_dir=UP, p̂=0.625 (n=24)
[POLY] YES=0.505, NO=0.495
[SIGNAL] UP, p̂=0.625, q=0.495, Δ=0.130 → Low ATR (44.51 < 53.50)

✓ #9 p̂=0.625, Signal=False
⏰ Next: 04:44:13
---
=== Tue May 26 04:44:13 UTC 2026 ===
BTC 5m Bot v3 - ATR+Vol Filter
MIN_PROB=0.87, ATR>0.8x avg, Vol>0.6x avg
Cycle 9/50

============================================================
Cycle #10 | 04:44:13 UTC
[BTC] 1440 candles
[FILTER] ATR=45.51 (avg=66.93, threshold=53.54)
[FILTER] Vol=3.0375 (avg=9.8973, threshold=5.9384)
[BTC] Last streaks: [1, 2, 3, 1, 1]
[MARKOV] Filtered=823 candles, 57 states
[MARKOV] State=2311, last_dir=UP, p̂=0.625 (n=24)
[POLY] YES=0.505, NO=0.495
[SIGNAL] UP, p̂=0.625, q=0.495, Δ=0.130 → Low ATR (45.51 < 53.54)

✓ #10 p̂=0.625, Signal=False
⏰ Next: 04:45:36
---
=== Tue May 26 04:45:37 UTC 2026 ===
BTC 5m Bot v3 - ATR+Vol Filter
MIN_PROB=0.87, ATR>0.8x avg, Vol>0.6x avg
Cycle 10/50

============================================================
Cycle #11 | 04:45:37 UTC
[BTC] 1440 candles
[FILTER] ATR=41.96 (avg=64.85, threshold=51.88)
[FILTER] Vol=0.2285 (avg=9.7598, threshold=5.8559)
[BTC] Last streaks: [2, 3, 1, 1, 2]
[MARKOV] Filtered=843 candles, 57 states
[MARKOV] State=3112, last_dir=UP, p̂=0.462 (n=13)
[POLY] YES=0.505, NO=0.495
[SIGNAL] UP, p̂=0.462, q=0.495, Δ=-0.033 → Low ATR (41.96 < 51.88)

✓ #11 p̂=0.462, Signal=False
⏰ Next: 04:47:00
---
=== Tue May 26 04:47:00 UTC 2026 ===
BTC 5m Bot v3 - ATR+Vol Filter
MIN_PROB=0.87, ATR>0.8x avg, Vol>0.6x avg
Cycle 11/50

============================================================
Cycle #12 | 04:47:00 UTC
[BTC] 1440 candles
[FILTER] ATR=42.29 (avg=64.87, threshold=51.89)
[FILTER] Vol=1.4130 (avg=9.8190, threshold=5.8914)
[BTC] Last streaks: [2, 3, 1, 1, 2]
[MARKOV] Filtered=839 candles, 57 states
[MARKOV] State=3112, last_dir=UP, p̂=0.462 (n=13)
[POLY] YES=0.505, NO=0.495
[SIGNAL] UP, p̂=0.462, q=0.495, Δ=-0.033 → Low ATR (42.29 < 51.89)

✓ #12 p̂=0.462, Signal=False
⏰ Next: 04:48:23
---
=== Tue May 26 04:48:24 UTC 2026 ===
BTC 5m Bot v3 - ATR+Vol Filter
MIN_PROB=0.87, ATR>0.8x avg, Vol>0.6x avg
Cycle 12/50

============================================================
Cycle #13 | 04:48:24 UTC
[BTC] 1440 candles
[FILTER] ATR=43.52 (avg=64.93, threshold=51.94)
[FILTER] Vol=3.0221 (avg=9.8995, threshold=5.9397)
[BTC] Last streaks: [2, 3, 1, 1, 1]
[MARKOV] Filtered=833 candles, 57 states
[MARKOV] State=3111, last_dir=DOWN, p̂=0.643 (n=14)
[POLY] YES=0.505, NO=0.495
[SIGNAL] DOWN, p̂=0.643, q=0.505, Δ=0.138 → Low ATR (43.52 < 51.94)

✓ #13 p̂=0.643, Signal=False
⏰ Next: 04:49:47
---
=== Tue May 26 04:49:47 UTC 2026 ===
BTC 5m Bot v3 - ATR+Vol Filter
MIN_PROB=0.87, ATR>0.8x avg, Vol>0.6x avg
Cycle 13/50

============================================================
Cycle #14 | 04:49:47 UTC
[BTC] 1440 candles
[FILTER] ATR=43.52 (avg=64.93, threshold=51.94)
[FILTER] Vol=3.6897 (avg=9.9329, threshold=5.9597)
[BTC] Last streaks: [2, 3, 1, 1, 1]
[MARKOV] Filtered=832 candles, 57 states
[MARKOV] State=3111, last_dir=DOWN, p̂=0.643 (n=14)
[POLY] YES=0.505, NO=0.495
[SIGNAL] DOWN, p̂=0.643, q=0.505, Δ=0.138 → Low ATR (43.52 < 51.94)

✓ #14 p̂=0.643, Signal=False
⏰ Next: 04:51:10
---
=== Tue May 26 04:51:10 UTC 2026 ===
BTC 5m Bot v3 - ATR+Vol Filter
MIN_PROB=0.87, ATR>0.8x avg, Vol>0.6x avg
Cycle 14/50

============================================================
Cycle #15 | 04:51:11 UTC
[BTC] 1440 candles
[FILTER] ATR=42.08 (avg=63.15, threshold=50.52)
[FILTER] Vol=0.2960 (avg=9.8038, threshold=5.8823)
[BTC] Last streaks: [3, 1, 1, 1, 1]
[MARKOV] Filtered=851 candles, 57 states
[MARKOV] State=1111, last_dir=UP, p̂=0.390 (n=59)
[POLY] YES=0.505, NO=0.495
[SIGNAL] UP, p̂=0.390, q=0.495, Δ=-0.105 → Low ATR (42.08 < 50.52)

✓ #15 p̂=0.390, Signal=False
⏰ Next: 04:52:34
---
=== Tue May 26 04:52:34 UTC 2026 ===
BTC 5m Bot v3 - ATR+Vol Filter
MIN_PROB=0.87, ATR>0.8x avg, Vol>0.6x avg
Cycle 15/50

============================================================
Cycle #16 | 04:52:34 UTC
[BTC] 1440 candles
[FILTER] ATR=42.08 (avg=63.15, threshold=50.52)
[FILTER] Vol=1.0973 (avg=9.8439, threshold=5.9063)
[BTC] Last streaks: [3, 1, 1, 1, 1]
[MARKOV] Filtered=849 candles, 57 states
[MARKOV] State=1111, last_dir=UP, p̂=0.390 (n=59)
[POLY] YES=0.505, NO=0.495
[SIGNAL] UP, p̂=0.390, q=0.495, Δ=-0.105 → Low ATR (42.08 < 50.52)

✓ #16 p̂=0.390, Signal=False
⏰ Next: 04:53:57
---
=== Tue May 26 04:53:57 UTC 2026 ===
BTC 5m Bot v3 - ATR+Vol Filter
MIN_PROB=0.87, ATR>0.8x avg, Vol>0.6x avg
Cycle 16/50

============================================================
Cycle #17 | 04:53:58 UTC
[BTC] 1440 candles
[FILTER] ATR=42.08 (avg=63.15, threshold=50.52)
[FILTER] Vol=2.2888 (avg=9.9035, threshold=5.9421)
[BTC] Last streaks: [3, 1, 1, 1, 1]
[MARKOV] Filtered=845 candles, 57 states
[MARKOV] State=1111, last_dir=UP, p̂=0.390 (n=59)
[POLY] YES=0.505, NO=0.495
[SIGNAL] UP, p̂=0.390, q=0.495, Δ=-0.105 → Low ATR (42.08 < 50.52)

✓ #17 p̂=0.390, Signal=False
⏰ Next: 04:55:21
---
=== Tue May 26 04:55:21 UTC 2026 ===
BTC 5m Bot v3 - ATR+Vol Filter
MIN_PROB=0.87, ATR>0.8x avg, Vol>0.6x avg
Cycle 17/50

============================================================
Cycle #18 | 04:55:21 UTC
[BTC] 1440 candles
[FILTER] ATR=40.07 (avg=61.47, threshold=49.17)
[FILTER] Vol=0.0685 (avg=9.5400, threshold=5.7240)
[BTC] Last streaks: [1, 1, 1, 2, 3]
[MARKOV] Filtered=880 candles, 57 states
[MARKOV] State=1123, last_dir=DOWN, p̂=0.545 (n=55)
[POLY] YES=0.505, NO=0.495
[SIGNAL] DOWN, p̂=0.545, q=0.505, Δ=0.040 → Low ATR (40.07 < 49.17)

✓ #18 p̂=0.545, Signal=False
⏰ Next: 04:56:44
---
=== Tue May 26 04:56:44 UTC 2026 ===
BTC 5m Bot v3 - ATR+Vol Filter
MIN_PROB=0.87, ATR>0.8x avg, Vol>0.6x avg
Cycle 18/50

============================================================
Cycle #19 | 04:56:45 UTC
[BTC] 1440 candles
[FILTER] ATR=44.29 (avg=61.68, threshold=49.34)
[FILTER] Vol=8.4902 (avg=9.9610, threshold=5.9766)
[BTC] Last streaks: [1, 1, 1, 2, 1]
[MARKOV] Filtered=848 candles, 57 states
[MARKOV] State=1121, last_dir=UP, p̂=0.644 (n=45)
[POLY] YES=0.505, NO=0.495
[SIGNAL] UP, p̂=0.644, q=0.495, Δ=0.149 → Low ATR (44.29 < 49.34)

✓ #19 p̂=0.644, Signal=False
⏰ Next: 04:58:08
---
=== Tue May 26 04:58:08 UTC 2026 ===
BTC 5m Bot v3 - ATR+Vol Filter
MIN_PROB=0.87, ATR>0.8x avg, Vol>0.6x avg
Cycle 19/50

============================================================
Cycle #20 | 04:58:08 UTC
[BTC] 1440 candles
[FILTER] ATR=44.29 (avg=61.68, threshold=49.34)
[FILTER] Vol=9.1018 (avg=9.9916, threshold=5.9950)
[BTC] Last streaks: [1, 1, 1, 2, 1]
[MARKOV] Filtered=848 candles, 57 states
[MARKOV] State=1121, last_dir=UP, p̂=0.644 (n=45)
[POLY] YES=0.505, NO=0.495
[SIGNAL] UP, p̂=0.644, q=0.495, Δ=0.149 → Low ATR (44.29 < 49.34)

✓ #20 p̂=0.644, Signal=False
⏰ Next: 04:59:31
---
=== Tue May 26 04:59:31 UTC 2026 ===
BTC 5m Bot v3 - ATR+Vol Filter
MIN_PROB=0.87, ATR>0.8x avg, Vol>0.6x avg
Cycle 20/50

============================================================
Cycle #21 | 04:59:32 UTC
[BTC] 1440 candles
[FILTER] ATR=45.34 (avg=61.73, threshold=49.39)
[FILTER] Vol=10.2072 (avg=10.0469, threshold=6.0281)
[BTC] Last streaks: [1, 1, 1, 2, 3]
[MARKOV] Filtered=848 candles, 57 states
[MARKOV] State=1123, last_dir=DOWN, p̂=0.528 (n=53)
[POLY] YES=0.505, NO=0.495
[SIGNAL] DOWN, p̂=0.528, q=0.505, Δ=0.023 → Low ATR (45.34 < 49.39)

✓ #21 p̂=0.528, Signal=False
⏰ Next: 05:00:55
---
=== Tue May 26 05:00:55 UTC 2026 ===
BTC 5m Bot v3 - ATR+Vol Filter
MIN_PROB=0.87, ATR>0.8x avg, Vol>0.6x avg
Cycle 21/50

============================================================
Cycle #22 | 05:00:55 UTC
[BTC] 1440 candles
[FILTER] ATR=44.36 (avg=60.21, threshold=48.17)
[FILTER] Vol=0.4630 (avg=9.8491, threshold=5.9094)
[BTC] Last streaks: [1, 1, 2, 3, 4]
[MARKOV] Filtered=862 candles, 57 states
[MARKOV] State=1234, last_dir=DOWN, p̂=0.426 (n=47)
[POLY] YES=0.505, NO=0.495
[SIGNAL] DOWN, p̂=0.426, q=0.505, Δ=-0.079 → Low ATR (44.36 < 48.17)

✓ #22 p̂=0.426, Signal=False
⏰ Next: 05:02:18
---
=== Tue May 26 05:02:18 UTC 2026 ===
BTC 5m Bot v3 - ATR+Vol Filter
MIN_PROB=0.87, ATR>0.8x avg, Vol>0.6x avg
Cycle 22/50

============================================================
Cycle #23 | 05:02:18 UTC
[BTC] 1440 candles
[FILTER] ATR=46.40 (avg=60.32, threshold=48.25)
[FILTER] Vol=2.1499 (avg=9.9334, threshold=5.9600)
[BTC] Last streaks: [1, 1, 2, 3, 4]
[MARKOV] Filtered=856 candles, 57 states
[MARKOV] State=1234, last_dir=DOWN, p̂=0.426 (n=47)
[POLY] YES=0.505, NO=0.495
[SIGNAL] DOWN, p̂=0.426, q=0.505, Δ=-0.079 → Low ATR (46.40 < 48.25)

✓ #23 p̂=0.426, Signal=False
⏰ Next: 05:03:42
---
=== Tue May 26 05:03:42 UTC 2026 ===
BTC 5m Bot v3 - ATR+Vol Filter
MIN_PROB=0.87, ATR>0.8x avg, Vol>0.6x avg
Cycle 23/50

============================================================
Cycle #24 | 05:03:42 UTC
[BTC] 1440 candles
[FILTER] ATR=46.40 (avg=60.32, threshold=48.25)
[FILTER] Vol=4.0207 (avg=10.0270, threshold=6.0162)
[BTC] Last streaks: [1, 1, 2, 3, 4]
[MARKOV] Filtered=855 candles, 57 states
[MARKOV] State=1234, last_dir=DOWN, p̂=0.426 (n=47)
[POLY] YES=0.505, NO=0.495
[SIGNAL] DOWN, p̂=0.426, q=0.505, Δ=-0.079 → Low ATR (46.40 < 48.25)

✓ #24 p̂=0.426, Signal=False
⏰ Next: 05:05:05
---
=== Tue May 26 05:05:05 UTC 2026 ===
BTC 5m Bot v3 - ATR+Vol Filter
MIN_PROB=0.87, ATR>0.8x avg, Vol>0.6x avg
Cycle 24/50

============================================================
Cycle #25 | 05:05:05 UTC
[BTC] 1440 candles
[FILTER] ATR=47.04 (avg=58.88, threshold=47.10)
[FILTER] Vol=0.0297 (avg=8.8141, threshold=5.2885)
[BTC] Last streaks: [1, 2, 3, 1, 1]
[MARKOV] Filtered=934 candles, 57 states
[MARKOV] State=2311, last_dir=DOWN, p̂=0.560 (n=25)
[POLY] YES=0.505, NO=0.495
[SIGNAL] DOWN, p̂=0.560, q=0.505, Δ=0.055 → Low ATR (47.04 < 47.10)

✓ #25 p̂=0.560, Signal=False
⏰ Next: 05:06:29
---
=== Tue May 26 05:06:29 UTC 2026 ===
BTC 5m Bot v3 - ATR+Vol Filter
MIN_PROB=0.87, ATR>0.8x avg, Vol>0.6x avg
Cycle 25/50

============================================================
Cycle #26 | 05:06:29 UTC
[BTC] 1440 candles
[FILTER] ATR=49.53 (avg=59.00, threshold=47.20)
[FILTER] Vol=1.2859 (avg=8.8770, threshold=5.3262)
[BTC] Last streaks: [1, 2, 3, 1, 1]
[MARKOV] Filtered=927 candles, 57 states
[MARKOV] State=2311, last_dir=DOWN, p̂=0.560 (n=25)
[POLY] YES=0.505, NO=0.495
[SIGNAL] DOWN, p̂=0.560, q=0.505, Δ=0.055 → Low Vol (1.2859 < 5.3262)

✓ #26 p̂=0.560, Signal=False
⏰ Next: 05:07:52
---
=== Tue May 26 05:07:53 UTC 2026 ===
BTC 5m Bot v3 - ATR+Vol Filter
MIN_PROB=0.87, ATR>0.8x avg, Vol>0.6x avg
Cycle 26/50

============================================================
Cycle #27 | 05:07:53 UTC
[BTC] 1440 candles
[FILTER] ATR=49.53 (avg=59.00, threshold=47.20)
[FILTER] Vol=1.5993 (avg=8.8926, threshold=5.3356)
[BTC] Last streaks: [1, 2, 3, 1, 1]
[MARKOV] Filtered=927 candles, 57 states
[MARKOV] State=2311, last_dir=DOWN, p̂=0.560 (n=25)
[POLY] YES=0.505, NO=0.495
[SIGNAL] DOWN, p̂=0.560, q=0.505, Δ=0.055 → Low Vol (1.5993 < 5.3356)

✓ #27 p̂=0.560, Signal=False
⏰ Next: 05:09:16
---
=== Tue May 26 05:09:16 UTC 2026 ===
BTC 5m Bot v3 - ATR+Vol Filter
MIN_PROB=0.87, ATR>0.8x avg, Vol>0.6x avg
Cycle 27/50

============================================================
Cycle #28 | 05:09:16 UTC
[BTC] 1440 candles
[FILTER] ATR=52.16 (avg=59.13, threshold=47.30)
[FILTER] Vol=2.6723 (avg=8.9463, threshold=5.3678)
[BTC] Last streaks: [1, 2, 3, 1, 2]
[MARKOV] Filtered=924 candles, 57 states
[MARKOV] State=2312, last_dir=UP, p̂=0.581 (n=43)
[POLY] YES=0.505, NO=0.495
[SIGNAL] UP, p̂=0.581, q=0.495, Δ=0.086 → Low Vol (2.6723 < 5.3678)

✓ #28 p̂=0.581, Signal=False
⏰ Next: 05:10:39
---
=== Tue May 26 05:10:39 UTC 2026 ===
BTC 5m Bot v3 - ATR+Vol Filter
MIN_PROB=0.87, ATR>0.8x avg, Vol>0.6x avg
Cycle 28/50

============================================================
Cycle #29 | 05:10:40 UTC
[BTC] 1440 candles
[FILTER] ATR=47.04 (avg=57.54, threshold=46.03)
[FILTER] Vol=0.4859 (avg=8.1790, threshold=4.9074)
[BTC] Last streaks: [2, 3, 1, 2, 3]
[MARKOV] Filtered=974 candles, 57 states
[MARKOV] State=3123, last_dir=UP, p̂=0.455 (n=22)
[POLY] YES=0.515, NO=0.485
[SIGNAL] UP, p̂=0.455, q=0.485, Δ=-0.030 → Low Vol (0.4859 < 4.9074)

✓ #29 p̂=0.455, Signal=False
⏰ Next: 05:12:03
---
=== Tue May 26 05:12:03 UTC 2026 ===
BTC 5m Bot v3 - ATR+Vol Filter
MIN_PROB=0.87, ATR>0.8x avg, Vol>0.6x avg
Cycle 29/50

============================================================
Cycle #30 | 05:12:03 UTC
[BTC] 1440 candles
[FILTER] ATR=47.04 (avg=57.54, threshold=46.03)
[FILTER] Vol=0.6288 (avg=8.1861, threshold=4.9117)
[BTC] Last streaks: [2, 3, 1, 2, 3]
[MARKOV] Filtered=974 candles, 57 states
[MARKOV] State=3123, last_dir=UP, p̂=0.455 (n=22)
[POLY] YES=0.505, NO=0.495
[SIGNAL] UP, p̂=0.455, q=0.495, Δ=-0.040 → Low Vol (0.6288 < 4.9117)

✓ #30 p̂=0.455, Signal=False
⏰ Next: 05:13:26
---
=== Tue May 26 05:13:26 UTC 2026 ===
BTC 5m Bot v3 - ATR+Vol Filter
MIN_PROB=0.87, ATR>0.8x avg, Vol>0.6x avg
Cycle 30/50

============================================================
Cycle #31 | 05:13:27 UTC
[BTC] 1440 candles
[FILTER] ATR=51.25 (avg=57.75, threshold=46.20)
[FILTER] Vol=4.9729 (avg=8.4034, threshold=5.0420)
[BTC] Last streaks: [2, 3, 1, 2, 3]
[MARKOV] Filtered=956 candles, 57 states
[MARKOV] State=3123, last_dir=UP, p̂=0.476 (n=21)
[POLY] YES=0.505, NO=0.495
[SIGNAL] UP, p̂=0.476, q=0.495, Δ=-0.019 → Low Vol (4.9729 < 5.0420)

✓ #31 p̂=0.476, Signal=False
⏰ Next: 05:14:50
---
=== Tue May 26 05:14:50 UTC 2026 ===
BTC 5m Bot v3 - ATR+Vol Filter
MIN_PROB=0.87, ATR>0.8x avg, Vol>0.6x avg
Cycle 31/50

============================================================
Cycle #32 | 05:14:50 UTC
[BTC] 1440 candles
[FILTER] ATR=51.65 (avg=57.77, threshold=46.21)
[FILTER] Vol=14.1953 (avg=8.8645, threshold=5.3187)
[BTC] Last streaks: [2, 3, 1, 2, 3]
[MARKOV] Filtered=933 candles, 57 states
[MARKOV] State=3123, last_dir=UP, p̂=0.476 (n=21)
[POLY] YES=0.505, NO=0.495
[SIGNAL] UP, p̂=0.476, q=0.495, Δ=-0.019 → p̂ 0.476 < 0.87

✓ #32 p̂=0.476, Signal=False
⏰ Next: 05:16:13
---
=== Tue May 26 05:16:13 UTC 2026 ===
BTC 5m Bot v3 - ATR+Vol Filter
MIN_PROB=0.87, ATR>0.8x avg, Vol>0.6x avg
Cycle 32/50

============================================================
Cycle #33 | 05:16:14 UTC
[BTC] 1440 candles
[FILTER] ATR=50.88 (avg=56.44, threshold=45.15)
[FILTER] Vol=0.6371 (avg=8.2671, threshold=4.9603)
[BTC] Last streaks: [3, 1, 2, 3, 4]
[MARKOV] Filtered=976 candles, 57 states
[MARKOV] State=1234, last_dir=UP, p̂=0.451 (n=51)
[POLY] YES=0.505, NO=0.495
[SIGNAL] UP, p̂=0.451, q=0.495, Δ=-0.044 → Low Vol (0.6371 < 4.9603)

✓ #33 p̂=0.451, Signal=False
⏰ Next: 05:17:37
---
=== Tue May 26 05:17:37 UTC 2026 ===
BTC 5m Bot v3 - ATR+Vol Filter
MIN_PROB=0.87, ATR>0.8x avg, Vol>0.6x avg
Cycle 33/50

============================================================
Cycle #34 | 05:17:37 UTC
[BTC] 1440 candles
[FILTER] ATR=52.31 (avg=56.51, threshold=45.21)
[FILTER] Vol=10.3059 (avg=8.7505, threshold=5.2503)
[BTC] Last streaks: [3, 1, 2, 3, 4]
[MARKOV] Filtered=947 candles, 57 states
[MARKOV] State=1234, last_dir=UP, p̂=0.440 (n=50)
[POLY] YES=0.505, NO=0.495
[SIGNAL] UP, p̂=0.440, q=0.495, Δ=-0.055 → p̂ 0.440 < 0.87

✓ #34 p̂=0.440, Signal=False
⏰ Next: 05:19:00
---
=== Tue May 26 05:19:00 UTC 2026 ===
BTC 5m Bot v3 - ATR+Vol Filter
MIN_PROB=0.87, ATR>0.8x avg, Vol>0.6x avg
Cycle 34/50

============================================================
Cycle #35 | 05:19:01 UTC
[BTC] 1440 candles
[FILTER] ATR=52.31 (avg=56.51, threshold=45.21)
[FILTER] Vol=10.4875 (avg=8.7596, threshold=5.2558)
[BTC] Last streaks: [3, 1, 2, 3, 4]
[MARKOV] Filtered=946 candles, 57 states
[MARKOV] State=1234, last_dir=UP, p̂=0.440 (n=50)
[POLY] YES=0.505, NO=0.495
[SIGNAL] UP, p̂=0.440, q=0.495, Δ=-0.055 → p̂ 0.440 < 0.87

✓ #35 p̂=0.440, Signal=False
⏰ Next: 05:20:24
---
=== Tue May 26 05:20:24 UTC 2026 ===
BTC 5m Bot v3 - ATR+Vol Filter
MIN_PROB=0.87, ATR>0.8x avg, Vol>0.6x avg
Cycle 35/50

============================================================
Cycle #36 | 05:20:24 UTC
[BTC] 1440 candles
[FILTER] ATR=50.49 (avg=55.22, threshold=44.17)
[FILTER] Vol=3.6043 (avg=8.8879, threshold=5.3328)
[BTC] Last streaks: [1, 2, 3, 4, 5]
[MARKOV] Filtered=945 candles, 57 states
[MARKOV] State=2345, last_dir=UP, p̂=0.538 (n=26)
[POLY] YES=0.505, NO=0.495
[SIGNAL] UP, p̂=0.538, q=0.495, Δ=0.043 → Low Vol (3.6043 < 5.3328)

✓ #36 p̂=0.538, Signal=False
⏰ Next: 05:21:47
---
=== Tue May 26 05:21:48 UTC 2026 ===
BTC 5m Bot v3 - ATR+Vol Filter
MIN_PROB=0.87, ATR>0.8x avg, Vol>0.6x avg
Cycle 36/50

============================================================
Cycle #37 | 05:21:48 UTC
[BTC] 1440 candles
[FILTER] ATR=52.04 (avg=55.30, threshold=44.24)
[FILTER] Vol=10.5645 (avg=9.2359, threshold=5.5416)
[BTC] Last streaks: [1, 2, 3, 4, 5]
[MARKOV] Filtered=930 candles, 57 states
[MARKOV] State=2345, last_dir=UP, p̂=0.538 (n=26)
[POLY] YES=0.505, NO=0.495
[SIGNAL] UP, p̂=0.538, q=0.495, Δ=0.043 → p̂ 0.538 < 0.87

✓ #37 p̂=0.538, Signal=False
⏰ Next: 05:23:11
---
=== Tue May 26 05:23:11 UTC 2026 ===
BTC 5m Bot v3 - ATR+Vol Filter
MIN_PROB=0.87, ATR>0.8x avg, Vol>0.6x avg
Cycle 37/50

============================================================
Cycle #38 | 05:23:11 UTC
[BTC] 1440 candles
[FILTER] ATR=52.04 (avg=55.30, threshold=44.24)
[FILTER] Vol=10.9409 (avg=9.2547, threshold=5.5528)
[BTC] Last streaks: [1, 2, 3, 4, 5]
[MARKOV] Filtered=928 candles, 57 states
[MARKOV] State=2345, last_dir=UP, p̂=0.538 (n=26)
[POLY] YES=0.505, NO=0.495
[SIGNAL] UP, p̂=0.538, q=0.495, Δ=0.043 → p̂ 0.538 < 0.87

✓ #38 p̂=0.538, Signal=False
⏰ Next: 05:24:34
---
=== Tue May 26 05:24:34 UTC 2026 ===
BTC 5m Bot v3 - ATR+Vol Filter
MIN_PROB=0.87, ATR>0.8x avg, Vol>0.6x avg
Cycle 38/50

============================================================
Cycle #39 | 05:24:35 UTC
[BTC] 1440 candles
[FILTER] ATR=52.06 (avg=55.30, threshold=44.24)
[FILTER] Vol=15.9252 (avg=9.5040, threshold=5.7024)
[BTC] Last streaks: [1, 2, 3, 4, 5]
[MARKOV] Filtered=913 candles, 57 states
[MARKOV] State=2345, last_dir=UP, p̂=0.538 (n=26)
[POLY] YES=0.505, NO=0.495
[SIGNAL] UP, p̂=0.538, q=0.495, Δ=0.043 → p̂ 0.538 < 0.87

✓ #39 p̂=0.538, Signal=False
⏰ Next: 05:25:58
---
=== Tue May 26 05:25:58 UTC 2026 ===
BTC 5m Bot v3 - ATR+Vol Filter
MIN_PROB=0.87, ATR>0.8x avg, Vol>0.6x avg
Cycle 39/50

============================================================
Cycle #40 | 05:25:58 UTC
[BTC] 1440 candles
[FILTER] ATR=48.58 (avg=54.05, threshold=43.24)
[FILTER] Vol=1.4607 (avg=9.4005, threshold=5.6403)
[BTC] Last streaks: [2, 3, 4, 5, 1]
[MARKOV] Filtered=925 candles, 57 states
[MARKOV] State=3451, last_dir=DOWN, p̂=0.769 (n=13)
[POLY] YES=0.505, NO=0.495
[SIGNAL] DOWN, p̂=0.769, q=0.505, Δ=0.264 → Low Vol (1.4607 < 5.6403)

✓ #40 p̂=0.769, Signal=False
⏰ Next: 05:27:21
---
=== Tue May 26 05:27:21 UTC 2026 ===
BTC 5m Bot v3 - ATR+Vol Filter
MIN_PROB=0.87, ATR>0.8x avg, Vol>0.6x avg
Cycle 40/50

============================================================
Cycle #41 | 05:27:22 UTC
[BTC] 1440 candles
[FILTER] ATR=48.69 (avg=54.06, threshold=43.25)
[FILTER] Vol=4.5917 (avg=9.5570, threshold=5.7342)
[BTC] Last streaks: [2, 3, 4, 5, 6]
[MARKOV] Filtered=916 candles, 57 states
[MARKOV] State=3456, last_dir=UP, p̂=0.500 (n=10)
[POLY] YES=0.505, NO=0.495
[SIGNAL] UP, p̂=0.500, q=0.495, Δ=0.005 → Low Vol (4.5917 < 5.7342)

✓ #41 p̂=0.500, Signal=False
⏰ Next: 05:28:45
---
=== Tue May 26 05:28:45 UTC 2026 ===
BTC 5m Bot v3 - ATR+Vol Filter
MIN_PROB=0.87, ATR>0.8x avg, Vol>0.6x avg
Cycle 41/50

============================================================
Cycle #42 | 05:28:45 UTC
[BTC] 1440 candles
[FILTER] ATR=48.88 (avg=54.07, threshold=43.25)
[FILTER] Vol=7.0614 (avg=9.6805, threshold=5.8083)
[BTC] Last streaks: [2, 3, 4, 5, 1]
[MARKOV] Filtered=905 candles, 57 states
[MARKOV] State=3451, last_dir=DOWN, p̂=0.769 (n=13)
[POLY] YES=0.505, NO=0.495
[SIGNAL] DOWN, p̂=0.769, q=0.505, Δ=0.264 → p̂ 0.769 < 0.87

✓ #42 p̂=0.769, Signal=False
⏰ Next: 05:30:08
---
=== Tue May 26 05:30:08 UTC 2026 ===
BTC 5m Bot v3 - ATR+Vol Filter
MIN_PROB=0.87, ATR>0.8x avg, Vol>0.6x avg
Cycle 42/50

============================================================
Cycle #43 | 05:30:08 UTC
[BTC] 1440 candles
[FILTER] ATR=45.41 (avg=52.88, threshold=42.30)
[FILTER] Vol=8.5309 (avg=10.1253, threshold=6.0752)
[BTC] Last streaks: [3, 4, 5, 6, 7]
[MARKOV] Filtered=884 candles, 56 states
[MARKOV] State=4567, last_dir=UP, p̂=0.400 (n=5)
[POLY] YES=0.505, NO=0.495
[SIGNAL] UP, p̂=0.400, q=0.495, Δ=-0.095 → p̂ 0.400 < 0.87

✓ #43 p̂=0.400, Signal=False
⏰ Next: 05:31:32
---
=== Tue May 26 05:31:32 UTC 2026 ===
BTC 5m Bot v3 - ATR+Vol Filter
MIN_PROB=0.87, ATR>0.8x avg, Vol>0.6x avg
Cycle 43/50

============================================================
Cycle #44 | 05:31:32 UTC
[BTC] 1440 candles
[FILTER] ATR=45.41 (avg=52.88, threshold=42.30)
[FILTER] Vol=9.8101 (avg=10.1893, threshold=6.1136)
[BTC] Last streaks: [3, 4, 5, 6, 7]
[MARKOV] Filtered=882 candles, 56 states
[MARKOV] State=4567, last_dir=UP, p̂=0.400 (n=5)
[POLY] YES=0.505, NO=0.495
[SIGNAL] UP, p̂=0.400, q=0.495, Δ=-0.095 → p̂ 0.400 < 0.87

✓ #44 p̂=0.400, Signal=False
⏰ Next: 05:32:55
---
=== Tue May 26 05:32:55 UTC 2026 ===
BTC 5m Bot v3 - ATR+Vol Filter
MIN_PROB=0.87, ATR>0.8x avg, Vol>0.6x avg
Cycle 44/50

============================================================
Cycle #45 | 05:32:55 UTC
[BTC] 1440 candles
[FILTER] ATR=45.81 (avg=52.90, threshold=42.32)
[FILTER] Vol=13.1627 (avg=10.3569, threshold=6.2141)
[BTC] Last streaks: [3, 4, 5, 6, 7]
[MARKOV] Filtered=879 candles, 56 states
[MARKOV] State=4567, last_dir=UP, p̂=0.400 (n=5)
[POLY] YES=0.505, NO=0.495
[SIGNAL] UP, p̂=0.400, q=0.495, Δ=-0.095 → p̂ 0.400 < 0.87

✓ #45 p̂=0.400, Signal=False
⏰ Next: 05:34:19
---
=== Tue May 26 05:34:19 UTC 2026 ===
BTC 5m Bot v3 - ATR+Vol Filter
MIN_PROB=0.87, ATR>0.8x avg, Vol>0.6x avg
Cycle 45/50

============================================================
Cycle #46 | 05:34:19 UTC
[BTC] 1440 candles
[FILTER] ATR=46.36 (avg=52.92, threshold=42.34)
[FILTER] Vol=18.7871 (avg=10.6381, threshold=6.3829)
[BTC] Last streaks: [3, 4, 5, 6, 7]
[MARKOV] Filtered=863 candles, 56 states
[MARKOV] State=4567, last_dir=UP, p̂=0.400 (n=5)
[POLY] YES=0.505, NO=0.495
[SIGNAL] UP, p̂=0.400, q=0.495, Δ=-0.095 → p̂ 0.400 < 0.87

✓ #46 p̂=0.400, Signal=False
⏰ Next: 05:35:42
---
=== Tue May 26 05:35:42 UTC 2026 ===
BTC 5m Bot v3 - ATR+Vol Filter
MIN_PROB=0.87, ATR>0.8x avg, Vol>0.6x avg
Cycle 46/50

============================================================
Cycle #47 | 05:35:42 UTC
[BTC] 1440 candles
[FILTER] ATR=46.75 (avg=52.24, threshold=41.79)
[FILTER] Vol=11.0130 (avg=11.0842, threshold=6.6505)
[BTC] Last streaks: [4, 5, 6, 7, 8]
[MARKOV] Filtered=842 candles, 56 states
[MARKOV] State=5678, last_dir=UP, p̂=0.500 (n=2)
[POLY] YES=0.505, NO=0.495
[SIGNAL] UP, p̂=0.500, q=0.495, Δ=0.005 → p̂ 0.500 < 0.87

✓ #47 p̂=0.500, Signal=False
⏰ Next: 05:37:06
---
=== Tue May 26 05:37:06 UTC 2026 ===
BTC 5m Bot v3 - ATR+Vol Filter
MIN_PROB=0.87, ATR>0.8x avg, Vol>0.6x avg
Cycle 47/50

============================================================
Cycle #48 | 05:37:06 UTC
[BTC] 1440 candles
[FILTER] ATR=46.75 (avg=52.24, threshold=41.79)
[FILTER] Vol=19.0295 (avg=11.4850, threshold=6.8910)
[BTC] Last streaks: [4, 5, 6, 7, 8]
[MARKOV] Filtered=821 candles, 56 states
[MARKOV] State=5678, last_dir=UP, p̂=0.500 (n=2)
[POLY] YES=0.505, NO=0.495
[SIGNAL] UP, p̂=0.500, q=0.495, Δ=0.005 → p̂ 0.500 < 0.87

✓ #48 p̂=0.500, Signal=False
⏰ Next: 05:38:29
---
=== Tue May 26 05:38:29 UTC 2026 ===
BTC 5m Bot v3 - ATR+Vol Filter
MIN_PROB=0.87, ATR>0.8x avg, Vol>0.6x avg
Cycle 48/50

============================================================
Cycle #49 | 05:38:29 UTC
[BTC] 1440 candles
[FILTER] ATR=46.75 (avg=52.24, threshold=41.79)
[FILTER] Vol=27.2001 (avg=11.8935, threshold=7.1361)
[BTC] Last streaks: [4, 5, 6, 7, 8]
[MARKOV] Filtered=801 candles, 56 states
[MARKOV] State=5678, last_dir=UP, p̂=0.500 (n=2)
[POLY] YES=0.505, NO=0.495
[SIGNAL] UP, p̂=0.500, q=0.495, Δ=0.005 → p̂ 0.500 < 0.87

✓ #49 p̂=0.500, Signal=False
⏰ Next: 05:39:53
---
=== Tue May 26 05:39:53 UTC 2026 ===
BTC 5m Bot v3 - ATR+Vol Filter
MIN_PROB=0.87, ATR>0.8x avg, Vol>0.6x avg
Cycle 49/50

============================================================
Cycle #50 | 05:39:53 UTC
[BTC] 1440 candles
[FILTER] ATR=46.75 (avg=52.24, threshold=41.79)
[FILTER] Vol=30.0335 (avg=12.0352, threshold=7.2211)
[BTC] Last streaks: [4, 5, 6, 7, 8]
[MARKOV] Filtered=798 candles, 56 states
[MARKOV] State=5678, last_dir=UP, p̂=0.500 (n=2)
[POLY] YES=0.505, NO=0.495
[SIGNAL] UP, p̂=0.500, q=0.495, Δ=0.005 → p̂ 0.500 < 0.87

🌙 NIGHTLY REVIEW after 50 cycles
[REVIEW] max p̂=0.778, avg=0.521, MIN_PROB=0.87

✓ #50 p̂=0.500, Signal=False
⏰ Next: 05:41:17
---
=== Tue May 26 05:41:17 UTC 2026 ===
BTC 5m Bot v3 - ATR+Vol Filter
MIN_PROB=0.87, ATR>0.8x avg, Vol>0.6x avg
Cycle 50/50

============================================================
Cycle #51 | 05:41:17 UTC
[BTC] 1440 candles
[FILTER] ATR=47.50 (avg=51.48, threshold=41.18)
[FILTER] Vol=6.1088 (avg=11.9326, threshold=7.1596)
[BTC] Last streaks: [5, 6, 7, 8, 1]
[MARKOV] Filtered=800 candles, 56 states
[MARKOV] State=6781, last_dir=DOWN, p̂=0.500 (n=0)
[POLY] YES=0.505, NO=0.495
[SIGNAL] DOWN, p̂=0.500, q=0.505, Δ=-0.005 → Low Vol (6.1088 < 7.1596)

✓ #51 p̂=0.500, Signal=False
⏰ Next: 05:42:40
---
=== Tue May 26 05:42:40 UTC 2026 ===
BTC 5m Bot v3 - ATR+Vol Filter
MIN_PROB=0.87, ATR>0.8x avg, Vol>0.6x avg
Cycle 51/50

============================================================
Cycle #52 | 05:42:40 UTC
[BTC] 1440 candles
[FILTER] ATR=47.50 (avg=51.48, threshold=41.18)
[FILTER] Vol=6.6901 (avg=11.9617, threshold=7.1770)
[BTC] Last streaks: [5, 6, 7, 8, 1]
[MARKOV] Filtered=800 candles, 56 states
[MARKOV] State=6781, last_dir=DOWN, p̂=0.500 (n=0)
[POLY] YES=0.505, NO=0.495
[SIGNAL] DOWN, p̂=0.500, q=0.505, Δ=-0.005 → Low Vol (6.6901 < 7.1770)

✓ #52 p̂=0.500, Signal=False
⏰ Next: 05:44:04
---
=== Tue May 26 05:44:04 UTC 2026 ===
BTC 5m Bot v3 - ATR+Vol Filter
MIN_PROB=0.87, ATR>0.8x avg, Vol>0.6x avg
Cycle 52/50

============================================================
Cycle #53 | 05:44:04 UTC
[BTC] 1440 candles
[FILTER] ATR=47.50 (avg=51.48, threshold=41.18)
[FILTER] Vol=7.6696 (avg=12.0107, threshold=7.2064)
[BTC] Last streaks: [5, 6, 7, 8, 1]
[MARKOV] Filtered=799 candles, 56 states
[MARKOV] State=6781, last_dir=DOWN, p̂=0.500 (n=0)
[POLY] YES=0.505, NO=0.495
[SIGNAL] DOWN, p̂=0.500, q=0.505, Δ=-0.005 → p̂ 0.500 < 0.87

✓ #53 p̂=0.500, Signal=False
⏰ Next: 05:45:27
---
=== Tue May 26 05:45:27 UTC 2026 ===
BTC 5m Bot v3 - ATR+Vol Filter
MIN_PROB=0.87, ATR>0.8x avg, Vol>0.6x avg
Cycle 53/50

============================================================
Cycle #54 | 05:45:27 UTC
[BTC] 1440 candles
[FILTER] ATR=47.31 (avg=50.81, threshold=40.65)
[FILTER] Vol=0.1445 (avg=11.5613, threshold=6.9368)
[BTC] Last streaks: [6, 7, 8, 1, 2]
[MARKOV] Filtered=822 candles, 56 states
[MARKOV] State=7812, last_dir=DOWN, p̂=0.500 (n=0)
[POLY] YES=0.505, NO=0.495
[SIGNAL] DOWN, p̂=0.500, q=0.505, Δ=-0.005 → Low Vol (0.1445 < 6.9368)

✓ #54 p̂=0.500, Signal=False
⏰ Next: 05:46:51
---
=== Tue May 26 05:46:51 UTC 2026 ===
BTC 5m Bot v3 - ATR+Vol Filter
MIN_PROB=0.87, ATR>0.8x avg, Vol>0.6x avg
Cycle 54/50

============================================================
Cycle #55 | 05:46:51 UTC
[BTC] 1440 candles
[FILTER] ATR=47.33 (avg=50.81, threshold=40.65)
[FILTER] Vol=1.2252 (avg=11.6154, threshold=6.9692)
[BTC] Last streaks: [6, 7, 8, 1, 2]
[MARKOV] Filtered=819 candles, 56 states
[MARKOV] State=7812, last_dir=DOWN, p̂=0.500 (n=0)
[POLY] YES=0.505, NO=0.495
[SIGNAL] DOWN, p̂=0.500, q=0.505, Δ=-0.005 → Low Vol (1.2252 < 6.9692)

✓ #55 p̂=0.500, Signal=False
⏰ Next: 05:48:14
---
=== Tue May 26 05:48:14 UTC 2026 ===
BTC 5m Bot v3 - ATR+Vol Filter
MIN_PROB=0.87, ATR>0.8x avg, Vol>0.6x avg
Cycle 55/50

============================================================
Cycle #56 | 05:48:14 UTC
[BTC] 1440 candles
[FILTER] ATR=47.72 (avg=50.83, threshold=40.67)
[FILTER] Vol=2.5449 (avg=11.6814, threshold=7.0088)
[BTC] Last streaks: [6, 7, 8, 1, 2]
[MARKOV] Filtered=818 candles, 56 states
[MARKOV] State=7812, last_dir=DOWN, p̂=0.500 (n=0)
[POLY] YES=0.505, NO=0.495
[SIGNAL] DOWN, p̂=0.500, q=0.505, Δ=-0.005 → Low Vol (2.5449 < 7.0088)

✓ #56 p̂=0.500, Signal=False
⏰ Next: 05:49:38
---
=== Tue May 26 05:49:38 UTC 2026 ===
BTC 5m Bot v3 - ATR+Vol Filter
MIN_PROB=0.87, ATR>0.8x avg, Vol>0.6x avg
Cycle 56/50

============================================================
Cycle #57 | 05:49:38 UTC
[BTC] 1440 candles
[FILTER] ATR=47.72 (avg=50.83, threshold=40.67)
[FILTER] Vol=2.8891 (avg=11.6986, threshold=7.0191)
[BTC] Last streaks: [6, 7, 8, 1, 2]
[MARKOV] Filtered=816 candles, 56 states
[MARKOV] State=7812, last_dir=DOWN, p̂=0.500 (n=0)
[POLY] YES=0.505, NO=0.495
[SIGNAL] DOWN, p̂=0.500, q=0.505, Δ=-0.005 → Low Vol (2.8891 < 7.0191)

✓ #57 p̂=0.500, Signal=False
⏰ Next: 05:51:01
---
=== Tue May 26 05:51:01 UTC 2026 ===
BTC 5m Bot v3 - ATR+Vol Filter
MIN_PROB=0.87, ATR>0.8x avg, Vol>0.6x avg
Cycle 57/50

============================================================
Cycle #58 | 05:51:01 UTC
[BTC] 1440 candles
[FILTER] ATR=45.90 (avg=50.17, threshold=40.13)
[FILTER] Vol=0.2303 (avg=11.2743, threshold=6.7646)
[BTC] Last streaks: [7, 8, 1, 2, 1]
[MARKOV] Filtered=839 candles, 56 states
[MARKOV] State=8121, last_dir=UP, p̂=0.500 (n=0)
[POLY] YES=0.505, NO=0.495
[SIGNAL] UP, p̂=0.500, q=0.495, Δ=0.005 → Low Vol (0.2303 < 6.7646)

✓ #58 p̂=0.500, Signal=False
⏰ Next: 05:52:24
---
=== Tue May 26 05:52:25 UTC 2026 ===
BTC 5m Bot v3 - ATR+Vol Filter
MIN_PROB=0.87, ATR>0.8x avg, Vol>0.6x avg
Cycle 58/50

============================================================
Cycle #59 | 05:52:25 UTC
[BTC] 1440 candles
[FILTER] ATR=47.01 (avg=50.22, threshold=40.18)
[FILTER] Vol=0.6419 (avg=11.2949, threshold=6.7769)
[BTC] Last streaks: [7, 8, 1, 2, 3]
[MARKOV] Filtered=839 candles, 56 states
[MARKOV] State=8123, last_dir=DOWN, p̂=0.500 (n=0)
[POLY] YES=0.505, NO=0.495
[SIGNAL] DOWN, p̂=0.500, q=0.505, Δ=-0.005 → Low Vol (0.6419 < 6.7769)

✓ #59 p̂=0.500, Signal=False
⏰ Next: 05:53:48
---
=== Tue May 26 05:53:48 UTC 2026 ===
BTC 5m Bot v3 - ATR+Vol Filter
MIN_PROB=0.87, ATR>0.8x avg, Vol>0.6x avg
Cycle 59/50

============================================================
Cycle #60 | 05:53:48 UTC
[BTC] 1440 candles
[FILTER] ATR=48.41 (avg=50.29, threshold=40.23)
[FILTER] Vol=1.7904 (avg=11.3523, threshold=6.8114)
[BTC] Last streaks: [7, 8, 1, 2, 3]
[MARKOV] Filtered=833 candles, 56 states
[MARKOV] State=8123, last_dir=DOWN, p̂=0.500 (n=0)
[POLY] YES=0.505, NO=0.495
[SIGNAL] DOWN, p̂=0.500, q=0.505, Δ=-0.005 → Low Vol (1.7904 < 6.8114)

✓ #60 p̂=0.500, Signal=False
⏰ Next: 05:55:11
---
=== Tue May 26 05:55:14 UTC 2026 ===
BTC 5m Bot v3 - ATR+Vol Filter
MIN_PROB=0.87, ATR>0.8x avg, Vol>0.6x avg
Cycle 0/50

============================================================
Cycle #1 | 05:55:14 UTC
[BTC] 1440 candles
[FILTER] ATR=48.09 (avg=49.78, threshold=39.83)
[FILTER] Vol=0.5034 (avg=10.8359, threshold=6.5015)
[BTC] Last streaks: [8, 1, 2, 3, 1]
[MARKOV] Filtered=859 candles, 56 states
[MARKOV] State=1231, last_dir=UP, p̂=0.417 (n=60)
[POLY] YES=0.505, NO=0.495
[SIGNAL] UP, p̂=0.417, q=0.495, Δ=-0.078 → Low Vol (0.5034 < 6.5015)

✓ #1 p̂=0.417, Signal=False
⏰ Next: 05:56:37
---
=== Tue May 26 05:56:37 UTC 2026 ===
BTC 5m Bot v3 - ATR+Vol Filter
MIN_PROB=0.87, ATR>0.8x avg, Vol>0.6x avg
Cycle 1/50

============================================================
Cycle #2 | 05:56:37 UTC
[BTC] 1440 candles
[FILTER] ATR=49.55 (avg=49.85, threshold=39.88)
[FILTER] Vol=1.5654 (avg=10.8890, threshold=6.5334)
[BTC] Last streaks: [8, 1, 2, 3, 1]
[MARKOV] Filtered=858 candles, 56 states
[MARKOV] State=1231, last_dir=UP, p̂=0.417 (n=60)
[POLY] YES=0.505, NO=0.495
[SIGNAL] UP, p̂=0.417, q=0.495, Δ=-0.078 → Low Vol (1.5654 < 6.5334)

✓ #2 p̂=0.417, Signal=False
⏰ Next: 05:58:01
---
=== Tue May 26 05:58:01 UTC 2026 ===
BTC 5m Bot v3 - ATR+Vol Filter
MIN_PROB=0.87, ATR>0.8x avg, Vol>0.6x avg
Cycle 2/50

============================================================
Cycle #3 | 05:58:01 UTC
[BTC] 1440 candles
[FILTER] ATR=50.16 (avg=49.89, threshold=39.91)
[FILTER] Vol=1.7947 (avg=10.9005, threshold=6.5403)
[BTC] Last streaks: [8, 1, 2, 3, 1]
[MARKOV] Filtered=858 candles, 56 states
[MARKOV] State=1231, last_dir=UP, p̂=0.417 (n=60)
[POLY] YES=0.505, NO=0.495
[SIGNAL] UP, p̂=0.417, q=0.495, Δ=-0.078 → Low Vol (1.7947 < 6.5403)

✓ #3 p̂=0.417, Signal=False
⏰ Next: 05:59:24
---
=== Tue May 26 05:59:24 UTC 2026 ===
BTC 5m Bot v3 - ATR+Vol Filter
MIN_PROB=0.87, ATR>0.8x avg, Vol>0.6x avg
Cycle 3/50

============================================================
Cycle #4 | 05:59:25 UTC
[BTC] 1440 candles
[FILTER] ATR=50.50 (avg=49.90, threshold=39.92)
[FILTER] Vol=9.7231 (avg=11.2969, threshold=6.7781)
[BTC] Last streaks: [8, 1, 2, 3, 1]
[MARKOV] Filtered=838 candles, 56 states
[MARKOV] State=1231, last_dir=UP, p̂=0.424 (n=59)
[POLY] YES=0.505, NO=0.495
[SIGNAL] UP, p̂=0.424, q=0.495, Δ=-0.071 → p̂ 0.424 < 0.87

✓ #4 p̂=0.424, Signal=False
⏰ Next: 06:00:48
---
=== Tue May 26 06:00:48 UTC 2026 ===
BTC 5m Bot v3 - ATR+Vol Filter
MIN_PROB=0.87, ATR>0.8x avg, Vol>0.6x avg
Cycle 4/50

============================================================
Cycle #5 | 06:00:48 UTC
[BTC] 1440 candles
[FILTER] ATR=54.74 (avg=49.85, threshold=39.88)
[FILTER] Vol=0.2694 (avg=10.7942, threshold=6.4765)
[BTC] Last streaks: [1, 2, 3, 1, 1]
[MARKOV] Filtered=864 candles, 57 states
[MARKOV] State=2311, last_dir=DOWN, p̂=0.609 (n=23)
[POLY] YES=0.505, NO=0.495
[SIGNAL] DOWN, p̂=0.609, q=0.505, Δ=0.104 → Low Vol (0.2694 < 6.4765)

✓ #5 p̂=0.609, Signal=False
⏰ Next: 06:02:11
---
=== Tue May 26 06:02:11 UTC 2026 ===
BTC 5m Bot v3 - ATR+Vol Filter
MIN_PROB=0.87, ATR>0.8x avg, Vol>0.6x avg
Cycle 5/50

============================================================
Cycle #6 | 06:02:11 UTC
[BTC] 1440 candles
[FILTER] ATR=57.41 (avg=49.98, threshold=39.98)
[FILTER] Vol=4.4168 (avg=11.0016, threshold=6.6009)
[BTC] Last streaks: [1, 2, 3, 1, 1]
[MARKOV] Filtered=854 candles, 57 states
[MARKOV] State=2311, last_dir=DOWN, p̂=0.609 (n=23)
[POLY] YES=0.505, NO=0.495
[SIGNAL] DOWN, p̂=0.609, q=0.505, Δ=0.104 → Low Vol (4.4168 < 6.6009)

✓ #6 p̂=0.609, Signal=False
⏰ Next: 06:03:35
---
=== Tue May 26 06:03:35 UTC 2026 ===
BTC 5m Bot v3 - ATR+Vol Filter
MIN_PROB=0.87, ATR>0.8x avg, Vol>0.6x avg
Cycle 6/50

============================================================
Cycle #7 | 06:03:35 UTC
[BTC] 1440 candles
[FILTER] ATR=57.71 (avg=49.99, threshold=40.00)
[FILTER] Vol=13.9524 (avg=11.4783, threshold=6.8870)
[BTC] Last streaks: [1, 2, 3, 1, 1]
[MARKOV] Filtered=827 candles, 57 states
[MARKOV] State=2311, last_dir=DOWN, p̂=0.609 (n=23)
[POLY] YES=0.505, NO=0.495
[SIGNAL] DOWN, p̂=0.609, q=0.505, Δ=0.104 → p̂ 0.609 < 0.87

✓ #7 p̂=0.609, Signal=False
⏰ Next: 06:04:58
---
=== Tue May 26 06:04:58 UTC 2026 ===
BTC 5m Bot v3 - ATR+Vol Filter
MIN_PROB=0.87, ATR>0.8x avg, Vol>0.6x avg
Cycle 7/50

============================================================
Cycle #8 | 06:04:58 UTC
[BTC] 1440 candles
[FILTER] ATR=57.71 (avg=49.99, threshold=40.00)
[FILTER] Vol=14.7400 (avg=11.5177, threshold=6.9106)
[BTC] Last streaks: [1, 2, 3, 1, 1]
[MARKOV] Filtered=825 candles, 57 states
[MARKOV] State=2311, last_dir=DOWN, p̂=0.609 (n=23)
[POLY] YES=0.505, NO=0.495
[SIGNAL] DOWN, p̂=0.609, q=0.505, Δ=0.104 → p̂ 0.609 < 0.87

✓ #8 p̂=0.609, Signal=False
⏰ Next: 06:06:22
---
=== Tue May 26 06:06:22 UTC 2026 ===
BTC 5m Bot v3 - ATR+Vol Filter
MIN_PROB=0.87, ATR>0.8x avg, Vol>0.6x avg
Cycle 8/50

============================================================
Cycle #9 | 06:06:22 UTC
[BTC] 1440 candles
[FILTER] ATR=54.94 (avg=49.76, threshold=39.81)
[FILTER] Vol=0.8425 (avg=11.2643, threshold=6.7586)
[BTC] Last streaks: [2, 3, 1, 1, 1]
[MARKOV] Filtered=839 candles, 57 states
[MARKOV] State=3111, last_dir=UP, p̂=0.692 (n=13)
[POLY] YES=0.525, NO=0.475
[SIGNAL] UP, p̂=0.692, q=0.475, Δ=0.217 → Low Vol (0.8425 < 6.7586)

✓ #9 p̂=0.692, Signal=False
⏰ Next: 06:07:45
---
=== Tue May 26 06:07:45 UTC 2026 ===
BTC 5m Bot v3 - ATR+Vol Filter
MIN_PROB=0.87, ATR>0.8x avg, Vol>0.6x avg
Cycle 9/50

============================================================
Cycle #10 | 06:07:45 UTC
[BTC] 1440 candles
[FILTER] ATR=56.02 (avg=49.81, threshold=39.85)
[FILTER] Vol=1.5275 (avg=11.2985, threshold=6.7791)
[BTC] Last streaks: [2, 3, 1, 1, 1]
[MARKOV] Filtered=838 candles, 57 states
[MARKOV] State=3111, last_dir=UP, p̂=0.692 (n=13)
[POLY] YES=0.525, NO=0.475
[SIGNAL] UP, p̂=0.692, q=0.475, Δ=0.217 → Low Vol (1.5275 < 6.7791)

✓ #10 p̂=0.692, Signal=False
⏰ Next: 06:09:09
---
=== Tue May 26 06:09:09 UTC 2026 ===
BTC 5m Bot v3 - ATR+Vol Filter
MIN_PROB=0.87, ATR>0.8x avg, Vol>0.6x avg
Cycle 10/50

============================================================
Cycle #11 | 06:09:09 UTC
[BTC] 1440 candles
[FILTER] ATR=56.02 (avg=49.81, threshold=39.85)
[FILTER] Vol=1.9979 (avg=11.3220, threshold=6.7932)
[BTC] Last streaks: [2, 3, 1, 1, 1]
[MARKOV] Filtered=837 candles, 57 states
[MARKOV] State=3111, last_dir=UP, p̂=0.692 (n=13)
[POLY] YES=0.525, NO=0.475
[SIGNAL] UP, p̂=0.692, q=0.475, Δ=0.217 → Low Vol (1.9979 < 6.7932)

✓ #11 p̂=0.692, Signal=False
⏰ Next: 06:10:32
---
=== Tue May 26 06:10:32 UTC 2026 ===
BTC 5m Bot v3 - ATR+Vol Filter
MIN_PROB=0.87, ATR>0.8x avg, Vol>0.6x avg
Cycle 11/50

============================================================
Cycle #12 | 06:10:33 UTC
[BTC] 1440 candles
[FILTER] ATR=54.64 (avg=49.62, threshold=39.69)
[FILTER] Vol=0.2227 (avg=10.6681, threshold=6.4009)
[BTC] Last streaks: [3, 1, 1, 1, 1]
[MARKOV] Filtered=871 candles, 57 states
[MARKOV] State=1111, last_dir=DOWN, p̂=0.367 (n=60)
[POLY] YES=0.505, NO=0.495
[SIGNAL] DOWN, p̂=0.367, q=0.505, Δ=-0.138 → Low Vol (0.2227 < 6.4009)

✓ #12 p̂=0.367, Signal=False
⏰ Next: 06:11:56
---
=== Tue May 26 06:11:56 UTC 2026 ===
BTC 5m Bot v3 - ATR+Vol Filter
MIN_PROB=0.87, ATR>0.8x avg, Vol>0.6x avg
Cycle 12/50

============================================================
Cycle #13 | 06:11:56 UTC
[BTC] 1440 candles
[FILTER] ATR=56.23 (avg=49.70, threshold=39.76)
[FILTER] Vol=3.3051 (avg=10.8222, threshold=6.4933)
[BTC] Last streaks: [3, 1, 1, 1, 1]
[MARKOV] Filtered=860 candles, 57 states
[MARKOV] State=1111, last_dir=DOWN, p̂=0.367 (n=60)
[POLY] YES=0.505, NO=0.495
[SIGNAL] DOWN, p̂=0.367, q=0.505, Δ=-0.138 → Low Vol (3.3051 < 6.4933)

✓ #13 p̂=0.367, Signal=False
⏰ Next: 06:13:19
---
=== Tue May 26 06:13:19 UTC 2026 ===
BTC 5m Bot v3 - ATR+Vol Filter
MIN_PROB=0.87, ATR>0.8x avg, Vol>0.6x avg
Cycle 13/50

============================================================
Cycle #14 | 06:13:19 UTC
[BTC] 1440 candles
[FILTER] ATR=56.23 (avg=49.70, threshold=39.76)
[FILTER] Vol=3.6016 (avg=10.8371, threshold=6.5022)
[BTC] Last streaks: [3, 1, 1, 1, 1]
[MARKOV] Filtered=858 candles, 57 states
[MARKOV] State=1111, last_dir=DOWN, p̂=0.367 (n=60)
[POLY] YES=0.505, NO=0.495
[SIGNAL] DOWN, p̂=0.367, q=0.505, Δ=-0.138 → Low Vol (3.6016 < 6.5022)

✓ #14 p̂=0.367, Signal=False
⏰ Next: 06:14:43
---
=== Tue May 26 06:14:43 UTC 2026 ===
BTC 5m Bot v3 - ATR+Vol Filter
MIN_PROB=0.87, ATR>0.8x avg, Vol>0.6x avg
Cycle 14/50

============================================================
Cycle #15 | 06:14:43 UTC
[BTC] 1440 candles
[FILTER] ATR=56.23 (avg=49.70, threshold=39.76)
[FILTER] Vol=4.8148 (avg=10.8977, threshold=6.5386)
[BTC] Last streaks: [3, 1, 1, 1, 1]
[MARKOV] Filtered=857 candles, 57 states
[MARKOV] State=1111, last_dir=DOWN, p̂=0.367 (n=60)
[POLY] YES=0.505, NO=0.495
[SIGNAL] DOWN, p̂=0.367, q=0.505, Δ=-0.138 → Low Vol (4.8148 < 6.5386)

✓ #15 p̂=0.367, Signal=False
⏰ Next: 06:16:06
---
=== Tue May 26 06:16:06 UTC 2026 ===
BTC 5m Bot v3 - ATR+Vol Filter
MIN_PROB=0.87, ATR>0.8x avg, Vol>0.6x avg
Cycle 15/50

============================================================
Cycle #16 | 06:16:07 UTC
[BTC] 1440 candles
[FILTER] ATR=51.46 (avg=49.66, threshold=39.73)
[FILTER] Vol=0.3921 (avg=9.0837, threshold=5.4502)
[BTC] Last streaks: [1, 1, 1, 1, 2]
[MARKOV] Filtered=954 candles, 58 states
[MARKOV] State=1112, last_dir=DOWN, p̂=0.560 (n=75)
[POLY] YES=0.505, NO=0.495
[SIGNAL] DOWN, p̂=0.560, q=0.505, Δ=0.055 → Low Vol (0.3921 < 5.4502)

✓ #16 p̂=0.560, Signal=False
⏰ Next: 06:17:30
---
=== Tue May 26 06:17:30 UTC 2026 ===
BTC 5m Bot v3 - ATR+Vol Filter
MIN_PROB=0.87, ATR>0.8x avg, Vol>0.6x avg
Cycle 16/50

============================================================
Cycle #17 | 06:17:30 UTC
[BTC] 1440 candles
[FILTER] ATR=51.51 (avg=49.66, threshold=39.73)
[FILTER] Vol=1.1039 (avg=9.1193, threshold=5.4716)
[BTC] Last streaks: [1, 1, 1, 1, 1]
[MARKOV] Filtered=951 candles, 58 states
[MARKOV] State=1111, last_dir=UP, p̂=0.364 (n=66)
[POLY] YES=0.505, NO=0.495
[SIGNAL] UP, p̂=0.364, q=0.495, Δ=-0.131 → Low Vol (1.1039 < 5.4716)

✓ #17 p̂=0.364, Signal=False
⏰ Next: 06:18:53
---
=== Tue May 26 06:18:53 UTC 2026 ===
BTC 5m Bot v3 - ATR+Vol Filter
MIN_PROB=0.87, ATR>0.8x avg, Vol>0.6x avg
Cycle 17/50

============================================================
Cycle #18 | 06:18:54 UTC
[BTC] 1440 candles
[FILTER] ATR=52.99 (avg=49.73, threshold=39.79)
[FILTER] Vol=1.8218 (avg=9.1552, threshold=5.4931)
[BTC] Last streaks: [1, 1, 1, 1, 2]
[MARKOV] Filtered=951 candles, 58 states
[MARKOV] State=1112, last_dir=DOWN, p̂=0.554 (n=74)
[POLY] YES=0.505, NO=0.495
[SIGNAL] DOWN, p̂=0.554, q=0.505, Δ=0.049 → Low Vol (1.8218 < 5.4931)

✓ #18 p̂=0.554, Signal=False
⏰ Next: 06:20:17
---
=== Tue May 26 06:20:17 UTC 2026 ===
BTC 5m Bot v3 - ATR+Vol Filter
MIN_PROB=0.87, ATR>0.8x avg, Vol>0.6x avg
Cycle 18/50

============================================================
Cycle #19 | 06:20:17 UTC
[BTC] 1440 candles
[FILTER] ATR=48.39 (avg=49.87, threshold=39.89)
[FILTER] Vol=0.4855 (avg=8.9705, threshold=5.3823)
[BTC] Last streaks: [1, 1, 1, 2, 3]
[MARKOV] Filtered=959 candles, 58 states
[MARKOV] State=1123, last_dir=DOWN, p̂=0.554 (n=56)
[POLY] YES=0.505, NO=0.495
[SIGNAL] DOWN, p̂=0.554, q=0.505, Δ=0.049 → Low Vol (0.4855 < 5.3823)

✓ #19 p̂=0.554, Signal=False
⏰ Next: 06:21:40
---
=== Tue May 26 06:21:40 UTC 2026 ===
BTC 5m Bot v3 - ATR+Vol Filter
MIN_PROB=0.87, ATR>0.8x avg, Vol>0.6x avg
Cycle 19/50

============================================================
Cycle #20 | 06:21:41 UTC
[BTC] 1440 candles
[FILTER] ATR=49.69 (avg=49.93, threshold=39.94)
[FILTER] Vol=1.9575 (avg=9.0441, threshold=5.4265)
[BTC] Last streaks: [1, 1, 1, 2, 3]
[MARKOV] Filtered=954 candles, 58 states
[MARKOV] State=1123, last_dir=DOWN, p̂=0.554 (n=56)
[POLY] YES=0.505, NO=0.495
[SIGNAL] DOWN, p̂=0.554, q=0.505, Δ=0.049 → Low Vol (1.9575 < 5.4265)

✓ #20 p̂=0.554, Signal=False
⏰ Next: 06:23:04
---
=== Tue May 26 06:23:04 UTC 2026 ===
BTC 5m Bot v3 - ATR+Vol Filter
MIN_PROB=0.87, ATR>0.8x avg, Vol>0.6x avg
Cycle 20/50

============================================================
Cycle #21 | 06:23:04 UTC
[BTC] 1440 candles
[FILTER] ATR=49.93 (avg=49.94, threshold=39.95)
[FILTER] Vol=2.3751 (avg=9.0650, threshold=5.4390)
[BTC] Last streaks: [1, 1, 1, 2, 3]
[MARKOV] Filtered=953 candles, 58 states
[MARKOV] State=1123, last_dir=DOWN, p̂=0.554 (n=56)
[POLY] YES=0.505, NO=0.495
[SIGNAL] DOWN, p̂=0.554, q=0.505, Δ=0.049 → Low Vol (2.3751 < 5.4390)

✓ #21 p̂=0.554, Signal=False
⏰ Next: 06:24:27
---
=== Tue May 26 06:24:27 UTC 2026 ===
BTC 5m Bot v3 - ATR+Vol Filter
MIN_PROB=0.87, ATR>0.8x avg, Vol>0.6x avg
Cycle 21/50

============================================================
Cycle #22 | 06:24:28 UTC
[BTC] 1440 candles
[FILTER] ATR=50.21 (avg=49.96, threshold=39.97)
[FILTER] Vol=2.8148 (avg=9.0870, threshold=5.4522)
[BTC] Last streaks: [1, 1, 1, 2, 1]
[MARKOV] Filtered=953 candles, 58 states
[MARKOV] State=1121, last_dir=UP, p̂=0.604 (n=53)
[POLY] YES=0.505, NO=0.495
[SIGNAL] UP, p̂=0.604, q=0.495, Δ=0.109 → Low Vol (2.8148 < 5.4522)

✓ #22 p̂=0.604, Signal=False
⏰ Next: 06:25:51
---
=== Tue May 26 06:25:51 UTC 2026 ===
BTC 5m Bot v3 - ATR+Vol Filter
MIN_PROB=0.87, ATR>0.8x avg, Vol>0.6x avg
Cycle 22/50

============================================================
Cycle #23 | 06:25:51 UTC
[BTC] 1440 candles
[FILTER] ATR=49.44 (avg=50.26, threshold=40.20)
[FILTER] Vol=2.8025 (avg=9.0408, threshold=5.4245)
[BTC] Last streaks: [1, 1, 2, 1, 2]
[MARKOV] Filtered=954 candles, 58 states
[MARKOV] State=1212, last_dir=UP, p̂=0.607 (n=56)
[POLY] YES=0.505, NO=0.495
[SIGNAL] UP, p̂=0.607, q=0.495, Δ=0.112 → Low Vol (2.8025 < 5.4245)

✓ #23 p̂=0.607, Signal=False
⏰ Next: 06:27:14
---
=== Tue May 26 06:27:14 UTC 2026 ===
BTC 5m Bot v3 - ATR+Vol Filter
MIN_PROB=0.87, ATR>0.8x avg, Vol>0.6x avg
Cycle 23/50

============================================================
Cycle #24 | 06:27:14 UTC
[BTC] 1440 candles
[FILTER] ATR=49.44 (avg=50.26, threshold=40.20)
[FILTER] Vol=3.0597 (avg=9.0536, threshold=5.4322)
[BTC] Last streaks: [1, 1, 2, 1, 2]
[MARKOV] Filtered=952 candles, 58 states
[MARKOV] State=1212, last_dir=UP, p̂=0.600 (n=55)
[POLY] YES=0.505, NO=0.495
[SIGNAL] UP, p̂=0.600, q=0.495, Δ=0.105 → Low Vol (3.0597 < 5.4322)

✓ #24 p̂=0.600, Signal=False
⏰ Next: 06:28:38
---
=== Tue May 26 06:28:38 UTC 2026 ===
BTC 5m Bot v3 - ATR+Vol Filter
MIN_PROB=0.87, ATR>0.8x avg, Vol>0.6x avg
Cycle 24/50

============================================================
Cycle #25 | 06:28:38 UTC
[BTC] 1440 candles
[FILTER] ATR=51.21 (avg=50.34, threshold=40.28)
[FILTER] Vol=3.3629 (avg=9.0688, threshold=5.4413)
[BTC] Last streaks: [1, 1, 2, 1, 1]
[MARKOV] Filtered=950 candles, 58 states
[MARKOV] State=1211, last_dir=DOWN, p̂=0.508 (n=59)
[POLY] YES=0.505, NO=0.495
[SIGNAL] DOWN, p̂=0.508, q=0.505, Δ=0.003 → Low Vol (3.3629 < 5.4413)

✓ #25 p̂=0.508, Signal=False
⏰ Next: 06:30:01
---
=== Tue May 26 06:30:01 UTC 2026 ===
BTC 5m Bot v3 - ATR+Vol Filter
MIN_PROB=0.87, ATR>0.8x avg, Vol>0.6x avg
Cycle 25/50

============================================================
Cycle #26 | 06:30:01 UTC
[BTC] 1440 candles
[FILTER] ATR=56.50 (avg=51.36, threshold=41.09)
[FILTER] Vol=4.6952 (avg=9.8294, threshold=5.8976)
[BTC] Last streaks: [1, 2, 1, 1, 1]
[MARKOV] Filtered=897 candles, 58 states
[MARKOV] State=2111, last_dir=UP, p̂=0.485 (n=33)
[POLY] YES=0.505, NO=0.495
[SIGNAL] UP, p̂=0.485, q=0.495, Δ=-0.010 → Low Vol (4.6952 < 5.8976)

✓ #26 p̂=0.485, Signal=False
⏰ Next: 06:31:25
---
=== Tue May 26 06:31:25 UTC 2026 ===
BTC 5m Bot v3 - ATR+Vol Filter
MIN_PROB=0.87, ATR>0.8x avg, Vol>0.6x avg
Cycle 26/50

============================================================
Cycle #27 | 06:31:25 UTC
[BTC] 1440 candles
[FILTER] ATR=57.23 (avg=51.39, threshold=41.12)
[FILTER] Vol=10.3921 (avg=10.1142, threshold=6.0685)
[BTC] Last streaks: [1, 2, 1, 1, 1]
[MARKOV] Filtered=883 candles, 57 states
[MARKOV] State=2111, last_dir=UP, p̂=0.452 (n=31)
[POLY] YES=0.505, NO=0.495
[SIGNAL] UP, p̂=0.452, q=0.495, Δ=-0.043 → p̂ 0.452 < 0.87

✓ #27 p̂=0.452, Signal=False
⏰ Next: 06:32:48
---
=== Tue May 26 06:32:48 UTC 2026 ===
BTC 5m Bot v3 - ATR+Vol Filter
MIN_PROB=0.87, ATR>0.8x avg, Vol>0.6x avg
Cycle 27/50

============================================================
Cycle #28 | 06:32:48 UTC
[BTC] 1440 candles
[FILTER] ATR=57.56 (avg=51.41, threshold=41.13)
[FILTER] Vol=12.7926 (avg=10.2343, threshold=6.1406)
[BTC] Last streaks: [1, 2, 1, 1, 2]
[MARKOV] Filtered=879 candles, 57 states
[MARKOV] State=2112, last_dir=DOWN, p̂=0.333 (n=24)
[POLY] YES=0.505, NO=0.495
[SIGNAL] DOWN, p̂=0.333, q=0.505, Δ=-0.172 → p̂ 0.333 < 0.87

✓ #28 p̂=0.333, Signal=False
⏰ Next: 06:34:12
---
=== Tue May 26 06:34:12 UTC 2026 ===
BTC 5m Bot v3 - ATR+Vol Filter
MIN_PROB=0.87, ATR>0.8x avg, Vol>0.6x avg
Cycle 28/50

============================================================
Cycle #29 | 06:34:12 UTC
[BTC] 1440 candles
[FILTER] ATR=57.56 (avg=51.41, threshold=41.13)
[FILTER] Vol=13.7335 (avg=10.2813, threshold=6.1688)
[BTC] Last streaks: [1, 2, 1, 1, 1]
[MARKOV] Filtered=877 candles, 57 states
[MARKOV] State=2111, last_dir=UP, p̂=0.452 (n=31)
[POLY] YES=0.505, NO=0.495
[SIGNAL] UP, p̂=0.452, q=0.495, Δ=-0.043 → p̂ 0.452 < 0.87

✓ #29 p̂=0.452, Signal=False
⏰ Next: 06:35:35
---
=== Tue May 26 06:35:35 UTC 2026 ===
BTC 5m Bot v3 - ATR+Vol Filter
MIN_PROB=0.87, ATR>0.8x avg, Vol>0.6x avg
Cycle 29/50

============================================================
Cycle #30 | 06:35:35 UTC
[BTC] 1440 candles
[FILTER] ATR=57.65 (avg=52.03, threshold=41.62)
[FILTER] Vol=0.3162 (avg=9.8093, threshold=5.8856)
[BTC] Last streaks: [2, 1, 1, 1, 2]
[MARKOV] Filtered=895 candles, 58 states
[MARKOV] State=1112, last_dir=UP, p̂=0.556 (n=72)
[POLY] YES=0.545, NO=0.455
[SIGNAL] UP, p̂=0.556, q=0.455, Δ=0.101 → Low Vol (0.3162 < 5.8856)

✓ #30 p̂=0.556, Signal=False
⏰ Next: 06:36:59
---
=== Tue May 26 06:36:59 UTC 2026 ===
BTC 5m Bot v3 - ATR+Vol Filter
MIN_PROB=0.87, ATR>0.8x avg, Vol>0.6x avg
Cycle 30/50

============================================================
Cycle #31 | 06:36:59 UTC
[BTC] 1440 candles
[FILTER] ATR=61.13 (avg=52.20, threshold=41.76)
[FILTER] Vol=1.3091 (avg=9.8589, threshold=5.9154)
[BTC] Last streaks: [2, 1, 1, 1, 2]
[MARKOV] Filtered=892 candles, 58 states
[MARKOV] State=1112, last_dir=UP, p̂=0.556 (n=72)
[POLY] YES=0.545, NO=0.455
[SIGNAL] UP, p̂=0.556, q=0.455, Δ=0.101 → Low Vol (1.3091 < 5.9154)

✓ #31 p̂=0.556, Signal=False
⏰ Next: 06:38:22
---
=== Tue May 26 06:38:22 UTC 2026 ===
BTC 5m Bot v3 - ATR+Vol Filter
MIN_PROB=0.87, ATR>0.8x avg, Vol>0.6x avg
Cycle 31/50

============================================================
Cycle #32 | 06:38:22 UTC
[BTC] 1440 candles
[FILTER] ATR=63.24 (avg=52.31, threshold=41.84)
[FILTER] Vol=4.2872 (avg=10.0078, threshold=6.0047)
[BTC] Last streaks: [2, 1, 1, 1, 2]
[MARKOV] Filtered=886 candles, 58 states
[MARKOV] State=1112, last_dir=UP, p̂=0.549 (n=71)
[POLY] YES=0.545, NO=0.455
[SIGNAL] UP, p̂=0.549, q=0.455, Δ=0.094 → Low Vol (4.2872 < 6.0047)

✓ #32 p̂=0.549, Signal=False
⏰ Next: 06:39:46
---
=== Tue May 26 06:39:46 UTC 2026 ===
BTC 5m Bot v3 - ATR+Vol Filter
MIN_PROB=0.87, ATR>0.8x avg, Vol>0.6x avg
Cycle 32/50

============================================================
Cycle #33 | 06:39:46 UTC
[BTC] 1440 candles
[FILTER] ATR=65.09 (avg=52.40, threshold=41.92)
[FILTER] Vol=16.0263 (avg=10.5948, threshold=6.3569)
[BTC] Last streaks: [2, 1, 1, 1, 2]
[MARKOV] Filtered=860 candles, 57 states
[MARKOV] State=1112, last_dir=UP, p̂=0.567 (n=67)
[POLY] YES=0.545, NO=0.455
[SIGNAL] UP, p̂=0.567, q=0.455, Δ=0.112 → p̂ 0.567 < 0.87

✓ #33 p̂=0.567, Signal=False
⏰ Next: 06:41:09
---
=== Tue May 26 06:41:09 UTC 2026 ===
BTC 5m Bot v3 - ATR+Vol Filter
MIN_PROB=0.87, ATR>0.8x avg, Vol>0.6x avg
Cycle 33/50

============================================================
Cycle #34 | 06:41:09 UTC
[BTC] 1440 candles
[FILTER] ATR=68.81 (avg=53.52, threshold=42.82)
[FILTER] Vol=17.6993 (avg=11.2798, threshold=6.7679)
[BTC] Last streaks: [1, 1, 1, 2, 3]
[MARKOV] Filtered=824 candles, 57 states
[MARKOV] State=1123, last_dir=UP, p̂=0.521 (n=48)
[POLY] YES=0.505, NO=0.495
[SIGNAL] UP, p̂=0.521, q=0.495, Δ=0.026 → p̂ 0.521 < 0.87

✓ #34 p̂=0.521, Signal=False
⏰ Next: 06:42:33
---
=== Tue May 26 06:42:33 UTC 2026 ===
BTC 5m Bot v3 - ATR+Vol Filter
MIN_PROB=0.87, ATR>0.8x avg, Vol>0.6x avg
Cycle 34/50

============================================================
Cycle #35 | 06:42:33 UTC
[BTC] 1440 candles
[FILTER] ATR=70.71 (avg=53.62, threshold=42.90)
[FILTER] Vol=22.0678 (avg=11.4983, threshold=6.8990)
[BTC] Last streaks: [1, 1, 1, 2, 1]
[MARKOV] Filtered=813 candles, 57 states
[MARKOV] State=1121, last_dir=DOWN, p̂=0.630 (n=46)
[POLY] YES=0.505, NO=0.495
[SIGNAL] DOWN, p̂=0.630, q=0.505, Δ=0.125 → p̂ 0.630 < 0.87

✓ #35 p̂=0.630, Signal=False
⏰ Next: 06:43:56
---
=== Tue May 26 06:43:56 UTC 2026 ===
BTC 5m Bot v3 - ATR+Vol Filter
MIN_PROB=0.87, ATR>0.8x avg, Vol>0.6x avg
Cycle 35/50

============================================================
Cycle #36 | 06:43:56 UTC
[BTC] 1440 candles
[FILTER] ATR=71.74 (avg=53.67, threshold=42.94)
[FILTER] Vol=22.9309 (avg=11.5414, threshold=6.9249)
[BTC] Last streaks: [1, 1, 1, 2, 1]
[MARKOV] Filtered=810 candles, 57 states
[MARKOV] State=1121, last_dir=DOWN, p̂=0.630 (n=46)
[POLY] YES=0.505, NO=0.495
[SIGNAL] DOWN, p̂=0.630, q=0.505, Δ=0.125 → p̂ 0.630 < 0.87

✓ #36 p̂=0.630, Signal=False
⏰ Next: 06:45:20
---
=== Tue May 26 06:45:20 UTC 2026 ===
BTC 5m Bot v3 - ATR+Vol Filter
MIN_PROB=0.87, ATR>0.8x avg, Vol>0.6x avg
Cycle 36/50

============================================================
Cycle #37 | 06:45:20 UTC
[BTC] 1440 candles
[FILTER] ATR=65.94 (avg=54.36, threshold=43.49)
[FILTER] Vol=0.2810 (avg=11.2743, threshold=6.7646)
[BTC] Last streaks: [1, 1, 2, 1, 2]
[MARKOV] Filtered=823 candles, 57 states
[MARKOV] State=1212, last_dir=DOWN, p̂=0.620 (n=50)
[POLY] YES=0.505, NO=0.495
[SIGNAL] DOWN, p̂=0.620, q=0.505, Δ=0.115 → Low Vol (0.2810 < 6.7646)

✓ #37 p̂=0.620, Signal=False
⏰ Next: 06:46:43
---
=== Tue May 26 06:46:43 UTC 2026 ===
BTC 5m Bot v3 - ATR+Vol Filter
MIN_PROB=0.87, ATR>0.8x avg, Vol>0.6x avg
Cycle 37/50

============================================================
Cycle #38 | 06:46:43 UTC
[BTC] 1440 candles
[FILTER] ATR=67.79 (avg=54.45, threshold=43.56)
[FILTER] Vol=5.5383 (avg=11.5372, threshold=6.9223)
[BTC] Last streaks: [1, 1, 2, 1, 2]
[MARKOV] Filtered=809 candles, 57 states
[MARKOV] State=1212, last_dir=DOWN, p̂=0.620 (n=50)
[POLY] YES=0.505, NO=0.495
[SIGNAL] DOWN, p̂=0.620, q=0.505, Δ=0.115 → Low Vol (5.5383 < 6.9223)

✓ #38 p̂=0.620, Signal=False
⏰ Next: 06:48:07
---
=== Tue May 26 06:48:07 UTC 2026 ===
BTC 5m Bot v3 - ATR+Vol Filter
MIN_PROB=0.87, ATR>0.8x avg, Vol>0.6x avg
Cycle 38/50

============================================================
Cycle #39 | 06:48:07 UTC
[BTC] 1440 candles
[FILTER] ATR=67.79 (avg=54.45, threshold=43.56)
[FILTER] Vol=6.0460 (avg=11.5625, threshold=6.9375)
[BTC] Last streaks: [1, 1, 2, 1, 2]
[MARKOV] Filtered=808 candles, 57 states
[MARKOV] State=1212, last_dir=DOWN, p̂=0.620 (n=50)
[POLY] YES=0.505, NO=0.495
[SIGNAL] DOWN, p̂=0.620, q=0.505, Δ=0.115 → Low Vol (6.0460 < 6.9375)

✓ #39 p̂=0.620, Signal=False
⏰ Next: 06:49:30
---
=== Tue May 26 06:49:30 UTC 2026 ===
BTC 5m Bot v3 - ATR+Vol Filter
MIN_PROB=0.87, ATR>0.8x avg, Vol>0.6x avg
Cycle 39/50

============================================================
Cycle #40 | 06:49:30 UTC
[BTC] 1440 candles
[FILTER] ATR=68.59 (avg=54.49, threshold=43.59)
[FILTER] Vol=7.0884 (avg=11.6147, threshold=6.9688)
[BTC] Last streaks: [1, 1, 2, 1, 2]
[MARKOV] Filtered=805 candles, 57 states
[MARKOV] State=1212, last_dir=DOWN, p̂=0.620 (n=50)
[POLY] YES=0.505, NO=0.495
[SIGNAL] DOWN, p̂=0.620, q=0.505, Δ=0.115 → p̂ 0.620 < 0.87

✓ #40 p̂=0.620, Signal=False
⏰ Next: 06:50:54
---
=== Tue May 26 06:50:54 UTC 2026 ===
BTC 5m Bot v3 - ATR+Vol Filter
MIN_PROB=0.87, ATR>0.8x avg, Vol>0.6x avg
Cycle 40/50

============================================================
Cycle #41 | 06:50:54 UTC
[BTC] 1440 candles
[FILTER] ATR=65.69 (avg=55.19, threshold=44.16)
[FILTER] Vol=2.0467 (avg=11.0172, threshold=6.6103)
[BTC] Last streaks: [1, 2, 1, 2, 3]
[MARKOV] Filtered=831 candles, 57 states
[MARKOV] State=2123, last_dir=DOWN, p̂=0.538 (n=26)
[POLY] YES=0.505, NO=0.495
[SIGNAL] DOWN, p̂=0.538, q=0.505, Δ=0.033 → Low Vol (2.0467 < 6.6103)

✓ #41 p̂=0.538, Signal=False
⏰ Next: 06:52:17
---
=== Tue May 26 06:52:17 UTC 2026 ===
BTC 5m Bot v3 - ATR+Vol Filter
MIN_PROB=0.87, ATR>0.8x avg, Vol>0.6x avg
Cycle 41/50

============================================================
Cycle #42 | 06:52:17 UTC
[BTC] 1440 candles
[FILTER] ATR=66.44 (avg=55.23, threshold=44.19)
[FILTER] Vol=4.5376 (avg=11.1417, threshold=6.6850)
[BTC] Last streaks: [1, 2, 1, 2, 1]
[MARKOV] Filtered=825 candles, 57 states
[MARKOV] State=2121, last_dir=UP, p̂=0.500 (n=24)
[POLY] YES=0.505, NO=0.495
[SIGNAL] UP, p̂=0.500, q=0.495, Δ=0.005 → Low Vol (4.5376 < 6.6850)

✓ #42 p̂=0.500, Signal=False
⏰ Next: 06:53:41
---
=== Tue May 26 06:53:41 UTC 2026 ===
BTC 5m Bot v3 - ATR+Vol Filter
MIN_PROB=0.87, ATR>0.8x avg, Vol>0.6x avg
Cycle 42/50

============================================================
Cycle #43 | 06:53:41 UTC
[BTC] 1440 candles
[FILTER] ATR=66.91 (avg=55.26, threshold=44.20)
[FILTER] Vol=5.2217 (avg=11.1759, threshold=6.7055)
[BTC] Last streaks: [1, 2, 1, 2, 3]
[MARKOV] Filtered=822 candles, 57 states
[MARKOV] State=2123, last_dir=DOWN, p̂=0.538 (n=26)
[POLY] YES=0.505, NO=0.495
[SIGNAL] DOWN, p̂=0.538, q=0.505, Δ=0.033 → Low Vol (5.2217 < 6.7055)

✓ #43 p̂=0.538, Signal=False
⏰ Next: 06:55:04
---
=== Tue May 26 06:55:04 UTC 2026 ===
BTC 5m Bot v3 - ATR+Vol Filter
MIN_PROB=0.87, ATR>0.8x avg, Vol>0.6x avg
Cycle 43/50

============================================================
Cycle #44 | 06:55:04 UTC
[BTC] 1440 candles
[FILTER] ATR=64.95 (avg=55.90, threshold=44.72)
[FILTER] Vol=0.0402 (avg=10.5859, threshold=6.3515)
[BTC] Last streaks: [2, 1, 2, 3, 4]
[MARKOV] Filtered=849 candles, 57 states
[MARKOV] State=1234, last_dir=DOWN, p̂=0.417 (n=48)
[POLY] YES=0.505, NO=0.495
[SIGNAL] DOWN, p̂=0.417, q=0.505, Δ=-0.088 → Low Vol (0.0402 < 6.3515)

✓ #44 p̂=0.417, Signal=False
⏰ Next: 06:56:28
---
=== Tue May 26 06:56:28 UTC 2026 ===
BTC 5m Bot v3 - ATR+Vol Filter
MIN_PROB=0.87, ATR>0.8x avg, Vol>0.6x avg
Cycle 44/50

============================================================
Cycle #45 | 06:56:28 UTC
[BTC] 1440 candles
[FILTER] ATR=65.96 (avg=55.95, threshold=44.76)
[FILTER] Vol=1.3124 (avg=10.6495, threshold=6.3897)
[BTC] Last streaks: [2, 1, 2, 3, 4]
[MARKOV] Filtered=847 candles, 57 states
[MARKOV] State=1234, last_dir=DOWN, p̂=0.417 (n=48)
[POLY] YES=0.505, NO=0.495
[SIGNAL] DOWN, p̂=0.417, q=0.505, Δ=-0.088 → Low Vol (1.3124 < 6.3897)

✓ #45 p̂=0.417, Signal=False
⏰ Next: 06:57:51
---
=== Tue May 26 06:57:51 UTC 2026 ===
BTC 5m Bot v3 - ATR+Vol Filter
MIN_PROB=0.87, ATR>0.8x avg, Vol>0.6x avg
Cycle 45/50

============================================================
Cycle #46 | 06:57:51 UTC
[BTC] 1440 candles
[FILTER] ATR=66.96 (avg=56.00, threshold=44.80)
[FILTER] Vol=1.8414 (avg=10.6759, threshold=6.4056)
[BTC] Last streaks: [2, 1, 2, 3, 4]
[MARKOV] Filtered=845 candles, 57 states
[MARKOV] State=1234, last_dir=DOWN, p̂=0.426 (n=47)
[POLY] YES=0.505, NO=0.495
[SIGNAL] DOWN, p̂=0.426, q=0.505, Δ=-0.079 → Low Vol (1.8414 < 6.4056)

✓ #46 p̂=0.426, Signal=False
⏰ Next: 06:59:15
---
=== Tue May 26 06:59:15 UTC 2026 ===
BTC 5m Bot v3 - ATR+Vol Filter
MIN_PROB=0.87, ATR>0.8x avg, Vol>0.6x avg
Cycle 46/50

============================================================
Cycle #47 | 06:59:15 UTC
[BTC] 1440 candles
[FILTER] ATR=67.34 (avg=56.02, threshold=44.82)
[FILTER] Vol=3.0918 (avg=10.7385, threshold=6.4431)
[BTC] Last streaks: [2, 1, 2, 3, 4]
[MARKOV] Filtered=844 candles, 57 states
[MARKOV] State=1234, last_dir=DOWN, p̂=0.426 (n=47)
[POLY] YES=0.505, NO=0.495
[SIGNAL] DOWN, p̂=0.426, q=0.505, Δ=-0.079 → Low Vol (3.0918 < 6.4431)

✓ #47 p̂=0.426, Signal=False
⏰ Next: 07:00:38
---
=== Tue May 26 07:00:38 UTC 2026 ===
BTC 5m Bot v3 - ATR+Vol Filter
MIN_PROB=0.87, ATR>0.8x avg, Vol>0.6x avg
Cycle 47/50

============================================================
Cycle #48 | 07:00:38 UTC
[BTC] 1440 candles
[FILTER] ATR=65.91 (avg=56.73, threshold=45.38)
[FILTER] Vol=0.4747 (avg=9.9890, threshold=5.9934)
[BTC] Last streaks: [1, 2, 3, 4, 1]
[MARKOV] Filtered=870 candles, 58 states
[MARKOV] State=2341, last_dir=UP, p̂=0.560 (n=25)
[POLY] YES=0.505, NO=0.495
[SIGNAL] UP, p̂=0.560, q=0.495, Δ=0.065 → Low Vol (0.4747 < 5.9934)

✓ #48 p̂=0.560, Signal=False
⏰ Next: 07:02:02
---
=== Tue May 26 07:02:02 UTC 2026 ===
BTC 5m Bot v3 - ATR+Vol Filter
MIN_PROB=0.87, ATR>0.8x avg, Vol>0.6x avg
Cycle 48/50

============================================================
Cycle #49 | 07:02:02 UTC
[BTC] 1440 candles
[FILTER] ATR=65.91 (avg=56.73, threshold=45.38)
[FILTER] Vol=0.9390 (avg=10.0123, threshold=6.0074)
[BTC] Last streaks: [1, 2, 3, 4, 1]
[MARKOV] Filtered=869 candles, 58 states
[MARKOV] State=2341, last_dir=UP, p̂=0.560 (n=25)
[POLY] YES=0.505, NO=0.495
[SIGNAL] UP, p̂=0.560, q=0.495, Δ=0.065 → Low Vol (0.9390 < 6.0074)

✓ #49 p̂=0.560, Signal=False
⏰ Next: 07:03:25
---
=== Tue May 26 07:03:25 UTC 2026 ===
BTC 5m Bot v3 - ATR+Vol Filter
MIN_PROB=0.87, ATR>0.8x avg, Vol>0.6x avg
Cycle 49/50

============================================================
Cycle #50 | 07:03:25 UTC
[BTC] 1440 candles
[FILTER] ATR=68.52 (avg=56.86, threshold=45.49)
[FILTER] Vol=2.1980 (avg=10.0752, threshold=6.0451)
[BTC] Last streaks: [1, 2, 3, 4, 5]
[MARKOV] Filtered=865 candles, 58 states
[MARKOV] State=2345, last_dir=DOWN, p̂=0.560 (n=25)
[POLY] YES=0.505, NO=0.495
[SIGNAL] DOWN, p̂=0.560, q=0.505, Δ=0.055 → Low Vol (2.1980 < 6.0451)

🌙 NIGHTLY REVIEW after 50 cycles
[REVIEW] max p̂=0.692, avg=0.525, MIN_PROB=0.87

✓ #50 p̂=0.560, Signal=False
⏰ Next: 07:04:49
---
=== Tue May 26 07:04:49 UTC 2026 ===
BTC 5m Bot v3 - ATR+Vol Filter
MIN_PROB=0.87, ATR>0.8x avg, Vol>0.6x avg
Cycle 50/50

============================================================
Cycle #51 | 07:04:50 UTC
[BTC] 1440 candles
[FILTER] ATR=68.69 (avg=56.87, threshold=45.49)
[FILTER] Vol=2.8638 (avg=10.1085, threshold=6.0651)
[BTC] Last streaks: [1, 2, 3, 4, 5]
[MARKOV] Filtered=863 candles, 57 states
[MARKOV] State=2345, last_dir=DOWN, p̂=0.560 (n=25)
[POLY] YES=0.505, NO=0.495
[SIGNAL] DOWN, p̂=0.560, q=0.505, Δ=0.055 → Low Vol (2.8638 < 6.0651)

✓ #51 p̂=0.560, Signal=False
⏰ Next: 07:06:13
---
=== Tue May 26 07:06:13 UTC 2026 ===
BTC 5m Bot v3 - ATR+Vol Filter
MIN_PROB=0.87, ATR>0.8x avg, Vol>0.6x avg
Cycle 51/50

============================================================
Cycle #52 | 07:06:13 UTC
[BTC] 1440 candles
[FILTER] ATR=67.02 (avg=57.77, threshold=46.22)
[FILTER] Vol=3.5617 (avg=9.7452, threshold=5.8471)
[BTC] Last streaks: [2, 3, 4, 5, 6]
[MARKOV] Filtered=875 candles, 57 states
[MARKOV] State=3456, last_dir=DOWN, p̂=0.444 (n=9)
[POLY] YES=0.505, NO=0.495
[SIGNAL] DOWN, p̂=0.444, q=0.505, Δ=-0.061 → Low Vol (3.5617 < 5.8471)

✓ #52 p̂=0.444, Signal=False
⏰ Next: 07:07:37
---
=== Tue May 26 07:07:37 UTC 2026 ===
BTC 5m Bot v3 - ATR+Vol Filter
MIN_PROB=0.87, ATR>0.8x avg, Vol>0.6x avg
Cycle 52/50

============================================================
Cycle #53 | 07:07:37 UTC
[BTC] 1440 candles
[FILTER] ATR=67.02 (avg=57.77, threshold=46.22)
[FILTER] Vol=4.3305 (avg=9.7837, threshold=5.8702)
[BTC] Last streaks: [2, 3, 4, 5, 6]
[MARKOV] Filtered=873 candles, 57 states
[MARKOV] State=3456, last_dir=DOWN, p̂=0.444 (n=9)
[POLY] YES=0.505, NO=0.495
[SIGNAL] DOWN, p̂=0.444, q=0.505, Δ=-0.061 → Low Vol (4.3305 < 5.8702)

✓ #53 p̂=0.444, Signal=False
⏰ Next: 07:09:00
---
=== Tue May 26 07:09:00 UTC 2026 ===
BTC 5m Bot v3 - ATR+Vol Filter
MIN_PROB=0.87, ATR>0.8x avg, Vol>0.6x avg
Cycle 53/50

============================================================
Cycle #54 | 07:09:00 UTC
[BTC] 1440 candles
[FILTER] ATR=67.02 (avg=57.77, threshold=46.22)
[FILTER] Vol=5.0367 (avg=9.8190, threshold=5.8914)
[BTC] Last streaks: [2, 3, 4, 5, 6]
[MARKOV] Filtered=871 candles, 57 states
[MARKOV] State=3456, last_dir=DOWN, p̂=0.444 (n=9)
[POLY] YES=0.505, NO=0.495
[SIGNAL] DOWN, p̂=0.444, q=0.505, Δ=-0.061 → Low Vol (5.0367 < 5.8914)

✓ #54 p̂=0.444, Signal=False
⏰ Next: 07:10:24
---
=== Tue May 26 07:10:24 UTC 2026 ===
BTC 5m Bot v3 - ATR+Vol Filter
MIN_PROB=0.87, ATR>0.8x avg, Vol>0.6x avg
Cycle 0/50

============================================================
Cycle #1 | 07:10:24 UTC
[BTC] 1440 candles
[FILTER] ATR=66.84 (avg=59.01, threshold=47.21)
[FILTER] Vol=0.4980 (avg=8.9776, threshold=5.3865)
[BTC] Last streaks: [3, 4, 5, 6, 7]
[MARKOV] Filtered=917 candles, 56 states
[MARKOV] State=4567, last_dir=DOWN, p̂=0.500 (n=4)
[POLY] YES=0.505, NO=0.495
[SIGNAL] DOWN, p̂=0.500, q=0.505, Δ=-0.005 → Low Vol (0.4980 < 5.3865)

✓ #1 p̂=0.500, Signal=False
⏰ Next: 07:11:47
---
=== Tue May 26 07:11:47 UTC 2026 ===
BTC 5m Bot v3 - ATR+Vol Filter
MIN_PROB=0.87, ATR>0.8x avg, Vol>0.6x avg
Cycle 1/50

============================================================
Cycle #2 | 07:11:47 UTC
[BTC] 1440 candles
[FILTER] ATR=69.17 (avg=59.13, threshold=47.30)
[FILTER] Vol=1.4577 (avg=9.0255, threshold=5.4153)
[BTC] Last streaks: [3, 4, 5, 6, 7]
[MARKOV] Filtered=913 candles, 56 states
[MARKOV] State=4567, last_dir=DOWN, p̂=0.500 (n=4)
[POLY] YES=0.505, NO=0.495
[SIGNAL] DOWN, p̂=0.500, q=0.505, Δ=-0.005 → Low Vol (1.4577 < 5.4153)

✓ #2 p̂=0.500, Signal=False
⏰ Next: 07:13:11
---
=== Tue May 26 07:13:11 UTC 2026 ===
BTC 5m Bot v3 - ATR+Vol Filter
MIN_PROB=0.87, ATR>0.8x avg, Vol>0.6x avg
Cycle 2/50

============================================================
Cycle #3 | 07:13:11 UTC
[BTC] 1440 candles
[FILTER] ATR=71.55 (avg=59.25, threshold=47.40)
[FILTER] Vol=4.3260 (avg=9.1690, threshold=5.5014)
[BTC] Last streaks: [3, 4, 5, 6, 7]
[MARKOV] Filtered=904 candles, 56 states
[MARKOV] State=4567, last_dir=DOWN, p̂=0.500 (n=4)
[POLY] YES=0.505, NO=0.495
[SIGNAL] DOWN, p̂=0.500, q=0.505, Δ=-0.005 → Low Vol (4.3260 < 5.5014)

✓ #3 p̂=0.500, Signal=False
⏰ Next: 07:14:34
---
=== Tue May 26 07:14:34 UTC 2026 ===
BTC 5m Bot v3 - ATR+Vol Filter
MIN_PROB=0.87, ATR>0.8x avg, Vol>0.6x avg
Cycle 3/50

============================================================
Cycle #4 | 07:14:34 UTC
[BTC] 1440 candles
[FILTER] ATR=71.55 (avg=59.25, threshold=47.40)
[FILTER] Vol=4.8588 (avg=9.1956, threshold=5.5174)
[BTC] Last streaks: [3, 4, 5, 6, 7]
[MARKOV] Filtered=904 candles, 56 states
[MARKOV] State=4567, last_dir=DOWN, p̂=0.500 (n=4)
[POLY] YES=0.505, NO=0.495
[SIGNAL] DOWN, p̂=0.500, q=0.505, Δ=-0.005 → Low Vol (4.8588 < 5.5174)

✓ #4 p̂=0.500, Signal=False
⏰ Next: 07:15:58
---
=== Tue May 26 07:15:58 UTC 2026 ===
BTC 5m Bot v3 - ATR+Vol Filter
MIN_PROB=0.87, ATR>0.8x avg, Vol>0.6x avg
Cycle 4/50

============================================================
Cycle #5 | 07:15:58 UTC
[BTC] 1440 candles
[FILTER] ATR=69.63 (avg=60.39, threshold=48.31)
[FILTER] Vol=1.4990 (avg=7.8968, threshold=4.7381)
[BTC] Last streaks: [4, 5, 6, 7, 8]
[MARKOV] Filtered=964 candles, 55 states
[MARKOV] State=5678, last_dir=DOWN, p̂=1.000 (n=1)
[POLY] YES=0.505, NO=0.495
[SIGNAL] DOWN, p̂=1.000, q=0.505, Δ=0.495 → Low Vol (1.4990 < 4.7381)

✓ #5 p̂=1.000, Signal=False
⏰ Next: 07:17:21
---
=== Tue May 26 07:17:21 UTC 2026 ===
BTC 5m Bot v3 - ATR+Vol Filter
MIN_PROB=0.87, ATR>0.8x avg, Vol>0.6x avg
Cycle 5/50

============================================================
Cycle #6 | 07:17:21 UTC
[BTC] 1440 candles
[FILTER] ATR=72.01 (avg=60.51, threshold=48.41)
[FILTER] Vol=4.3435 (avg=8.0390, threshold=4.8234)
[BTC] Last streaks: [4, 5, 6, 7, 8]
[MARKOV] Filtered=957 candles, 55 states
[MARKOV] State=5678, last_dir=DOWN, p̂=1.000 (n=1)
[POLY] YES=0.505, NO=0.495
[SIGNAL] DOWN, p̂=1.000, q=0.505, Δ=0.495 → Low Vol (4.3435 < 4.8234)

✓ #6 p̂=1.000, Signal=False
⏰ Next: 07:18:45
---
=== Tue May 26 07:18:45 UTC 2026 ===
BTC 5m Bot v3 - ATR+Vol Filter
MIN_PROB=0.87, ATR>0.8x avg, Vol>0.6x avg
Cycle 6/50

============================================================
Cycle #7 | 07:18:45 UTC
[BTC] 1440 candles
[FILTER] ATR=73.84 (avg=60.60, threshold=48.48)
[FILTER] Vol=21.3541 (avg=8.8895, threshold=5.3337)
[BTC] Last streaks: [4, 5, 6, 7, 8]
[MARKOV] Filtered=907 candles, 55 states
[MARKOV] State=5678, last_dir=DOWN, p̂=1.000 (n=1)
[POLY] YES=0.505, NO=0.495
[SIGNAL] DOWN, p̂=1.000, q=0.505, Δ=0.495 → OK

✓ #7 p̂=1.000, Signal=True
⏰ Next: 07:20:08
---
=== Tue May 26 07:20:08 UTC 2026 ===
BTC 5m Bot v3 - ATR+Vol Filter
MIN_PROB=0.87, ATR>0.8x avg, Vol>0.6x avg
Cycle 7/50

============================================================
Cycle #8 | 07:20:08 UTC
[BTC] 1440 candles
[FILTER] ATR=71.03 (avg=61.80, threshold=49.44)
[FILTER] Vol=0.0764 (avg=8.5628, threshold=5.1377)
[BTC] Last streaks: [5, 6, 7, 1, 1]
[MARKOV] Filtered=916 candles, 54 states
[MARKOV] State=6711, last_dir=DOWN, p̂=0.500 (n=2)
[POLY] YES=0.505, NO=0.495
[SIGNAL] DOWN, p̂=0.500, q=0.505, Δ=-0.005 → Low Vol (0.0764 < 5.1377)

✓ #8 p̂=0.500, Signal=False
⏰ Next: 07:21:32
---
=== Tue May 26 07:21:32 UTC 2026 ===
BTC 5m Bot v3 - ATR+Vol Filter
MIN_PROB=0.87, ATR>0.8x avg, Vol>0.6x avg
Cycle 8/50

============================================================
Cycle #9 | 07:21:32 UTC
[BTC] 1440 candles
[FILTER] ATR=73.07 (avg=61.90, threshold=49.52)
[FILTER] Vol=0.5989 (avg=8.5889, threshold=5.1533)
[BTC] Last streaks: [5, 6, 7, 1, 1]
[MARKOV] Filtered=915 candles, 54 states
[MARKOV] State=6711, last_dir=DOWN, p̂=0.500 (n=2)
[POLY] YES=0.505, NO=0.495
[SIGNAL] DOWN, p̂=0.500, q=0.505, Δ=-0.005 → Low Vol (0.5989 < 5.1533)

✓ #9 p̂=0.500, Signal=False
⏰ Next: 07:22:55
---
=== Tue May 26 07:22:55 UTC 2026 ===
BTC 5m Bot v3 - ATR+Vol Filter
MIN_PROB=0.87, ATR>0.8x avg, Vol>0.6x avg
Cycle 9/50

============================================================
Cycle #10 | 07:22:55 UTC
[BTC] 1440 candles
[FILTER] ATR=73.50 (avg=61.92, threshold=49.54)
[FILTER] Vol=2.4226 (avg=8.6801, threshold=5.2081)
[BTC] Last streaks: [5, 6, 7, 1, 1]
[MARKOV] Filtered=911 candles, 54 states
[MARKOV] State=6711, last_dir=DOWN, p̂=1.000 (n=1)
[POLY] YES=0.525, NO=0.475
[SIGNAL] DOWN, p̂=1.000, q=0.525, Δ=0.475 → Low Vol (2.4226 < 5.2081)

✓ #10 p̂=1.000, Signal=False
⏰ Next: 07:24:19
---
=== Tue May 26 07:24:19 UTC 2026 ===
BTC 5m Bot v3 - ATR+Vol Filter
MIN_PROB=0.87, ATR>0.8x avg, Vol>0.6x avg
Cycle 10/50

============================================================
Cycle #11 | 07:24:19 UTC
[BTC] 1440 candles
[FILTER] ATR=73.50 (avg=61.92, threshold=49.54)
[FILTER] Vol=4.6469 (avg=8.7913, threshold=5.2748)
[BTC] Last streaks: [5, 6, 7, 1, 1]
[MARKOV] Filtered=904 candles, 54 states
[MARKOV] State=6711, last_dir=DOWN, p̂=1.000 (n=1)
[POLY] YES=0.525, NO=0.475
[SIGNAL] DOWN, p̂=1.000, q=0.525, Δ=0.475 → Low Vol (4.6469 < 5.2748)

✓ #11 p̂=1.000, Signal=False
⏰ Next: 07:25:42
---
=== Tue May 26 07:25:42 UTC 2026 ===
BTC 5m Bot v3 - ATR+Vol Filter
MIN_PROB=0.87, ATR>0.8x avg, Vol>0.6x avg
Cycle 11/50

============================================================
Cycle #12 | 07:25:43 UTC
[BTC] 1440 candles
[FILTER] ATR=71.73 (avg=63.13, threshold=50.50)
[FILTER] Vol=0.9050 (avg=8.6942, threshold=5.2165)
[BTC] Last streaks: [6, 7, 1, 2, 3]
[MARKOV] Filtered=904 candles, 54 states
[MARKOV] State=7123, last_dir=UP, p̂=0.500 (n=0)
[POLY] YES=0.505, NO=0.495
[SIGNAL] UP, p̂=0.500, q=0.495, Δ=0.005 → Low Vol (0.9050 < 5.2165)

✓ #12 p̂=0.500, Signal=False
⏰ Next: 07:27:06
---
=== Tue May 26 07:27:06 UTC 2026 ===
BTC 5m Bot v3 - ATR+Vol Filter
MIN_PROB=0.87, ATR>0.8x avg, Vol>0.6x avg
Cycle 12/50

============================================================
Cycle #13 | 07:27:06 UTC
[BTC] 1440 candles
[FILTER] ATR=72.49 (avg=63.17, threshold=50.53)
[FILTER] Vol=1.8214 (avg=8.7400, threshold=5.2440)
[BTC] Last streaks: [6, 7, 1, 2, 3]
[MARKOV] Filtered=900 candles, 54 states
[MARKOV] State=7123, last_dir=UP, p̂=0.500 (n=0)
[POLY] YES=0.505, NO=0.495
[SIGNAL] UP, p̂=0.500, q=0.495, Δ=0.005 → Low Vol (1.8214 < 5.2440)

✓ #13 p̂=0.500, Signal=False
⏰ Next: 07:28:29
---
=== Tue May 26 07:28:29 UTC 2026 ===
BTC 5m Bot v3 - ATR+Vol Filter
MIN_PROB=0.87, ATR>0.8x avg, Vol>0.6x avg
Cycle 13/50

============================================================
Cycle #14 | 07:28:29 UTC
[BTC] 1440 candles
[FILTER] ATR=72.49 (avg=63.17, threshold=50.53)
[FILTER] Vol=5.6294 (avg=8.9304, threshold=5.3582)
[BTC] Last streaks: [6, 7, 1, 2, 3]
[MARKOV] Filtered=892 candles, 54 states
[MARKOV] State=7123, last_dir=UP, p̂=0.500 (n=0)
[POLY] YES=0.505, NO=0.495
[SIGNAL] UP, p̂=0.500, q=0.495, Δ=0.005 → p̂ 0.500 < 0.87

✓ #14 p̂=0.500, Signal=False
⏰ Next: 07:29:53
---
=== Tue May 26 07:29:53 UTC 2026 ===
BTC 5m Bot v3 - ATR+Vol Filter
MIN_PROB=0.87, ATR>0.8x avg, Vol>0.6x avg
Cycle 14/50

============================================================
Cycle #15 | 07:29:53 UTC
[BTC] 1440 candles
[FILTER] ATR=72.83 (avg=63.18, threshold=50.55)
[FILTER] Vol=6.7468 (avg=8.9863, threshold=5.3918)
[BTC] Last streaks: [6, 7, 1, 2, 3]
[MARKOV] Filtered=890 candles, 54 states
[MARKOV] State=7123, last_dir=UP, p̂=0.500 (n=0)
[POLY] YES=0.505, NO=0.495
[SIGNAL] UP, p̂=0.500, q=0.495, Δ=0.005 → p̂ 0.500 < 0.87

✓ #15 p̂=0.500, Signal=False
⏰ Next: 07:31:16
---
=== Tue May 26 07:31:16 UTC 2026 ===
BTC 5m Bot v3 - ATR+Vol Filter
MIN_PROB=0.87, ATR>0.8x avg, Vol>0.6x avg
Cycle 15/50

============================================================
Cycle #16 | 07:31:17 UTC
[BTC] 1440 candles
[FILTER] ATR=72.43 (avg=64.36, threshold=51.49)
[FILTER] Vol=0.9321 (avg=8.8949, threshold=5.3370)
[BTC] Last streaks: [7, 1, 2, 3, 1]
[MARKOV] Filtered=883 candles, 54 states
[MARKOV] State=1231, last_dir=DOWN, p̂=0.493 (n=69)
[POLY] YES=0.505, NO=0.495
[SIGNAL] DOWN, p̂=0.493, q=0.505, Δ=-0.012 → Low Vol (0.9321 < 5.3370)

✓ #16 p̂=0.493, Signal=False
⏰ Next: 07:32:40
---
=== Tue May 26 07:32:40 UTC 2026 ===
BTC 5m Bot v3 - ATR+Vol Filter
MIN_PROB=0.87, ATR>0.8x avg, Vol>0.6x avg
Cycle 16/50

============================================================
Cycle #17 | 07:32:40 UTC
[BTC] 1440 candles
[FILTER] ATR=74.37 (avg=64.46, threshold=51.57)
[FILTER] Vol=12.6982 (avg=9.4833, threshold=5.6900)
[BTC] Last streaks: [7, 1, 2, 3, 1]
[MARKOV] Filtered=855 candles, 54 states
[MARKOV] State=1231, last_dir=DOWN, p̂=0.492 (n=65)
[POLY] YES=0.505, NO=0.495
[SIGNAL] DOWN, p̂=0.492, q=0.505, Δ=-0.013 → p̂ 0.492 < 0.87

✓ #17 p̂=0.492, Signal=False
⏰ Next: 07:34:03
---
=== Tue May 26 07:34:03 UTC 2026 ===
BTC 5m Bot v3 - ATR+Vol Filter
MIN_PROB=0.87, ATR>0.8x avg, Vol>0.6x avg
Cycle 17/50

============================================================
Cycle #18 | 07:34:04 UTC
[BTC] 1440 candles
[FILTER] ATR=76.34 (avg=64.56, threshold=51.65)
[FILTER] Vol=21.3913 (avg=9.9179, threshold=5.9507)
[BTC] Last streaks: [7, 1, 2, 3, 1]
[MARKOV] Filtered=822 candles, 54 states
[MARKOV] State=1231, last_dir=DOWN, p̂=0.476 (n=63)
[POLY] YES=0.505, NO=0.495
[SIGNAL] DOWN, p̂=0.476, q=0.505, Δ=-0.029 → p̂ 0.476 < 0.87

✓ #18 p̂=0.476, Signal=False
⏰ Next: 07:35:27
---
=== Tue May 26 07:35:27 UTC 2026 ===
BTC 5m Bot v3 - ATR+Vol Filter
MIN_PROB=0.87, ATR>0.8x avg, Vol>0.6x avg
Cycle 18/50

============================================================
Cycle #19 | 07:35:27 UTC
[BTC] 1440 candles
[FILTER] ATR=69.21 (avg=65.39, threshold=52.31)
[FILTER] Vol=0.3775 (avg=9.9377, threshold=5.9626)
[BTC] Last streaks: [1, 2, 3, 1, 2]
[MARKOV] Filtered=814 candles, 55 states
[MARKOV] State=2312, last_dir=DOWN, p̂=0.559 (n=34)
[POLY] YES=0.505, NO=0.495
[SIGNAL] DOWN, p̂=0.559, q=0.505, Δ=0.054 → Low Vol (0.3775 < 5.9626)

✓ #19 p̂=0.559, Signal=False
⏰ Next: 07:36:50
---
=== Tue May 26 07:36:50 UTC 2026 ===
BTC 5m Bot v3 - ATR+Vol Filter
MIN_PROB=0.87, ATR>0.8x avg, Vol>0.6x avg
Cycle 19/50

============================================================
Cycle #20 | 07:36:51 UTC
[BTC] 1440 candles
[FILTER] ATR=69.61 (avg=65.41, threshold=52.33)
[FILTER] Vol=9.7140 (avg=10.4045, threshold=6.2427)
[BTC] Last streaks: [1, 2, 3, 1, 2]
[MARKOV] Filtered=802 candles, 54 states
[MARKOV] State=2312, last_dir=DOWN, p̂=0.559 (n=34)
[POLY] YES=0.505, NO=0.495
[SIGNAL] DOWN, p̂=0.559, q=0.505, Δ=0.054 → p̂ 0.559 < 0.87

✓ #20 p̂=0.559, Signal=False
⏰ Next: 07:38:14
---
=== Tue May 26 07:38:14 UTC 2026 ===
BTC 5m Bot v3 - ATR+Vol Filter
MIN_PROB=0.87, ATR>0.8x avg, Vol>0.6x avg
Cycle 20/50

============================================================
Cycle #21 | 07:38:14 UTC
[BTC] 1440 candles
[FILTER] ATR=69.61 (avg=65.41, threshold=52.33)
[FILTER] Vol=15.6321 (avg=10.7004, threshold=6.4203)
[BTC] Last streaks: [1, 2, 3, 1, 2]
[MARKOV] Filtered=787 candles, 54 states
[MARKOV] State=2312, last_dir=DOWN, p̂=0.562 (n=32)
[POLY] YES=0.505, NO=0.495
[SIGNAL] DOWN, p̂=0.562, q=0.505, Δ=0.057 → p̂ 0.562 < 0.87

✓ #21 p̂=0.562, Signal=False
⏰ Next: 07:39:37
---
=== Tue May 26 07:39:37 UTC 2026 ===
BTC 5m Bot v3 - ATR+Vol Filter
MIN_PROB=0.87, ATR>0.8x avg, Vol>0.6x avg
Cycle 21/50

============================================================
Cycle #22 | 07:39:37 UTC
[BTC] 1440 candles
[FILTER] ATR=69.94 (avg=65.43, threshold=52.34)
[FILTER] Vol=21.3461 (avg=10.9861, threshold=6.5917)
[BTC] Last streaks: [1, 2, 3, 1, 2]
[MARKOV] Filtered=776 candles, 54 states
[MARKOV] State=2312, last_dir=DOWN, p̂=0.533 (n=30)
[POLY] YES=0.505, NO=0.495
[SIGNAL] DOWN, p̂=0.533, q=0.505, Δ=0.028 → p̂ 0.533 < 0.87

✓ #22 p̂=0.533, Signal=False
⏰ Next: 07:41:01
---
=== Tue May 26 07:41:01 UTC 2026 ===
BTC 5m Bot v3 - ATR+Vol Filter
MIN_PROB=0.87, ATR>0.8x avg, Vol>0.6x avg
Cycle 22/50

============================================================
Cycle #23 | 07:41:01 UTC
[BTC] 1440 candles
[FILTER] ATR=68.34 (avg=65.96, threshold=52.77)
[FILTER] Vol=4.0485 (avg=10.6623, threshold=6.3974)
[BTC] Last streaks: [2, 3, 1, 2, 1]
[MARKOV] Filtered=787 candles, 53 states
[MARKOV] State=3121, last_dir=UP, p̂=0.667 (n=15)
[POLY] YES=0.505, NO=0.495
[SIGNAL] UP, p̂=0.667, q=0.495, Δ=0.172 → Low Vol (4.0485 < 6.3974)

✓ #23 p̂=0.667, Signal=False
⏰ Next: 07:42:24
---
=== Tue May 26 07:42:24 UTC 2026 ===
BTC 5m Bot v3 - ATR+Vol Filter
MIN_PROB=0.87, ATR>0.8x avg, Vol>0.6x avg
Cycle 23/50

============================================================
Cycle #24 | 07:42:24 UTC
[BTC] 1440 candles
[FILTER] ATR=69.20 (avg=66.00, threshold=52.80)
[FILTER] Vol=8.5548 (avg=10.8876, threshold=6.5326)
[BTC] Last streaks: [2, 3, 1, 2, 1]
[MARKOV] Filtered=775 candles, 53 states
[MARKOV] State=3121, last_dir=UP, p̂=0.667 (n=15)
[POLY] YES=0.505, NO=0.495
[SIGNAL] UP, p̂=0.667, q=0.495, Δ=0.172 → p̂ 0.667 < 0.87

✓ #24 p̂=0.667, Signal=False
⏰ Next: 07:43:48
---
=== Tue May 26 07:43:48 UTC 2026 ===
BTC 5m Bot v3 - ATR+Vol Filter
MIN_PROB=0.87, ATR>0.8x avg, Vol>0.6x avg
Cycle 24/50

============================================================
Cycle #25 | 07:43:48 UTC
[BTC] 1440 candles
[FILTER] ATR=69.89 (avg=66.04, threshold=52.83)
[FILTER] Vol=12.6350 (avg=11.0916, threshold=6.6550)
[BTC] Last streaks: [2, 3, 1, 2, 1]
[MARKOV] Filtered=766 candles, 53 states
[MARKOV] State=3121, last_dir=UP, p̂=0.667 (n=15)
[POLY] YES=0.505, NO=0.495
[SIGNAL] UP, p̂=0.667, q=0.495, Δ=0.172 → p̂ 0.667 < 0.87

✓ #25 p̂=0.667, Signal=False
⏰ Next: 07:45:11
---
=== Tue May 26 07:45:11 UTC 2026 ===
BTC 5m Bot v3 - ATR+Vol Filter
MIN_PROB=0.87, ATR>0.8x avg, Vol>0.6x avg
Cycle 25/50

============================================================
Cycle #26 | 07:45:11 UTC
[BTC] 1440 candles
[FILTER] ATR=61.79 (avg=66.33, threshold=53.06)
[FILTER] Vol=0.1930 (avg=11.5897, threshold=6.9538)
[BTC] Last streaks: [3, 1, 2, 1, 2]
[MARKOV] Filtered=737 candles, 53 states
[MARKOV] State=1212, last_dir=UP, p̂=0.625 (n=48)
[POLY] YES=0.505, NO=0.495
[SIGNAL] UP, p̂=0.625, q=0.495, Δ=0.130 → Low Vol (0.1930 < 6.9538)

✓ #26 p̂=0.625, Signal=False
⏰ Next: 07:46:35
---
=== Tue May 26 07:46:35 UTC 2026 ===
BTC 5m Bot v3 - ATR+Vol Filter
MIN_PROB=0.87, ATR>0.8x avg, Vol>0.6x avg
Cycle 26/50

============================================================
Cycle #27 | 07:46:35 UTC
[BTC] 1440 candles
[FILTER] ATR=62.51 (avg=66.36, threshold=53.09)
[FILTER] Vol=16.9684 (avg=12.4285, threshold=7.4571)
[BTC] Last streaks: [3, 1, 2, 1, 1]
[MARKOV] Filtered=705 candles, 52 states
[MARKOV] State=1211, last_dir=DOWN, p̂=0.477 (n=44)
[POLY] YES=0.505, NO=0.495
[SIGNAL] DOWN, p̂=0.477, q=0.505, Δ=-0.028 → p̂ 0.477 < 0.87

✓ #27 p̂=0.477, Signal=False
⏰ Next: 07:47:58
---
=== Tue May 26 07:47:58 UTC 2026 ===
BTC 5m Bot v3 - ATR+Vol Filter
MIN_PROB=0.87, ATR>0.8x avg, Vol>0.6x avg
Cycle 27/50

============================================================
Cycle #28 | 07:47:58 UTC
[BTC] 1440 candles
[FILTER] ATR=62.51 (avg=66.36, threshold=53.09)
[FILTER] Vol=18.9145 (avg=12.5258, threshold=7.5155)
[BTC] Last streaks: [3, 1, 2, 1, 2]
[MARKOV] Filtered=704 candles, 52 states
[MARKOV] State=1212, last_dir=UP, p̂=0.652 (n=46)
[POLY] YES=0.505, NO=0.495
[SIGNAL] UP, p̂=0.652, q=0.495, Δ=0.157 → p̂ 0.652 < 0.87

✓ #28 p̂=0.652, Signal=False
⏰ Next: 07:49:22
---
=== Tue May 26 07:49:22 UTC 2026 ===
BTC 5m Bot v3 - ATR+Vol Filter
MIN_PROB=0.87, ATR>0.8x avg, Vol>0.6x avg
Cycle 28/50

============================================================
Cycle #29 | 07:49:22 UTC
[BTC] 1440 candles
[FILTER] ATR=62.51 (avg=66.36, threshold=53.09)
[FILTER] Vol=21.9526 (avg=12.6777, threshold=7.6066)
[BTC] Last streaks: [3, 1, 2, 1, 2]
[MARKOV] Filtered=700 candles, 52 states
[MARKOV] State=1212, last_dir=UP, p̂=0.682 (n=44)
[POLY] YES=0.505, NO=0.495
[SIGNAL] UP, p̂=0.682, q=0.495, Δ=0.187 → p̂ 0.682 < 0.87

✓ #29 p̂=0.682, Signal=False
⏰ Next: 07:50:45
---
=== Tue May 26 07:50:45 UTC 2026 ===
BTC 5m Bot v3 - ATR+Vol Filter
MIN_PROB=0.87, ATR>0.8x avg, Vol>0.6x avg
Cycle 29/50

============================================================
Cycle #30 | 07:50:45 UTC
[BTC] 1440 candles
[FILTER] ATR=55.39 (avg=66.37, threshold=53.09)
[FILTER] Vol=1.4414 (avg=12.7423, threshold=7.6454)
[BTC] Last streaks: [1, 2, 1, 2, 3]
[MARKOV] Filtered=698 candles, 52 states
[MARKOV] State=2123, last_dir=UP, p̂=0.591 (n=22)
[POLY] YES=0.505, NO=0.495
[SIGNAL] UP, p̂=0.591, q=0.495, Δ=0.096 → Low Vol (1.4414 < 7.6454)

✓ #30 p̂=0.591, Signal=False
⏰ Next: 07:52:09
---
=== Tue May 26 07:52:09 UTC 2026 ===
BTC 5m Bot v3 - ATR+Vol Filter
MIN_PROB=0.87, ATR>0.8x avg, Vol>0.6x avg
Cycle 30/50

============================================================
Cycle #31 | 07:52:09 UTC
[BTC] 1440 candles
[FILTER] ATR=56.49 (avg=66.42, threshold=53.14)
[FILTER] Vol=5.1857 (avg=12.9295, threshold=7.7577)
[BTC] Last streaks: [1, 2, 1, 2, 3]
[MARKOV] Filtered=688 candles, 52 states
[MARKOV] State=2123, last_dir=UP, p̂=0.591 (n=22)
[POLY] YES=0.505, NO=0.495
[SIGNAL] UP, p̂=0.591, q=0.495, Δ=0.096 → Low Vol (5.1857 < 7.7577)

✓ #31 p̂=0.591, Signal=False
⏰ Next: 07:53:33
---
=== Tue May 26 07:53:33 UTC 2026 ===
BTC 5m Bot v3 - ATR+Vol Filter
MIN_PROB=0.87, ATR>0.8x avg, Vol>0.6x avg
Cycle 31/50

============================================================
Cycle #32 | 07:53:33 UTC
[BTC] 1440 candles
[FILTER] ATR=57.68 (avg=66.48, threshold=53.19)
[FILTER] Vol=8.7635 (avg=13.1084, threshold=7.8651)
[BTC] Last streaks: [1, 2, 1, 2, 3]
[MARKOV] Filtered=687 candles, 52 states
[MARKOV] State=2123, last_dir=UP, p̂=0.591 (n=22)
[POLY] YES=0.505, NO=0.495
[SIGNAL] UP, p̂=0.591, q=0.495, Δ=0.096 → p̂ 0.591 < 0.87

✓ #32 p̂=0.591, Signal=False
⏰ Next: 07:54:56
---
=== Tue May 26 07:54:56 UTC 2026 ===
BTC 5m Bot v3 - ATR+Vol Filter
MIN_PROB=0.87, ATR>0.8x avg, Vol>0.6x avg
Cycle 32/50

============================================================
Cycle #33 | 07:54:56 UTC
[BTC] 1440 candles
[FILTER] ATR=60.46 (avg=66.62, threshold=53.30)
[FILTER] Vol=10.4052 (avg=13.1905, threshold=7.9143)
[BTC] Last streaks: [1, 2, 1, 2, 3]
[MARKOV] Filtered=683 candles, 52 states
[MARKOV] State=2123, last_dir=UP, p̂=0.591 (n=22)
[POLY] YES=0.515, NO=0.485
[SIGNAL] UP, p̂=0.591, q=0.485, Δ=0.106 → p̂ 0.591 < 0.87

✓ #33 p̂=0.591, Signal=False
⏰ Next: 07:56:19
---
=== Tue May 26 07:56:19 UTC 2026 ===
BTC 5m Bot v3 - ATR+Vol Filter
MIN_PROB=0.87, ATR>0.8x avg, Vol>0.6x avg
Cycle 33/50

============================================================
Cycle #34 | 07:56:20 UTC
[BTC] 1440 candles
[FILTER] ATR=61.74 (avg=67.06, threshold=53.65)
[FILTER] Vol=12.1311 (avg=13.6806, threshold=8.2084)
[BTC] Last streaks: [2, 1, 2, 3, 1]
[MARKOV] Filtered=666 candles, 52 states
[MARKOV] State=1231, last_dir=DOWN, p̂=0.500 (n=48)
[POLY] YES=0.505, NO=0.495
[SIGNAL] DOWN, p̂=0.500, q=0.505, Δ=-0.005 → p̂ 0.500 < 0.87

✓ #34 p̂=0.500, Signal=False
⏰ Next: 07:57:43
---
=== Tue May 26 07:57:43 UTC 2026 ===
BTC 5m Bot v3 - ATR+Vol Filter
MIN_PROB=0.87, ATR>0.8x avg, Vol>0.6x avg
Cycle 34/50

============================================================
Cycle #35 | 07:57:43 UTC
[BTC] 1440 candles
[FILTER] ATR=64.27 (avg=67.19, threshold=53.75)
[FILTER] Vol=24.3185 (avg=14.2900, threshold=8.5740)
[BTC] Last streaks: [2, 1, 2, 3, 1]
[MARKOV] Filtered=635 candles, 52 states
[MARKOV] State=1231, last_dir=DOWN, p̂=0.478 (n=46)
[POLY] YES=0.505, NO=0.495
[SIGNAL] DOWN, p̂=0.478, q=0.505, Δ=-0.027 → p̂ 0.478 < 0.87

✓ #35 p̂=0.478, Signal=False
⏰ Next: 07:59:06
---
=== Tue May 26 07:59:07 UTC 2026 ===
BTC 5m Bot v3 - ATR+Vol Filter
MIN_PROB=0.87, ATR>0.8x avg, Vol>0.6x avg
Cycle 35/50

============================================================
Cycle #36 | 07:59:07 UTC
[BTC] 1440 candles
[FILTER] ATR=64.27 (avg=67.19, threshold=53.75)
[FILTER] Vol=32.2224 (avg=14.6852, threshold=8.8111)
[BTC] Last streaks: [2, 1, 2, 3, 1]
[MARKOV] Filtered=623 candles, 52 states
[MARKOV] State=1231, last_dir=DOWN, p̂=0.477 (n=44)
[POLY] YES=0.505, NO=0.495
[SIGNAL] DOWN, p̂=0.477, q=0.505, Δ=-0.028 → p̂ 0.477 < 0.87

✓ #36 p̂=0.477, Signal=False
⏰ Next: 08:00:30
---
=== Tue May 26 08:00:30 UTC 2026 ===
BTC 5m Bot v3 - ATR+Vol Filter
MIN_PROB=0.87, ATR>0.8x avg, Vol>0.6x avg
Cycle 36/50

============================================================
Cycle #37 | 08:00:30 UTC
[BTC] 1440 candles
[FILTER] ATR=61.95 (avg=67.77, threshold=54.22)
[FILTER] Vol=0.2084 (avg=14.6695, threshold=8.8017)
[BTC] Last streaks: [1, 2, 3, 1, 2]
[MARKOV] Filtered=623 candles, 52 states
[MARKOV] State=2312, last_dir=DOWN, p̂=0.520 (n=25)
[POLY] YES=0.545, NO=0.455
[SIGNAL] DOWN, p̂=0.520, q=0.545, Δ=-0.025 → Low Vol (0.2084 < 8.8017)

✓ #37 p̂=0.520, Signal=False
⏰ Next: 08:01:54
---
=== Tue May 26 08:01:54 UTC 2026 ===
BTC 5m Bot v3 - ATR+Vol Filter
MIN_PROB=0.87, ATR>0.8x avg, Vol>0.6x avg
Cycle 37/50

============================================================
Cycle #38 | 08:01:54 UTC
[BTC] 1440 candles
[FILTER] ATR=63.40 (avg=67.84, threshold=54.27)
[FILTER] Vol=12.7953 (avg=15.2988, threshold=9.1793)
[BTC] Last streaks: [1, 2, 3, 1, 2]
[MARKOV] Filtered=610 candles, 52 states
[MARKOV] State=2312, last_dir=DOWN, p̂=0.520 (n=25)
[POLY] YES=0.545, NO=0.455
[SIGNAL] DOWN, p̂=0.520, q=0.545, Δ=-0.025 → p̂ 0.520 < 0.87

✓ #38 p̂=0.520, Signal=False
⏰ Next: 08:03:17
---
=== Tue May 26 08:03:17 UTC 2026 ===
BTC 5m Bot v3 - ATR+Vol Filter
MIN_PROB=0.87, ATR>0.8x avg, Vol>0.6x avg
Cycle 38/50

============================================================
Cycle #39 | 08:03:17 UTC
[BTC] 1440 candles
[FILTER] ATR=65.03 (avg=67.92, threshold=54.34)
[FILTER] Vol=14.8458 (avg=15.4014, threshold=9.2408)
[BTC] Last streaks: [1, 2, 3, 1, 2]
[MARKOV] Filtered=610 candles, 52 states
[MARKOV] State=2312, last_dir=DOWN, p̂=0.520 (n=25)
[POLY] YES=0.545, NO=0.455
[SIGNAL] DOWN, p̂=0.520, q=0.545, Δ=-0.025 → p̂ 0.520 < 0.87

✓ #39 p̂=0.520, Signal=False
⏰ Next: 08:04:41
---
=== Tue May 26 08:04:41 UTC 2026 ===
BTC 5m Bot v3 - ATR+Vol Filter
MIN_PROB=0.87, ATR>0.8x avg, Vol>0.6x avg
Cycle 39/50

============================================================
Cycle #40 | 08:04:41 UTC
[BTC] 1440 candles
[FILTER] ATR=66.08 (avg=67.98, threshold=54.38)
[FILTER] Vol=21.4189 (avg=15.7300, threshold=9.4380)
[BTC] Last streaks: [1, 2, 3, 1, 1]
[MARKOV] Filtered=601 candles, 52 states
[MARKOV] State=2311, last_dir=UP, p̂=0.556 (n=18)
[POLY] YES=0.545, NO=0.455
[SIGNAL] UP, p̂=0.556, q=0.455, Δ=0.101 → p̂ 0.556 < 0.87

✓ #40 p̂=0.556, Signal=False
⏰ Next: 08:06:04
---
=== Tue May 26 08:06:04 UTC 2026 ===
BTC 5m Bot v3 - ATR+Vol Filter
MIN_PROB=0.87, ATR>0.8x avg, Vol>0.6x avg
Cycle 40/50

============================================================
Cycle #41 | 08:06:04 UTC
[BTC] 1440 candles
[FILTER] ATR=64.29 (avg=68.32, threshold=54.65)
[FILTER] Vol=2.1933 (avg=15.0125, threshold=9.0075)
[BTC] Last streaks: [2, 3, 1, 1, 1]
[MARKOV] Filtered=613 candles, 52 states
[MARKOV] State=3111, last_dir=DOWN, p̂=0.727 (n=11)
[POLY] YES=0.505, NO=0.495
[SIGNAL] DOWN, p̂=0.727, q=0.505, Δ=0.222 → Low Vol (2.1933 < 9.0075)

✓ #41 p̂=0.727, Signal=False
⏰ Next: 08:07:28
---
=== Tue May 26 08:07:28 UTC 2026 ===
BTC 5m Bot v3 - ATR+Vol Filter
MIN_PROB=0.87, ATR>0.8x avg, Vol>0.6x avg
Cycle 41/50

============================================================
Cycle #42 | 08:07:28 UTC
[BTC] 1440 candles
[FILTER] ATR=66.00 (avg=68.40, threshold=54.72)
[FILTER] Vol=4.3107 (avg=15.1184, threshold=9.0710)
[BTC] Last streaks: [2, 3, 1, 1, 1]
[MARKOV] Filtered=612 candles, 52 states
[MARKOV] State=3111, last_dir=DOWN, p̂=0.727 (n=11)
[POLY] YES=0.505, NO=0.495
[SIGNAL] DOWN, p̂=0.727, q=0.505, Δ=0.222 → Low Vol (4.3107 < 9.0710)

✓ #42 p̂=0.727, Signal=False
⏰ Next: 08:08:51
---
=== Tue May 26 08:08:51 UTC 2026 ===
BTC 5m Bot v3 - ATR+Vol Filter
MIN_PROB=0.87, ATR>0.8x avg, Vol>0.6x avg
Cycle 42/50

============================================================
Cycle #43 | 08:08:52 UTC
[BTC] 1440 candles
[FILTER] ATR=66.00 (avg=68.40, threshold=54.72)
[FILTER] Vol=4.7696 (avg=15.1413, threshold=9.0848)
[BTC] Last streaks: [2, 3, 1, 1, 1]
[MARKOV] Filtered=611 candles, 52 states
[MARKOV] State=3111, last_dir=DOWN, p̂=0.727 (n=11)
[POLY] YES=0.505, NO=0.495
[SIGNAL] DOWN, p̂=0.727, q=0.505, Δ=0.222 → Low Vol (4.7696 < 9.0848)

✓ #43 p̂=0.727, Signal=False
⏰ Next: 08:10:15
---
=== Tue May 26 08:10:15 UTC 2026 ===
BTC 5m Bot v3 - ATR+Vol Filter
MIN_PROB=0.87, ATR>0.8x avg, Vol>0.6x avg
Cycle 43/50

============================================================
Cycle #44 | 08:10:15 UTC
[BTC] 1440 candles
[FILTER] ATR=62.59 (avg=68.72, threshold=54.97)
[FILTER] Vol=0.0150 (avg=14.6227, threshold=8.7736)
[BTC] Last streaks: [3, 1, 1, 2, 1]
[MARKOV] Filtered=621 candles, 52 states
[MARKOV] State=1121, last_dir=DOWN, p̂=0.610 (n=41)
[POLY] YES=0.505, NO=0.495
[SIGNAL] DOWN, p̂=0.610, q=0.505, Δ=0.105 → Low Vol (0.0150 < 8.7736)

✓ #44 p̂=0.610, Signal=False
⏰ Next: 08:11:38
---
=== Tue May 26 08:11:38 UTC 2026 ===
BTC 5m Bot v3 - ATR+Vol Filter
MIN_PROB=0.87, ATR>0.8x avg, Vol>0.6x avg
Cycle 44/50

============================================================
Cycle #45 | 08:11:38 UTC
[BTC] 1440 candles
[FILTER] ATR=65.37 (avg=68.85, threshold=55.08)
[FILTER] Vol=0.8034 (avg=14.6621, threshold=8.7973)
[BTC] Last streaks: [3, 1, 1, 2, 3]
[MARKOV] Filtered=619 candles, 52 states
[MARKOV] State=1123, last_dir=UP, p̂=0.583 (n=36)
[POLY] YES=0.505, NO=0.495
[SIGNAL] UP, p̂=0.583, q=0.495, Δ=0.088 → Low Vol (0.8034 < 8.7973)

✓ #45 p̂=0.583, Signal=False
⏰ Next: 08:13:02
---
=== Tue May 26 08:13:02 UTC 2026 ===
BTC 5m Bot v3 - ATR+Vol Filter
MIN_PROB=0.87, ATR>0.8x avg, Vol>0.6x avg
Cycle 45/50

============================================================
Cycle #46 | 08:13:02 UTC
[BTC] 1440 candles
[FILTER] ATR=65.91 (avg=68.88, threshold=55.11)
[FILTER] Vol=2.6755 (avg=14.7557, threshold=8.8534)
[BTC] Last streaks: [3, 1, 1, 2, 3]
[MARKOV] Filtered=618 candles, 52 states
[MARKOV] State=1123, last_dir=UP, p̂=0.583 (n=36)
[POLY] YES=0.505, NO=0.495
[SIGNAL] UP, p̂=0.583, q=0.495, Δ=0.088 → Low Vol (2.6755 < 8.8534)

✓ #46 p̂=0.583, Signal=False
⏰ Next: 08:14:25
---
=== Tue May 26 08:14:25 UTC 2026 ===
BTC 5m Bot v3 - ATR+Vol Filter
MIN_PROB=0.87, ATR>0.8x avg, Vol>0.6x avg
Cycle 46/50

============================================================
Cycle #47 | 08:14:26 UTC
[BTC] 1440 candles
[FILTER] ATR=66.90 (avg=68.93, threshold=55.14)
[FILTER] Vol=7.0132 (avg=14.9726, threshold=8.9836)
[BTC] Last streaks: [3, 1, 1, 2, 3]
[MARKOV] Filtered=610 candles, 52 states
[MARKOV] State=1123, last_dir=UP, p̂=0.571 (n=35)
[POLY] YES=0.505, NO=0.495
[SIGNAL] UP, p̂=0.571, q=0.495, Δ=0.076 → Low Vol (7.0132 < 8.9836)

✓ #47 p̂=0.571, Signal=False
⏰ Next: 08:15:49
---
=== Tue May 26 08:15:49 UTC 2026 ===
BTC 5m Bot v3 - ATR+Vol Filter
MIN_PROB=0.87, ATR>0.8x avg, Vol>0.6x avg
Cycle 47/50

============================================================
Cycle #48 | 08:15:49 UTC
[BTC] 1440 candles
[FILTER] ATR=60.04 (avg=68.63, threshold=54.90)
[FILTER] Vol=0.1377 (avg=14.1377, threshold=8.4826)
[BTC] Last streaks: [1, 1, 2, 3, 1]
[MARKOV] Filtered=639 candles, 52 states
[MARKOV] State=1231, last_dir=DOWN, p̂=0.500 (n=46)
[POLY] YES=0.515, NO=0.485
[SIGNAL] DOWN, p̂=0.500, q=0.515, Δ=-0.015 → Low Vol (0.1377 < 8.4826)

✓ #48 p̂=0.500, Signal=False
⏰ Next: 08:17:12
---
=== Tue May 26 08:17:12 UTC 2026 ===
BTC 5m Bot v3 - ATR+Vol Filter
MIN_PROB=0.87, ATR>0.8x avg, Vol>0.6x avg
Cycle 48/50

============================================================
Cycle #49 | 08:17:13 UTC
[BTC] 1440 candles
[FILTER] ATR=63.39 (avg=68.79, threshold=55.03)
[FILTER] Vol=2.2269 (avg=14.2421, threshold=8.5453)
[BTC] Last streaks: [1, 1, 2, 3, 1]
[MARKOV] Filtered=632 candles, 52 states
[MARKOV] State=1231, last_dir=DOWN, p̂=0.500 (n=46)
[POLY] YES=0.515, NO=0.485
[SIGNAL] DOWN, p̂=0.500, q=0.515, Δ=-0.015 → Low Vol (2.2269 < 8.5453)

✓ #49 p̂=0.500, Signal=False
⏰ Next: 08:18:36
---
=== Tue May 26 08:18:36 UTC 2026 ===
BTC 5m Bot v3 - ATR+Vol Filter
MIN_PROB=0.87, ATR>0.8x avg, Vol>0.6x avg
Cycle 49/50

============================================================
Cycle #50 | 08:18:36 UTC
[BTC] 1440 candles
[FILTER] ATR=63.39 (avg=68.79, threshold=55.03)
[FILTER] Vol=3.2857 (avg=14.2951, threshold=8.5770)
[BTC] Last streaks: [1, 1, 2, 3, 1]
[MARKOV] Filtered=632 candles, 52 states
[MARKOV] State=1231, last_dir=DOWN, p̂=0.500 (n=46)
[POLY] YES=0.515, NO=0.485
[SIGNAL] DOWN, p̂=0.500, q=0.515, Δ=-0.015 → Low Vol (3.2857 < 8.5770)

🌙 NIGHTLY REVIEW after 50 cycles
[REVIEW] max p̂=1.000, avg=0.602, MIN_PROB=0.87

✓ #50 p̂=0.500, Signal=False
⏰ Next: 08:20:00
---
=== Tue May 26 08:20:00 UTC 2026 ===
BTC 5m Bot v3 - ATR+Vol Filter
MIN_PROB=0.87, ATR>0.8x avg, Vol>0.6x avg
Cycle 50/50

============================================================
Cycle #51 | 08:20:00 UTC
[BTC] 1440 candles
[FILTER] ATR=57.59 (avg=68.12, threshold=54.50)
[FILTER] Vol=0.0662 (avg=13.2815, threshold=7.9689)
[BTC] Last streaks: [1, 2, 3, 4, 1]
[MARKOV] Filtered=677 candles, 52 states
[MARKOV] State=2341, last_dir=DOWN, p̂=0.650 (n=20)
[POLY] YES=0.505, NO=0.495
[SIGNAL] DOWN, p̂=0.650, q=0.505, Δ=0.145 → Low Vol (0.0662 < 7.9689)

✓ #51 p̂=0.650, Signal=False
⏰ Next: 08:21:24
---
=== Tue May 26 08:21:24 UTC 2026 ===
BTC 5m Bot v3 - ATR+Vol Filter
MIN_PROB=0.87, ATR>0.8x avg, Vol>0.6x avg
Cycle 51/50

============================================================
Cycle #52 | 08:21:24 UTC
[BTC] 1440 candles
[FILTER] ATR=58.29 (avg=68.16, threshold=54.53)
[FILTER] Vol=0.9266 (avg=13.3245, threshold=7.9947)
[BTC] Last streaks: [1, 2, 3, 4, 1]
[MARKOV] Filtered=675 candles, 52 states
[MARKOV] State=2341, last_dir=DOWN, p̂=0.650 (n=20)
[POLY] YES=0.505, NO=0.495
[SIGNAL] DOWN, p̂=0.650, q=0.505, Δ=0.145 → Low Vol (0.9266 < 7.9947)

✓ #52 p̂=0.650, Signal=False
⏰ Next: 08:22:47
---
=== Tue May 26 08:22:47 UTC 2026 ===
BTC 5m Bot v3 - ATR+Vol Filter
MIN_PROB=0.87, ATR>0.8x avg, Vol>0.6x avg
Cycle 52/50

============================================================
Cycle #53 | 08:22:47 UTC
[BTC] 1440 candles
[FILTER] ATR=58.89 (avg=68.19, threshold=54.55)
[FILTER] Vol=1.7879 (avg=13.3676, threshold=8.0205)
[BTC] Last streaks: [1, 2, 3, 4, 1]
[MARKOV] Filtered=673 candles, 52 states
[MARKOV] State=2341, last_dir=DOWN, p̂=0.650 (n=20)
[POLY] YES=0.505, NO=0.495
[SIGNAL] DOWN, p̂=0.650, q=0.505, Δ=0.145 → Low Vol (1.7879 < 8.0205)

✓ #53 p̂=0.650, Signal=False
⏰ Next: 08:24:10
---
=== Tue May 26 08:24:11 UTC 2026 ===
BTC 5m Bot v3 - ATR+Vol Filter
MIN_PROB=0.87, ATR>0.8x avg, Vol>0.6x avg
Cycle 53/50

============================================================
Cycle #54 | 08:24:11 UTC
[BTC] 1440 candles
[FILTER] ATR=58.89 (avg=68.19, threshold=54.55)
[FILTER] Vol=7.9377 (avg=13.6751, threshold=8.2050)
[BTC] Last streaks: [1, 2, 3, 4, 1]
[MARKOV] Filtered=664 candles, 52 states
[MARKOV] State=2341, last_dir=DOWN, p̂=0.650 (n=20)
[POLY] YES=0.505, NO=0.495
[SIGNAL] DOWN, p̂=0.650, q=0.505, Δ=0.145 → Low Vol (7.9377 < 8.2050)

✓ #54 p̂=0.650, Signal=False
⏰ Next: 08:25:34
---
=== Tue May 26 08:25:34 UTC 2026 ===
BTC 5m Bot v3 - ATR+Vol Filter
MIN_PROB=0.87, ATR>0.8x avg, Vol>0.6x avg
Cycle 54/50

============================================================
Cycle #55 | 08:25:34 UTC
[BTC] 1440 candles
[FILTER] ATR=52.57 (avg=67.39, threshold=53.91)
[FILTER] Vol=0.0392 (avg=13.3461, threshold=8.0077)
[BTC] Last streaks: [2, 3, 4, 1, 2]
[MARKOV] Filtered=675 candles, 52 states
[MARKOV] State=3412, last_dir=DOWN, p̂=0.688 (n=16)
[POLY] YES=0.505, NO=0.495
[SIGNAL] DOWN, p̂=0.688, q=0.505, Δ=0.182 → Low ATR (52.57 < 53.91)

✓ #55 p̂=0.688, Signal=False
⏰ Next: 08:26:57
---
=== Tue May 26 08:26:57 UTC 2026 ===
BTC 5m Bot v3 - ATR+Vol Filter
MIN_PROB=0.87, ATR>0.8x avg, Vol>0.6x avg
Cycle 55/50

============================================================
Cycle #56 | 08:26:58 UTC
[BTC] 1440 candles
[FILTER] ATR=54.84 (avg=67.50, threshold=54.00)
[FILTER] Vol=1.8443 (avg=13.4364, threshold=8.0618)
[BTC] Last streaks: [2, 3, 4, 1, 1]
[MARKOV] Filtered=671 candles, 52 states
[MARKOV] State=3411, last_dir=UP, p̂=0.800 (n=5)
[POLY] YES=0.505, NO=0.495
[SIGNAL] UP, p̂=0.800, q=0.495, Δ=0.305 → Low Vol (1.8443 < 8.0618)

✓ #56 p̂=0.800, Signal=False
⏰ Next: 08:28:21
---
=== Tue May 26 08:28:21 UTC 2026 ===
BTC 5m Bot v3 - ATR+Vol Filter
MIN_PROB=0.87, ATR>0.8x avg, Vol>0.6x avg
Cycle 56/50

============================================================
Cycle #57 | 08:28:21 UTC
[BTC] 1440 candles
[FILTER] ATR=56.21 (avg=67.57, threshold=54.06)
[FILTER] Vol=2.8898 (avg=13.4886, threshold=8.0932)
[BTC] Last streaks: [2, 3, 4, 1, 1]
[MARKOV] Filtered=670 candles, 52 states
[MARKOV] State=3411, last_dir=UP, p̂=0.800 (n=5)
[POLY] YES=0.505, NO=0.495
[SIGNAL] UP, p̂=0.800, q=0.495, Δ=0.305 → Low Vol (2.8898 < 8.0932)

✓ #57 p̂=0.800, Signal=False
⏰ Next: 08:29:44
---
=== Tue May 26 08:29:45 UTC 2026 ===
BTC 5m Bot v3 - ATR+Vol Filter
MIN_PROB=0.87, ATR>0.8x avg, Vol>0.6x avg
Cycle 57/50

============================================================
Cycle #58 | 08:29:45 UTC
[BTC] 1440 candles
[FILTER] ATR=56.21 (avg=67.57, threshold=54.06)
[FILTER] Vol=4.6161 (avg=13.5750, threshold=8.1450)
[BTC] Last streaks: [2, 3, 4, 1, 1]
[MARKOV] Filtered=668 candles, 52 states
[MARKOV] State=3411, last_dir=UP, p̂=0.800 (n=5)
[POLY] YES=0.505, NO=0.495
[SIGNAL] UP, p̂=0.800, q=0.495, Δ=0.305 → Low Vol (4.6161 < 8.1450)

✓ #58 p̂=0.800, Signal=False
⏰ Next: 08:31:08
---
=== Tue May 26 08:31:08 UTC 2026 ===
BTC 5m Bot v3 - ATR+Vol Filter
MIN_PROB=0.87, ATR>0.8x avg, Vol>0.6x avg
Cycle 58/50

============================================================
Cycle #59 | 08:31:08 UTC
[BTC] 1440 candles
[FILTER] ATR=53.45 (avg=66.88, threshold=53.51)
[FILTER] Vol=0.3606 (avg=13.3384, threshold=8.0030)
[BTC] Last streaks: [3, 4, 1, 1, 1]
[MARKOV] Filtered=675 candles, 52 states
[MARKOV] State=4111, last_dir=DOWN, p̂=0.400 (n=5)
[POLY] YES=0.505, NO=0.495
[SIGNAL] DOWN, p̂=0.400, q=0.505, Δ=-0.105 → Low ATR (53.45 < 53.51)

✓ #59 p̂=0.400, Signal=False
⏰ Next: 08:32:31
---
=== Tue May 26 08:32:31 UTC 2026 ===
BTC 5m Bot v3 - ATR+Vol Filter
MIN_PROB=0.87, ATR>0.8x avg, Vol>0.6x avg
Cycle 59/50

============================================================
Cycle #60 | 08:32:32 UTC
[BTC] 1440 candles
[FILTER] ATR=54.84 (avg=66.95, threshold=53.56)
[FILTER] Vol=2.5968 (avg=13.4502, threshold=8.0701)
[BTC] Last streaks: [3, 4, 1, 1, 2]
[MARKOV] Filtered=671 candles, 52 states
[MARKOV] State=4112, last_dir=UP, p̂=0.800 (n=5)
[POLY] YES=0.505, NO=0.495
[SIGNAL] UP, p̂=0.800, q=0.495, Δ=0.305 → Low Vol (2.5968 < 8.0701)

✓ #60 p̂=0.800, Signal=False
⏰ Next: 08:33:55
---
=== Tue May 26 08:33:55 UTC 2026 ===
BTC 5m Bot v3 - ATR+Vol Filter
MIN_PROB=0.87, ATR>0.8x avg, Vol>0.6x avg
Cycle 60/50

============================================================
Cycle #61 | 08:33:55 UTC
[BTC] 1440 candles
[FILTER] ATR=54.84 (avg=66.95, threshold=53.56)
[FILTER] Vol=3.8885 (avg=13.5148, threshold=8.1089)
[BTC] Last streaks: [3, 4, 1, 1, 1]
[MARKOV] Filtered=670 candles, 52 states
[MARKOV] State=4111, last_dir=DOWN, p̂=0.400 (n=5)
[POLY] YES=0.505, NO=0.495
[SIGNAL] DOWN, p̂=0.400, q=0.505, Δ=-0.105 → Low Vol (3.8885 < 8.1089)

✓ #61 p̂=0.400, Signal=False
⏰ Next: 08:35:18
---
=== Tue May 26 08:35:18 UTC 2026 ===
BTC 5m Bot v3 - ATR+Vol Filter
MIN_PROB=0.87, ATR>0.8x avg, Vol>0.6x avg
Cycle 61/50

============================================================
Cycle #62 | 08:35:19 UTC
[BTC] 1440 candles
[FILTER] ATR=55.10 (avg=66.40, threshold=53.12)
[FILTER] Vol=0.2308 (avg=13.5219, threshold=8.1131)
[BTC] Last streaks: [4, 1, 1, 1, 2]
[MARKOV] Filtered=672 candles, 52 states
[MARKOV] State=1112, last_dir=DOWN, p̂=0.593 (n=54)
[POLY] YES=0.505, NO=0.495
[SIGNAL] DOWN, p̂=0.593, q=0.505, Δ=0.088 → Low Vol (0.2308 < 8.1131)

✓ #62 p̂=0.593, Signal=False
⏰ Next: 08:36:42
---
=== Tue May 26 08:36:42 UTC 2026 ===
BTC 5m Bot v3 - ATR+Vol Filter
MIN_PROB=0.87, ATR>0.8x avg, Vol>0.6x avg
Cycle 62/50

============================================================
Cycle #63 | 08:36:42 UTC
[BTC] 1440 candles
[FILTER] ATR=55.86 (avg=66.44, threshold=53.15)
[FILTER] Vol=0.6643 (avg=13.5436, threshold=8.1261)
[BTC] Last streaks: [4, 1, 1, 1, 1]
[MARKOV] Filtered=671 candles, 52 states
[MARKOV] State=1111, last_dir=UP, p̂=0.404 (n=47)
[POLY] YES=0.505, NO=0.495
[SIGNAL] UP, p̂=0.404, q=0.495, Δ=-0.091 → Low Vol (0.6643 < 8.1261)

✓ #63 p̂=0.404, Signal=False
⏰ Next: 08:38:05
---
=== Tue May 26 08:38:06 UTC 2026 ===
BTC 5m Bot v3 - ATR+Vol Filter
MIN_PROB=0.87, ATR>0.8x avg, Vol>0.6x avg
Cycle 63/50

============================================================
Cycle #64 | 08:38:06 UTC
[BTC] 1440 candles
[FILTER] ATR=58.83 (avg=66.59, threshold=53.27)
[FILTER] Vol=2.6050 (avg=13.6406, threshold=8.1844)
[BTC] Last streaks: [4, 1, 1, 1, 1]
[MARKOV] Filtered=667 candles, 52 states
[MARKOV] State=1111, last_dir=UP, p̂=0.413 (n=46)
[POLY] YES=0.505, NO=0.495
[SIGNAL] UP, p̂=0.413, q=0.495, Δ=-0.082 → Low Vol (2.6050 < 8.1844)

✓ #64 p̂=0.413, Signal=False
⏰ Next: 08:39:29
---
=== Tue May 26 08:39:29 UTC 2026 ===
BTC 5m Bot v3 - ATR+Vol Filter
MIN_PROB=0.87, ATR>0.8x avg, Vol>0.6x avg
Cycle 64/50

============================================================
Cycle #65 | 08:39:29 UTC
[BTC] 1440 candles
[FILTER] ATR=61.17 (avg=66.71, threshold=53.37)
[FILTER] Vol=4.3059 (avg=13.7256, threshold=8.2354)
[BTC] Last streaks: [4, 1, 1, 1, 1]
[MARKOV] Filtered=663 candles, 52 states
[MARKOV] State=1111, last_dir=UP, p̂=0.413 (n=46)
[POLY] YES=0.505, NO=0.495
[SIGNAL] UP, p̂=0.413, q=0.495, Δ=-0.082 → Low Vol (4.3059 < 8.2354)

✓ #65 p̂=0.413, Signal=False
⏰ Next: 08:40:53
---
=== Tue May 26 08:40:53 UTC 2026 ===
BTC 5m Bot v3 - ATR+Vol Filter
MIN_PROB=0.87, ATR>0.8x avg, Vol>0.6x avg
Cycle 65/50

============================================================
Cycle #66 | 08:40:53 UTC
[BTC] 1440 candles
[FILTER] ATR=57.17 (avg=66.11, threshold=52.89)
[FILTER] Vol=0.5725 (avg=13.6182, threshold=8.1709)
[BTC] Last streaks: [1, 1, 1, 1, 1]
[MARKOV] Filtered=668 candles, 52 states
[MARKOV] State=1111, last_dir=DOWN, p̂=0.413 (n=46)
[POLY] YES=0.505, NO=0.495
[SIGNAL] DOWN, p̂=0.413, q=0.505, Δ=-0.092 → Low Vol (0.5725 < 8.1709)

✓ #66 p̂=0.413, Signal=False
⏰ Next: 08:42:16
---
=== Tue May 26 08:42:16 UTC 2026 ===
BTC 5m Bot v3 - ATR+Vol Filter
MIN_PROB=0.87, ATR>0.8x avg, Vol>0.6x avg
Cycle 66/50

============================================================
Cycle #67 | 08:42:16 UTC
[BTC] 1440 candles
[FILTER] ATR=57.17 (avg=66.11, threshold=52.89)
[FILTER] Vol=0.6697 (avg=13.6231, threshold=8.1739)
[BTC] Last streaks: [1, 1, 1, 1, 1]
[MARKOV] Filtered=668 candles, 52 states
[MARKOV] State=1111, last_dir=DOWN, p̂=0.413 (n=46)
[POLY] YES=0.505, NO=0.495
[SIGNAL] DOWN, p̂=0.413, q=0.505, Δ=-0.092 → Low Vol (0.6697 < 8.1739)

✓ #67 p̂=0.413, Signal=False
⏰ Next: 08:43:39
---
=== Tue May 26 08:43:40 UTC 2026 ===
BTC 5m Bot v3 - ATR+Vol Filter
MIN_PROB=0.87, ATR>0.8x avg, Vol>0.6x avg
Cycle 67/50

============================================================
Cycle #68 | 08:43:40 UTC
[BTC] 1440 candles
[FILTER] ATR=57.17 (avg=66.11, threshold=52.89)
[FILTER] Vol=1.1326 (avg=13.6463, threshold=8.1878)
[BTC] Last streaks: [1, 1, 1, 1, 1]
[MARKOV] Filtered=666 candles, 52 states
[MARKOV] State=1111, last_dir=DOWN, p̂=0.413 (n=46)
[POLY] YES=0.505, NO=0.495
[SIGNAL] DOWN, p̂=0.413, q=0.505, Δ=-0.092 → Low Vol (1.1326 < 8.1878)

✓ #68 p̂=0.413, Signal=False
⏰ Next: 08:45:03
---
=== Tue May 26 08:45:03 UTC 2026 ===
BTC 5m Bot v3 - ATR+Vol Filter
MIN_PROB=0.87, ATR>0.8x avg, Vol>0.6x avg
Cycle 68/50

============================================================
Cycle #69 | 08:45:03 UTC
[BTC] 1440 candles
[FILTER] ATR=53.42 (avg=65.22, threshold=52.18)
[FILTER] Vol=0.0020 (avg=13.3102, threshold=7.9861)
[BTC] Last streaks: [1, 1, 1, 1, 2]
[MARKOV] Filtered=681 candles, 53 states
[MARKOV] State=1112, last_dir=DOWN, p̂=0.593 (n=54)
[POLY] YES=0.505, NO=0.495
[SIGNAL] DOWN, p̂=0.593, q=0.505, Δ=0.088 → Low Vol (0.0020 < 7.9861)

✓ #69 p̂=0.593, Signal=False
⏰ Next: 08:46:27
---
=== Tue May 26 08:46:27 UTC 2026 ===
BTC 5m Bot v3 - ATR+Vol Filter
MIN_PROB=0.87, ATR>0.8x avg, Vol>0.6x avg
Cycle 69/50

============================================================
Cycle #70 | 08:46:27 UTC
[BTC] 1440 candles
[FILTER] ATR=53.75 (avg=65.24, threshold=52.19)
[FILTER] Vol=0.8580 (avg=13.3530, threshold=8.0118)
[BTC] Last streaks: [1, 1, 1, 1, 1]
[MARKOV] Filtered=680 candles, 53 states
[MARKOV] State=1111, last_dir=UP, p̂=0.396 (n=48)
[POLY] YES=0.505, NO=0.495
[SIGNAL] UP, p̂=0.396, q=0.495, Δ=-0.099 → Low Vol (0.8580 < 8.0118)

✓ #70 p̂=0.396, Signal=False
⏰ Next: 08:47:50
---
=== Tue May 26 08:47:50 UTC 2026 ===
BTC 5m Bot v3 - ATR+Vol Filter
MIN_PROB=0.87, ATR>0.8x avg, Vol>0.6x avg
Cycle 70/50

============================================================
Cycle #71 | 08:47:50 UTC
[BTC] 1440 candles
[FILTER] ATR=55.14 (avg=65.31, threshold=52.25)
[FILTER] Vol=2.6969 (avg=13.4449, threshold=8.0669)
[BTC] Last streaks: [1, 1, 1, 1, 2]
[MARKOV] Filtered=675 candles, 53 states
[MARKOV] State=1112, last_dir=DOWN, p̂=0.593 (n=54)
[POLY] YES=0.505, NO=0.495
[SIGNAL] DOWN, p̂=0.593, q=0.505, Δ=0.088 → Low Vol (2.6969 < 8.0669)

✓ #71 p̂=0.593, Signal=False
⏰ Next: 08:49:14
---
=== Tue May 26 08:49:14 UTC 2026 ===
BTC 5m Bot v3 - ATR+Vol Filter
MIN_PROB=0.87, ATR>0.8x avg, Vol>0.6x avg
Cycle 71/50

============================================================
Cycle #72 | 08:49:14 UTC
[BTC] 1440 candles
[FILTER] ATR=56.74 (avg=65.39, threshold=52.31)
[FILTER] Vol=3.9805 (avg=13.5091, threshold=8.1054)
[BTC] Last streaks: [1, 1, 1, 1, 2]
[MARKOV] Filtered=673 candles, 53 states
[MARKOV] State=1112, last_dir=DOWN, p̂=0.593 (n=54)
[POLY] YES=0.505, NO=0.495
[SIGNAL] DOWN, p̂=0.593, q=0.505, Δ=0.088 → Low Vol (3.9805 < 8.1054)

✓ #72 p̂=0.593, Signal=False
⏰ Next: 08:50:37
---
=== Tue May 26 08:50:37 UTC 2026 ===
BTC 5m Bot v3 - ATR+Vol Filter
MIN_PROB=0.87, ATR>0.8x avg, Vol>0.6x avg
Cycle 72/50

============================================================
Cycle #73 | 08:50:37 UTC
[BTC] 1440 candles
[FILTER] ATR=57.51 (avg=64.76, threshold=51.81)
[FILTER] Vol=5.2396 (avg=13.4066, threshold=8.0439)
[BTC] Last streaks: [1, 1, 1, 2, 3]
[MARKOV] Filtered=678 candles, 53 states
[MARKOV] State=1123, last_dir=DOWN, p̂=0.550 (n=40)
[POLY] YES=0.505, NO=0.495
[SIGNAL] DOWN, p̂=0.550, q=0.505, Δ=0.045 → Low Vol (5.2396 < 8.0439)

✓ #73 p̂=0.550, Signal=False
⏰ Next: 08:52:01
---
=== Tue May 26 08:52:01 UTC 2026 ===
BTC 5m Bot v3 - ATR+Vol Filter
MIN_PROB=0.87, ATR>0.8x avg, Vol>0.6x avg
Cycle 73/50

============================================================
Cycle #74 | 08:52:01 UTC
[BTC] 1440 candles
[FILTER] ATR=58.66 (avg=64.82, threshold=51.86)
[FILTER] Vol=7.0098 (avg=13.4951, threshold=8.0971)
[BTC] Last streaks: [1, 1, 1, 2, 1]
[MARKOV] Filtered=676 candles, 53 states
[MARKOV] State=1121, last_dir=UP, p̂=0.610 (n=41)
[POLY] YES=0.505, NO=0.495
[SIGNAL] UP, p̂=0.610, q=0.495, Δ=0.115 → Low Vol (7.0098 < 8.0971)

✓ #74 p̂=0.610, Signal=False
⏰ Next: 08:53:24
---
=== Tue May 26 08:53:24 UTC 2026 ===
BTC 5m Bot v3 - ATR+Vol Filter
MIN_PROB=0.87, ATR>0.8x avg, Vol>0.6x avg
Cycle 74/50

============================================================
Cycle #75 | 08:53:24 UTC
[BTC] 1440 candles
[FILTER] ATR=59.25 (avg=64.85, threshold=51.88)
[FILTER] Vol=7.9521 (avg=13.5422, threshold=8.1253)
[BTC] Last streaks: [1, 1, 1, 2, 1]
[MARKOV] Filtered=675 candles, 53 states
[MARKOV] State=1121, last_dir=UP, p̂=0.610 (n=41)
[POLY] YES=0.505, NO=0.495
[SIGNAL] UP, p̂=0.610, q=0.495, Δ=0.115 → Low Vol (7.9521 < 8.1253)

✓ #75 p̂=0.610, Signal=False
⏰ Next: 08:54:48
---
=== Tue May 26 08:54:48 UTC 2026 ===
BTC 5m Bot v3 - ATR+Vol Filter
MIN_PROB=0.87, ATR>0.8x avg, Vol>0.6x avg
Cycle 75/50

============================================================
Cycle #76 | 08:54:48 UTC
[BTC] 1440 candles
[FILTER] ATR=59.25 (avg=64.85, threshold=51.88)
[FILTER] Vol=8.7063 (avg=13.5799, threshold=8.1479)
[BTC] Last streaks: [1, 1, 1, 2, 1]
[MARKOV] Filtered=674 candles, 53 states
[MARKOV] State=1121, last_dir=UP, p̂=0.610 (n=41)
[POLY] YES=0.505, NO=0.495
[SIGNAL] UP, p̂=0.610, q=0.495, Δ=0.115 → p̂ 0.610 < 0.87

✓ #76 p̂=0.610, Signal=False
⏰ Next: 08:56:11
---
=== Tue May 26 08:56:11 UTC 2026 ===
BTC 5m Bot v3 - ATR+Vol Filter
MIN_PROB=0.87, ATR>0.8x avg, Vol>0.6x avg
Cycle 76/50

============================================================
Cycle #77 | 08:56:11 UTC
[BTC] 1440 candles
[FILTER] ATR=58.14 (avg=64.08, threshold=51.26)
[FILTER] Vol=1.5437 (avg=12.5443, threshold=7.5266)
[BTC] Last streaks: [1, 1, 2, 1, 1]
[MARKOV] Filtered=714 candles, 53 states
[MARKOV] State=1211, last_dir=DOWN, p̂=0.489 (n=45)
[POLY] YES=0.505, NO=0.495
[SIGNAL] DOWN, p̂=0.489, q=0.505, Δ=-0.016 → Low Vol (1.5437 < 7.5266)

✓ #77 p̂=0.489, Signal=False
⏰ Next: 08:57:35
---
=== Tue May 26 08:57:35 UTC 2026 ===
BTC 5m Bot v3 - ATR+Vol Filter
MIN_PROB=0.87, ATR>0.8x avg, Vol>0.6x avg
Cycle 77/50

============================================================
Cycle #78 | 08:57:35 UTC
[BTC] 1440 candles
[FILTER] ATR=58.14 (avg=64.08, threshold=51.26)
[FILTER] Vol=2.0458 (avg=12.5694, threshold=7.5416)
[BTC] Last streaks: [1, 1, 2, 1, 1]
[MARKOV] Filtered=713 candles, 53 states
[MARKOV] State=1211, last_dir=DOWN, p̂=0.489 (n=45)
[POLY] YES=0.505, NO=0.495
[SIGNAL] DOWN, p̂=0.489, q=0.505, Δ=-0.016 → Low Vol (2.0458 < 7.5416)

✓ #78 p̂=0.489, Signal=False
⏰ Next: 08:58:58
---
=== Tue May 26 08:58:58 UTC 2026 ===
BTC 5m Bot v3 - ATR+Vol Filter
MIN_PROB=0.87, ATR>0.8x avg, Vol>0.6x avg
Cycle 78/50

============================================================
Cycle #79 | 08:58:58 UTC
[BTC] 1440 candles
[FILTER] ATR=60.91 (avg=64.21, threshold=51.37)
[FILTER] Vol=13.4596 (avg=13.1401, threshold=7.8840)
[BTC] Last streaks: [1, 1, 2, 1, 1]
[MARKOV] Filtered=695 candles, 53 states
[MARKOV] State=1211, last_dir=DOWN, p̂=0.477 (n=44)
[POLY] YES=0.505, NO=0.495
[SIGNAL] DOWN, p̂=0.477, q=0.505, Δ=-0.028 → p̂ 0.477 < 0.87

✓ #79 p̂=0.477, Signal=False
⏰ Next: 09:00:22
---
=== Tue May 26 09:00:22 UTC 2026 ===
BTC 5m Bot v3 - ATR+Vol Filter
MIN_PROB=0.87, ATR>0.8x avg, Vol>0.6x avg
Cycle 79/50

============================================================
Cycle #80 | 09:00:22 UTC
[BTC] 1440 candles
[FILTER] ATR=57.58 (avg=63.45, threshold=50.76)
[FILTER] Vol=1.4501 (avg=12.9894, threshold=7.7937)
[BTC] Last streaks: [1, 2, 1, 1, 1]
[MARKOV] Filtered=701 candles, 53 states
[MARKOV] State=2111, last_dir=UP, p̂=0.483 (n=29)
[POLY] YES=0.505, NO=0.495
[SIGNAL] UP, p̂=0.483, q=0.495, Δ=-0.012 → Low Vol (1.4501 < 7.7937)

✓ #80 p̂=0.483, Signal=False
⏰ Next: 09:01:45
---
=== Tue May 26 09:01:45 UTC 2026 ===
BTC 5m Bot v3 - ATR+Vol Filter
MIN_PROB=0.87, ATR>0.8x avg, Vol>0.6x avg
Cycle 80/50

============================================================
Cycle #81 | 09:01:45 UTC
[BTC] 1440 candles
[FILTER] ATR=58.52 (avg=63.50, threshold=50.80)
[FILTER] Vol=2.4920 (avg=13.0415, threshold=7.8249)
[BTC] Last streaks: [1, 2, 1, 1, 2]
[MARKOV] Filtered=701 candles, 53 states
[MARKOV] State=2112, last_dir=DOWN, p̂=0.235 (n=17)
[POLY] YES=0.505, NO=0.495
[SIGNAL] DOWN, p̂=0.235, q=0.505, Δ=-0.270 → Low Vol (2.4920 < 7.8249)

✓ #81 p̂=0.235, Signal=False
⏰ Next: 09:03:09
---
=== Tue May 26 09:03:09 UTC 2026 ===
BTC 5m Bot v3 - ATR+Vol Filter
MIN_PROB=0.87, ATR>0.8x avg, Vol>0.6x avg
Cycle 81/50

============================================================
Cycle #82 | 09:03:09 UTC
[BTC] 1440 candles
[FILTER] ATR=61.16 (avg=63.63, threshold=50.90)
[FILTER] Vol=5.0554 (avg=13.1697, threshold=7.9018)
[BTC] Last streaks: [1, 2, 1, 1, 2]
[MARKOV] Filtered=698 candles, 53 states
[MARKOV] State=2112, last_dir=DOWN, p̂=0.235 (n=17)
[POLY] YES=0.505, NO=0.495
[SIGNAL] DOWN, p̂=0.235, q=0.505, Δ=-0.270 → Low Vol (5.0554 < 7.9018)

✓ #82 p̂=0.235, Signal=False
⏰ Next: 09:04:32
---
=== Tue May 26 09:04:32 UTC 2026 ===
BTC 5m Bot v3 - ATR+Vol Filter
MIN_PROB=0.87, ATR>0.8x avg, Vol>0.6x avg
Cycle 82/50

============================================================
Cycle #83 | 09:04:32 UTC
[BTC] 1440 candles
[FILTER] ATR=61.16 (avg=63.63, threshold=50.90)
[FILTER] Vol=6.4419 (avg=13.2390, threshold=7.9434)
[BTC] Last streaks: [1, 2, 1, 1, 2]
[MARKOV] Filtered=694 candles, 53 states
[MARKOV] State=2112, last_dir=DOWN, p̂=0.235 (n=17)
[POLY] YES=0.505, NO=0.495
[SIGNAL] DOWN, p̂=0.235, q=0.505, Δ=-0.270 → Low Vol (6.4419 < 7.9434)

✓ #83 p̂=0.235, Signal=False
⏰ Next: 09:05:56
---
=== Tue May 26 09:05:56 UTC 2026 ===
BTC 5m Bot v3 - ATR+Vol Filter
MIN_PROB=0.87, ATR>0.8x avg, Vol>0.6x avg
Cycle 83/50

============================================================
Cycle #84 | 09:05:56 UTC
[BTC] 1440 candles
[FILTER] ATR=55.73 (avg=62.77, threshold=50.22)
[FILTER] Vol=0.2628 (avg=12.9165, threshold=7.7499)
[BTC] Last streaks: [2, 1, 1, 2, 3]
[MARKOV] Filtered=702 candles, 53 states
[MARKOV] State=1123, last_dir=DOWN, p̂=0.512 (n=43)
[POLY] YES=0.505, NO=0.495
[SIGNAL] DOWN, p̂=0.512, q=0.505, Δ=0.007 → Low Vol (0.2628 < 7.7499)

✓ #84 p̂=0.512, Signal=False
⏰ Next: 09:07:19
---
=== Tue May 26 09:07:19 UTC 2026 ===
BTC 5m Bot v3 - ATR+Vol Filter
MIN_PROB=0.87, ATR>0.8x avg, Vol>0.6x avg
Cycle 84/50

============================================================
Cycle #85 | 09:07:19 UTC
[BTC] 1440 candles
[FILTER] ATR=57.20 (avg=62.85, threshold=50.28)
[FILTER] Vol=1.5295 (avg=12.9798, threshold=7.7879)
[BTC] Last streaks: [2, 1, 1, 2, 1]
[MARKOV] Filtered=701 candles, 53 states
[MARKOV] State=1121, last_dir=UP, p̂=0.595 (n=42)
[POLY] YES=0.505, NO=0.495
[SIGNAL] UP, p̂=0.595, q=0.495, Δ=0.100 → Low Vol (1.5295 < 7.7879)

✓ #85 p̂=0.595, Signal=False
⏰ Next: 09:08:43
---
=== Tue May 26 09:08:43 UTC 2026 ===
BTC 5m Bot v3 - ATR+Vol Filter
MIN_PROB=0.87, ATR>0.8x avg, Vol>0.6x avg
Cycle 85/50

============================================================
Cycle #86 | 09:08:43 UTC
[BTC] 1440 candles
[FILTER] ATR=58.45 (avg=62.91, threshold=50.33)
[FILTER] Vol=4.4719 (avg=13.1270, threshold=7.8762)
[BTC] Last streaks: [2, 1, 1, 2, 3]
[MARKOV] Filtered=699 candles, 53 states
[MARKOV] State=1123, last_dir=DOWN, p̂=0.512 (n=43)
[POLY] YES=0.505, NO=0.495
[SIGNAL] DOWN, p̂=0.512, q=0.505, Δ=0.007 → Low Vol (4.4719 < 7.8762)

✓ #86 p̂=0.512, Signal=False
⏰ Next: 09:10:06
---
=== Tue May 26 09:10:06 UTC 2026 ===
BTC 5m Bot v3 - ATR+Vol Filter
MIN_PROB=0.87, ATR>0.8x avg, Vol>0.6x avg
Cycle 86/50

============================================================
Cycle #87 | 09:10:06 UTC
[BTC] 1440 candles
[FILTER] ATR=54.29 (avg=61.81, threshold=49.45)
[FILTER] Vol=0.0366 (avg=11.5799, threshold=6.9480)
[BTC] Last streaks: [1, 1, 2, 3, 1]
[MARKOV] Filtered=763 candles, 54 states
[MARKOV] State=1231, last_dir=UP, p̂=0.448 (n=58)
[POLY] YES=0.505, NO=0.495
[SIGNAL] UP, p̂=0.448, q=0.495, Δ=-0.047 → Low Vol (0.0366 < 6.9480)

✓ #87 p̂=0.448, Signal=False
⏰ Next: 09:11:30
---
=== Tue May 26 09:11:30 UTC 2026 ===
BTC 5m Bot v3 - ATR+Vol Filter
MIN_PROB=0.87, ATR>0.8x avg, Vol>0.6x avg
Cycle 87/50

============================================================
Cycle #88 | 09:11:30 UTC
[BTC] 1440 candles
[FILTER] ATR=56.64 (avg=61.93, threshold=49.54)
[FILTER] Vol=3.1750 (avg=11.7369, threshold=7.0421)
[BTC] Last streaks: [1, 1, 2, 3, 1]
[MARKOV] Filtered=754 candles, 53 states
[MARKOV] State=1231, last_dir=UP, p̂=0.448 (n=58)
[POLY] YES=0.505, NO=0.495
[SIGNAL] UP, p̂=0.448, q=0.495, Δ=-0.047 → Low Vol (3.1750 < 7.0421)

✓ #88 p̂=0.448, Signal=False
⏰ Next: 09:12:53
---
=== Tue May 26 09:12:53 UTC 2026 ===
BTC 5m Bot v3 - ATR+Vol Filter
MIN_PROB=0.87, ATR>0.8x avg, Vol>0.6x avg
Cycle 88/50

============================================================
Cycle #89 | 09:12:53 UTC
[BTC] 1440 candles
[FILTER] ATR=57.57 (avg=61.97, threshold=49.58)
[FILTER] Vol=5.1243 (avg=11.8343, threshold=7.1006)
[BTC] Last streaks: [1, 1, 2, 3, 1]
[MARKOV] Filtered=747 candles, 53 states
[MARKOV] State=1231, last_dir=UP, p̂=0.439 (n=57)
[POLY] YES=0.505, NO=0.495
[SIGNAL] UP, p̂=0.439, q=0.495, Δ=-0.056 → Low Vol (5.1243 < 7.1006)

✓ #89 p̂=0.439, Signal=False
⏰ Next: 09:14:17
---
=== Tue May 26 09:14:17 UTC 2026 ===
BTC 5m Bot v3 - ATR+Vol Filter
MIN_PROB=0.87, ATR>0.8x avg, Vol>0.6x avg
Cycle 89/50

============================================================
Cycle #90 | 09:14:17 UTC
[BTC] 1440 candles
[FILTER] ATR=59.45 (avg=62.07, threshold=49.65)
[FILTER] Vol=7.2258 (avg=11.9394, threshold=7.1636)
[BTC] Last streaks: [1, 1, 2, 3, 1]
[MARKOV] Filtered=743 candles, 53 states
[MARKOV] State=1231, last_dir=UP, p̂=0.439 (n=57)
[POLY] YES=0.505, NO=0.495
[SIGNAL] UP, p̂=0.439, q=0.495, Δ=-0.056 → p̂ 0.439 < 0.87

✓ #90 p̂=0.439, Signal=False
⏰ Next: 09:15:40
---
=== Tue May 26 09:15:40 UTC 2026 ===
BTC 5m Bot v3 - ATR+Vol Filter
MIN_PROB=0.87, ATR>0.8x avg, Vol>0.6x avg
Cycle 90/50

============================================================
Cycle #91 | 09:15:40 UTC
[BTC] 1440 candles
[FILTER] ATR=56.41 (avg=61.39, threshold=49.11)
[FILTER] Vol=0.2817 (avg=10.6905, threshold=6.4143)
[BTC] Last streaks: [1, 2, 3, 1, 1]
[MARKOV] Filtered=811 candles, 54 states
[MARKOV] State=2311, last_dir=DOWN, p̂=0.609 (n=23)
[POLY] YES=0.505, NO=0.495
[SIGNAL] DOWN, p̂=0.609, q=0.505, Δ=0.104 → Low Vol (0.2817 < 6.4143)

✓ #91 p̂=0.609, Signal=False
⏰ Next: 09:17:04
---
=== Tue May 26 09:17:04 UTC 2026 ===
BTC 5m Bot v3 - ATR+Vol Filter
MIN_PROB=0.87, ATR>0.8x avg, Vol>0.6x avg
Cycle 91/50

============================================================
Cycle #92 | 09:17:04 UTC
[BTC] 1440 candles
[FILTER] ATR=58.04 (avg=61.47, threshold=49.18)
[FILTER] Vol=3.9233 (avg=10.8726, threshold=6.5235)
[BTC] Last streaks: [1, 2, 3, 1, 2]
[MARKOV] Filtered=800 candles, 54 states
[MARKOV] State=2312, last_dir=UP, p̂=0.485 (n=33)
[POLY] YES=0.505, NO=0.495
[SIGNAL] UP, p̂=0.485, q=0.495, Δ=-0.010 → Low Vol (3.9233 < 6.5235)

✓ #92 p̂=0.485, Signal=False
⏰ Next: 09:18:27
---
=== Tue May 26 09:18:27 UTC 2026 ===
BTC 5m Bot v3 - ATR+Vol Filter
MIN_PROB=0.87, ATR>0.8x avg, Vol>0.6x avg
Cycle 92/50

============================================================
Cycle #93 | 09:18:27 UTC
[BTC] 1440 candles
[FILTER] ATR=65.87 (avg=61.86, threshold=49.49)
[FILTER] Vol=20.8658 (avg=11.7197, threshold=7.0318)
[BTC] Last streaks: [1, 2, 3, 1, 2]
[MARKOV] Filtered=757 candles, 54 states
[MARKOV] State=2312, last_dir=UP, p̂=0.500 (n=32)
[POLY] YES=0.505, NO=0.495
[SIGNAL] UP, p̂=0.500, q=0.495, Δ=0.005 → p̂ 0.500 < 0.87

✓ #93 p̂=0.500, Signal=False
⏰ Next: 09:19:51
---
=== Tue May 26 09:19:51 UTC 2026 ===
BTC 5m Bot v3 - ATR+Vol Filter
MIN_PROB=0.87, ATR>0.8x avg, Vol>0.6x avg
Cycle 93/50

============================================================
Cycle #94 | 09:19:51 UTC
[BTC] 1440 candles
[FILTER] ATR=65.87 (avg=61.86, threshold=49.49)
[FILTER] Vol=22.6231 (avg=11.8076, threshold=7.0845)
[BTC] Last streaks: [1, 2, 3, 1, 2]
[MARKOV] Filtered=750 candles, 54 states
[MARKOV] State=2312, last_dir=UP, p̂=0.500 (n=32)
[POLY] YES=0.505, NO=0.495
[SIGNAL] UP, p̂=0.500, q=0.495, Δ=0.005 → p̂ 0.500 < 0.87

✓ #94 p̂=0.500, Signal=False
⏰ Next: 09:21:14
---
=== Tue May 26 09:21:14 UTC 2026 ===
BTC 5m Bot v3 - ATR+Vol Filter
MIN_PROB=0.87, ATR>0.8x avg, Vol>0.6x avg
Cycle 94/50

============================================================
Cycle #95 | 09:21:14 UTC
[BTC] 1440 candles
[FILTER] ATR=62.26 (avg=61.48, threshold=49.18)
[FILTER] Vol=0.3361 (avg=10.5952, threshold=6.3571)
[BTC] Last streaks: [2, 3, 1, 2, 1]
[MARKOV] Filtered=814 candles, 54 states
[MARKOV] State=3121, last_dir=DOWN, p̂=0.688 (n=16)
[POLY] YES=0.505, NO=0.495
[SIGNAL] DOWN, p̂=0.688, q=0.505, Δ=0.182 → Low Vol (0.3361 < 6.3571)

✓ #95 p̂=0.688, Signal=False
⏰ Next: 09:22:38
---
=== Tue May 26 09:22:38 UTC 2026 ===
BTC 5m Bot v3 - ATR+Vol Filter
MIN_PROB=0.87, ATR>0.8x avg, Vol>0.6x avg
Cycle 95/50

============================================================
Cycle #96 | 09:22:38 UTC
[BTC] 1440 candles
[FILTER] ATR=64.06 (avg=61.57, threshold=49.26)
[FILTER] Vol=2.1588 (avg=10.6864, threshold=6.4118)
[BTC] Last streaks: [2, 3, 1, 2, 1]
[MARKOV] Filtered=811 candles, 54 states
[MARKOV] State=3121, last_dir=DOWN, p̂=0.688 (n=16)
[POLY] YES=0.505, NO=0.495
[SIGNAL] DOWN, p̂=0.688, q=0.505, Δ=0.182 → Low Vol (2.1588 < 6.4118)

✓ #96 p̂=0.688, Signal=False
⏰ Next: 09:24:01
---
=== Tue May 26 09:24:01 UTC 2026 ===
BTC 5m Bot v3 - ATR+Vol Filter
MIN_PROB=0.87, ATR>0.8x avg, Vol>0.6x avg
Cycle 96/50

============================================================
Cycle #97 | 09:24:01 UTC
[BTC] 1440 candles
[FILTER] ATR=69.64 (avg=61.85, threshold=49.48)
[FILTER] Vol=3.0932 (avg=10.7331, threshold=6.4399)
[BTC] Last streaks: [2, 3, 1, 2, 1]
[MARKOV] Filtered=808 candles, 54 states
[MARKOV] State=3121, last_dir=DOWN, p̂=0.688 (n=16)
[POLY] YES=0.505, NO=0.495
[SIGNAL] DOWN, p̂=0.688, q=0.505, Δ=0.182 → Low Vol (3.0932 < 6.4399)

✓ #97 p̂=0.688, Signal=False
⏰ Next: 09:25:25
---
=== Tue May 26 09:25:25 UTC 2026 ===
BTC 5m Bot v3 - ATR+Vol Filter
MIN_PROB=0.87, ATR>0.8x avg, Vol>0.6x avg
Cycle 97/50

============================================================
Cycle #98 | 09:25:25 UTC
[BTC] 1440 candles
[FILTER] ATR=66.63 (avg=62.12, threshold=49.70)
[FILTER] Vol=0.0252 (avg=9.5070, threshold=5.7042)
[BTC] Last streaks: [3, 1, 2, 1, 2]
[MARKOV] Filtered=863 candles, 55 states
[MARKOV] State=1212, last_dir=DOWN, p̂=0.640 (n=50)
[POLY] YES=0.505, NO=0.495
[SIGNAL] DOWN, p̂=0.640, q=0.505, Δ=0.135 → Low Vol (0.0252 < 5.7042)

✓ #98 p̂=0.640, Signal=False
⏰ Next: 09:26:48
---
=== Tue May 26 09:26:48 UTC 2026 ===
BTC 5m Bot v3 - ATR+Vol Filter
MIN_PROB=0.87, ATR>0.8x avg, Vol>0.6x avg
Cycle 98/50

============================================================
Cycle #99 | 09:26:48 UTC
[BTC] 1440 candles
[FILTER] ATR=70.55 (avg=62.32, threshold=49.85)
[FILTER] Vol=4.8589 (avg=9.7487, threshold=5.8492)
[BTC] Last streaks: [3, 1, 2, 1, 1]
[MARKOV] Filtered=842 candles, 55 states
[MARKOV] State=1211, last_dir=UP, p̂=0.490 (n=51)
[POLY] YES=0.505, NO=0.495
[SIGNAL] UP, p̂=0.490, q=0.495, Δ=-0.005 → Low Vol (4.8589 < 5.8492)

✓ #99 p̂=0.490, Signal=False
⏰ Next: 09:28:12
---
=== Tue May 26 09:28:12 UTC 2026 ===
BTC 5m Bot v3 - ATR+Vol Filter
MIN_PROB=0.87, ATR>0.8x avg, Vol>0.6x avg
Cycle 99/50

============================================================
Cycle #100 | 09:28:12 UTC
[BTC] 1440 candles
[FILTER] ATR=71.56 (avg=62.37, threshold=49.89)
[FILTER] Vol=5.7300 (avg=9.7923, threshold=5.8754)
[BTC] Last streaks: [3, 1, 2, 1, 1]
[MARKOV] Filtered=839 candles, 55 states
[MARKOV] State=1211, last_dir=UP, p̂=0.490 (n=51)
[POLY] YES=0.505, NO=0.495
[SIGNAL] UP, p̂=0.490, q=0.495, Δ=-0.005 → Low Vol (5.7300 < 5.8754)

🌙 NIGHTLY REVIEW after 50 cycles
[REVIEW] max p̂=0.800, avg=0.534, MIN_PROB=0.87

✓ #100 p̂=0.490, Signal=False
⏰ Next: 09:29:36
---
=== Tue May 26 09:29:36 UTC 2026 ===
BTC 5m Bot v3 - ATR+Vol Filter
MIN_PROB=0.87, ATR>0.8x avg, Vol>0.6x avg
Cycle 100/50

============================================================
Cycle #101 | 09:29:36 UTC
[BTC] 1440 candles
[FILTER] ATR=71.79 (avg=62.38, threshold=49.90)
[FILTER] Vol=8.3184 (avg=9.9217, threshold=5.9530)
[BTC] Last streaks: [3, 1, 2, 1, 1]
[MARKOV] Filtered=831 candles, 55 states
[MARKOV] State=1211, last_dir=UP, p̂=0.490 (n=51)
[POLY] YES=0.505, NO=0.495
[SIGNAL] UP, p̂=0.490, q=0.495, Δ=-0.005 → p̂ 0.490 < 0.87

✓ #101 p̂=0.490, Signal=False
⏰ Next: 09:30:59
---
=== Tue May 26 09:30:59 UTC 2026 ===
BTC 5m Bot v3 - ATR+Vol Filter
MIN_PROB=0.87, ATR>0.8x avg, Vol>0.6x avg
Cycle 101/50

============================================================
Cycle #102 | 09:31:00 UTC
[BTC] 1440 candles
[FILTER] ATR=73.57 (avg=63.07, threshold=50.46)
[FILTER] Vol=4.4997 (avg=9.6565, threshold=5.7939)
[BTC] Last streaks: [1, 2, 1, 1, 2]
[MARKOV] Filtered=847 candles, 55 states
[MARKOV] State=2112, last_dir=UP, p̂=0.273 (n=22)
[POLY] YES=0.505, NO=0.495
[SIGNAL] UP, p̂=0.273, q=0.495, Δ=-0.222 → Low Vol (4.4997 < 5.7939)

✓ #102 p̂=0.273, Signal=False
⏰ Next: 09:32:23
---
=== Tue May 26 09:32:23 UTC 2026 ===
BTC 5m Bot v3 - ATR+Vol Filter
MIN_PROB=0.87, ATR>0.8x avg, Vol>0.6x avg
Cycle 102/50

============================================================
Cycle #103 | 09:32:23 UTC
[BTC] 1440 candles
[FILTER] ATR=74.39 (avg=63.11, threshold=50.49)
[FILTER] Vol=9.6974 (avg=9.9164, threshold=5.9498)
[BTC] Last streaks: [1, 2, 1, 1, 2]
[MARKOV] Filtered=830 candles, 55 states
[MARKOV] State=2112, last_dir=UP, p̂=0.273 (n=22)
[POLY] YES=0.505, NO=0.495
[SIGNAL] UP, p̂=0.273, q=0.495, Δ=-0.222 → p̂ 0.273 < 0.87

✓ #103 p̂=0.273, Signal=False
⏰ Next: 09:33:46
---
=== Tue May 26 09:33:46 UTC 2026 ===
BTC 5m Bot v3 - ATR+Vol Filter
MIN_PROB=0.87, ATR>0.8x avg, Vol>0.6x avg
Cycle 103/50

============================================================
Cycle #104 | 09:33:47 UTC
[BTC] 1440 candles
[FILTER] ATR=74.56 (avg=63.12, threshold=50.50)
[FILTER] Vol=13.8301 (avg=10.1230, threshold=6.0738)
[BTC] Last streaks: [1, 2, 1, 1, 2]
[MARKOV] Filtered=824 candles, 54 states
[MARKOV] State=2112, last_dir=UP, p̂=0.273 (n=22)
[POLY] YES=0.505, NO=0.495
[SIGNAL] UP, p̂=0.273, q=0.495, Δ=-0.222 → p̂ 0.273 < 0.87

✓ #104 p̂=0.273, Signal=False
⏰ Next: 09:35:10
---
=== Tue May 26 09:35:10 UTC 2026 ===
BTC 5m Bot v3 - ATR+Vol Filter
MIN_PROB=0.87, ATR>0.8x avg, Vol>0.6x avg
Cycle 104/50

============================================================
Cycle #105 | 09:35:10 UTC
[BTC] 1440 candles
[FILTER] ATR=71.99 (avg=63.54, threshold=50.83)
[FILTER] Vol=0.1310 (avg=8.4125, threshold=5.0475)
[BTC] Last streaks: [2, 1, 1, 1, 2]
[MARKOV] Filtered=910 candles, 55 states
[MARKOV] State=1112, last_dir=DOWN, p̂=0.600 (n=75)
[POLY] YES=0.505, NO=0.495
[SIGNAL] DOWN, p̂=0.600, q=0.505, Δ=0.095 → Low Vol (0.1310 < 5.0475)

✓ #105 p̂=0.600, Signal=False
⏰ Next: 09:36:33
---
=== Tue May 26 09:36:33 UTC 2026 ===
BTC 5m Bot v3 - ATR+Vol Filter
MIN_PROB=0.87, ATR>0.8x avg, Vol>0.6x avg
Cycle 105/50

============================================================
Cycle #106 | 09:36:34 UTC
[BTC] 1440 candles
[FILTER] ATR=72.66 (avg=63.57, threshold=50.86)
[FILTER] Vol=1.0492 (avg=8.4584, threshold=5.0750)
[BTC] Last streaks: [2, 1, 1, 1, 1]
[MARKOV] Filtered=907 candles, 55 states
[MARKOV] State=1111, last_dir=UP, p̂=0.375 (n=64)
[POLY] YES=0.505, NO=0.495
[SIGNAL] UP, p̂=0.375, q=0.495, Δ=-0.120 → Low Vol (1.0492 < 5.0750)
Traceback (most recent call last):
  File "/home/node/.openclaw/workspace/btc_5m_bot.py", line 434, in <module>
    asyncio.run(main())
  File "/usr/lib/python3.11/asyncio/runners.py", line 190, in run
    return runner.run(main)
           ^^^^^^^^^^^^^^^^
  File "/usr/lib/python3.11/asyncio/runners.py", line 118, in run
    return self._loop.run_until_complete(task)
           ^^^^^^^^^^^^^^^^^^^^^^^^^^^^^^^^^^^
  File "/usr/lib/python3.11/asyncio/base_events.py", line 653, in run_until_complete
    return future.result()
           ^^^^^^^^^^^^^^^
  File "/home/node/.openclaw/workspace/btc_5m_bot.py", line 424, in main
    result = await run_trading_cycle()
             ^^^^^^^^^^^^^^^^^^^^^^^^^
  File "/home/node/.openclaw/workspace/btc_5m_bot.py", line 355, in run_trading_cycle
    trade_result = await execute_live_trade(market, direction, prob_continue, edge, q, msg)
                         ^^^^^^^^^^^^^^^^^^
NameError: name 'execute_live_trade' is not defined
---
=== Tue May 26 09:37:56 UTC 2026 ===
BTC 5m Bot v3 - ATR+Vol Filter
MIN_PROB=0.87, ATR>0.8x avg, Vol>0.6x avg
Cycle 105/50

============================================================
Cycle #106 | 09:37:56 UTC
[BTC] 1440 candles
[FILTER] ATR=73.27 (avg=63.60, threshold=50.88)
[FILTER] Vol=2.6243 (avg=8.5371, threshold=5.1223)
[BTC] Last streaks: [2, 1, 1, 1, 2]
[MARKOV] Filtered=907 candles, 55 states
[MARKOV] State=1112, last_dir=DOWN, p̂=0.595 (n=74)
[POLY] YES=0.505, NO=0.495
[SIGNAL] DOWN, p̂=0.595, q=0.505, Δ=0.090 → Low Vol (2.6243 < 5.1223)

✓ #106 p̂=0.595, Signal=False
⏰ Next: 09:39:20
---
=== Tue May 26 09:39:20 UTC 2026 ===
BTC 5m Bot v3 - ATR+Vol Filter
MIN_PROB=0.87, ATR>0.8x avg, Vol>0.6x avg
Cycle 106/50

============================================================
Cycle #107 | 09:39:20 UTC
[BTC] 1440 candles
[FILTER] ATR=76.43 (avg=63.76, threshold=51.01)
[FILTER] Vol=17.7187 (avg=9.2918, threshold=5.5751)
[BTC] Last streaks: [2, 1, 1, 1, 2]
[MARKOV] Filtered=869 candles, 55 states
[MARKOV] State=1112, last_dir=DOWN, p̂=0.583 (n=72)
[POLY] YES=0.505, NO=0.495
[SIGNAL] DOWN, p̂=0.583, q=0.505, Δ=0.078 → p̂ 0.583 < 0.87

✓ #107 p̂=0.583, Signal=False
⏰ Next: 09:40:43
---
=== Tue May 26 09:40:43 UTC 2026 ===
BTC 5m Bot v3 - ATR+Vol Filter
MIN_PROB=0.87, ATR>0.8x avg, Vol>0.6x avg
Cycle 107/50

============================================================
Cycle #108 | 09:40:43 UTC
[BTC] 1440 candles
[FILTER] ATR=75.10 (avg=64.21, threshold=51.37)
[FILTER] Vol=0.7686 (avg=8.8362, threshold=5.3017)
[BTC] Last streaks: [1, 1, 1, 2, 3]
[MARKOV] Filtered=889 candles, 55 states
[MARKOV] State=1123, last_dir=DOWN, p̂=0.538 (n=52)
[POLY] YES=0.505, NO=0.495
[SIGNAL] DOWN, p̂=0.538, q=0.505, Δ=0.033 → Low Vol (0.7686 < 5.3017)

✓ #108 p̂=0.538, Signal=False
⏰ Next: 09:42:07
---
=== Tue May 26 09:42:07 UTC 2026 ===
BTC 5m Bot v3 - ATR+Vol Filter
MIN_PROB=0.87, ATR>0.8x avg, Vol>0.6x avg
Cycle 108/50

============================================================
Cycle #109 | 09:42:07 UTC
[BTC] 1440 candles
[FILTER] ATR=75.39 (avg=64.23, threshold=51.38)
[FILTER] Vol=1.8272 (avg=8.8892, threshold=5.3335)
[BTC] Last streaks: [1, 1, 1, 2, 3]
[MARKOV] Filtered=885 candles, 55 states
[MARKOV] State=1123, last_dir=DOWN, p̂=0.529 (n=51)
[POLY] YES=0.505, NO=0.495
[SIGNAL] DOWN, p̂=0.529, q=0.505, Δ=0.024 → Low Vol (1.8272 < 5.3335)

✓ #109 p̂=0.529, Signal=False
⏰ Next: 09:43:30
---
=== Tue May 26 09:43:30 UTC 2026 ===
BTC 5m Bot v3 - ATR+Vol Filter
MIN_PROB=0.87, ATR>0.8x avg, Vol>0.6x avg
Cycle 109/50

============================================================
Cycle #110 | 09:43:30 UTC
[BTC] 1440 candles
[FILTER] ATR=76.71 (avg=64.29, threshold=51.43)
[FILTER] Vol=6.9803 (avg=9.1468, threshold=5.4881)
[BTC] Last streaks: [1, 1, 1, 2, 3]
[MARKOV] Filtered=871 candles, 55 states
[MARKOV] State=1123, last_dir=DOWN, p̂=0.529 (n=51)
[POLY] YES=0.505, NO=0.495
[SIGNAL] DOWN, p̂=0.529, q=0.505, Δ=0.024 → p̂ 0.529 < 0.87

✓ #110 p̂=0.529, Signal=False
⏰ Next: 09:44:54
---
=== Tue May 26 09:44:54 UTC 2026 ===
BTC 5m Bot v3 - ATR+Vol Filter
MIN_PROB=0.87, ATR>0.8x avg, Vol>0.6x avg
Cycle 110/50

============================================================
Cycle #111 | 09:44:54 UTC
[BTC] 1440 candles
[FILTER] ATR=76.71 (avg=64.29, threshold=51.43)
[FILTER] Vol=8.3169 (avg=9.2136, threshold=5.5282)
[BTC] Last streaks: [1, 1, 1, 2, 3]
[MARKOV] Filtered=869 candles, 55 states
[MARKOV] State=1123, last_dir=DOWN, p̂=0.529 (n=51)
[POLY] YES=0.505, NO=0.495
[SIGNAL] DOWN, p̂=0.529, q=0.505, Δ=0.024 → p̂ 0.529 < 0.87

✓ #111 p̂=0.529, Signal=False
⏰ Next: 09:46:17
---
=== Tue May 26 09:46:17 UTC 2026 ===
BTC 5m Bot v3 - ATR+Vol Filter
MIN_PROB=0.87, ATR>0.8x avg, Vol>0.6x avg
Cycle 112/50

============================================================
Cycle #113 | 09:46:17 UTC
[BTC] 1440 candles
[FILTER] ATR=70.99 (avg=64.48, threshold=51.59)
[FILTER] Vol=0.3877 (avg=8.8087, threshold=5.2852)
[BTC] Last streaks: [1, 1, 2, 3, 1]
[MARKOV] Filtered=884 candles, 55 states
[MARKOV] State=1231, last_dir=UP, p̂=0.500 (n=72)
[POLY] YES=0.515, NO=0.485
[SIGNAL] UP, p̂=0.500, q=0.485, Δ=0.015 → Low Vol (0.3877 < 5.2852)

✓ #113 p̂=0.500, Signal=False
⏰ Next: 09:47:41
---
=== Tue May 26 09:47:41 UTC 2026 ===
BTC 5m Bot v3 - ATR+Vol Filter
MIN_PROB=0.87, ATR>0.8x avg, Vol>0.6x avg
Cycle 113/50

============================================================
Cycle #114 | 09:47:41 UTC
[BTC] 1440 candles
[FILTER] ATR=71.44 (avg=64.50, threshold=51.60)
[FILTER] Vol=0.6464 (avg=8.8216, threshold=5.2930)
[BTC] Last streaks: [1, 1, 2, 3, 1]
[MARKOV] Filtered=884 candles, 55 states
[MARKOV] State=1231, last_dir=UP, p̂=0.500 (n=72)
[POLY] YES=0.515, NO=0.485
[SIGNAL] UP, p̂=0.500, q=0.485, Δ=0.015 → Low Vol (0.6464 < 5.2930)

✓ #114 p̂=0.500, Signal=False
⏰ Next: 09:49:04
---
=== Tue May 26 09:48:45 UTC 2026 ===
BTC 5m Bot v3 - ATR+Vol Filter
MIN_PROB=0.87, ATR>0.8x avg, Vol>0.6x avg
Cycle 114/50

============================================================
Cycle #115 | 09:48:45 UTC
[BTC] 1440 candles
[FILTER] ATR=74.31 (avg=64.65, threshold=51.72)
[FILTER] Vol=5.5805 (avg=9.0683, threshold=5.4410)
[BTC] Last streaks: [1, 1, 2, 3, 4]
[MARKOV] Filtered=870 candles, 55 states
[MARKOV] State=1234, last_dir=DOWN, p̂=0.404 (n=47)
[POLY] YES=0.515, NO=0.485
[SIGNAL] DOWN, p̂=0.404, q=0.515, Δ=-0.111 → p̂ 0.404 < 0.87

✓ #115 p̂=0.404, Signal=False
⏰ Next: 09:50:08
---
=== Tue May 26 09:50:08 UTC 2026 ===
BTC 5m Bot v3 - ATR+Vol Filter
MIN_PROB=0.87, ATR>0.8x avg, Vol>0.6x avg
Cycle 115/50

============================================================
Cycle #116 | 09:50:08 UTC
[BTC] 1440 candles
[FILTER] ATR=72.41 (avg=64.93, threshold=51.95)
[FILTER] Vol=0.0014 (avg=8.9999, threshold=5.3999)
[BTC] Last streaks: [1, 2, 3, 4, 5]
[MARKOV] Filtered=873 candles, 55 states
[MARKOV] State=2345, last_dir=DOWN, p̂=0.609 (n=23)
[POLY] YES=0.505, NO=0.495
[SIGNAL] DOWN, p̂=0.609, q=0.505, Δ=0.104 → Low Vol (0.0014 < 5.3999)

✓ #116 p̂=0.609, Signal=False
⏰ Next: 09:51:32
---
=== Tue May 26 09:51:32 UTC 2026 ===
BTC 5m Bot v3 - ATR+Vol Filter
MIN_PROB=0.87, ATR>0.8x avg, Vol>0.6x avg
Cycle 116/50

============================================================
Cycle #117 | 09:51:32 UTC
[BTC] 1440 candles
[FILTER] ATR=74.51 (avg=65.04, threshold=52.03)
[FILTER] Vol=0.3395 (avg=9.0168, threshold=5.4101)
[BTC] Last streaks: [1, 2, 3, 4, 1]
[MARKOV] Filtered=871 candles, 55 states
[MARKOV] State=2341, last_dir=UP, p̂=0.583 (n=24)
[POLY] YES=0.505, NO=0.495
[SIGNAL] UP, p̂=0.583, q=0.495, Δ=0.088 → Low Vol (0.3395 < 5.4101)

✓ #117 p̂=0.583, Signal=False
⏰ Next: 09:52:56
---
=== Tue May 26 09:52:56 UTC 2026 ===
BTC 5m Bot v3 - ATR+Vol Filter
MIN_PROB=0.87, ATR>0.8x avg, Vol>0.6x avg
Cycle 117/50

============================================================
Cycle #118 | 09:52:56 UTC
[BTC] 1440 candles
[FILTER] ATR=74.51 (avg=65.04, threshold=52.03)
[FILTER] Vol=1.0709 (avg=9.0534, threshold=5.4320)
[BTC] Last streaks: [1, 2, 3, 4, 1]
[MARKOV] Filtered=868 candles, 55 states
[MARKOV] State=2341, last_dir=UP, p̂=0.583 (n=24)
[POLY] YES=0.505, NO=0.495
[SIGNAL] UP, p̂=0.583, q=0.495, Δ=0.088 → Low Vol (1.0709 < 5.4320)

✓ #118 p̂=0.583, Signal=False
⏰ Next: 09:54:19
---
=== Tue May 26 09:54:19 UTC 2026 ===
BTC 5m Bot v3 - ATR+Vol Filter
MIN_PROB=0.87, ATR>0.8x avg, Vol>0.6x avg
Cycle 118/50

============================================================
Cycle #119 | 09:54:19 UTC
[BTC] 1440 candles
[FILTER] ATR=74.51 (avg=65.04, threshold=52.03)
[FILTER] Vol=5.2051 (avg=9.2601, threshold=5.5561)
[BTC] Last streaks: [1, 2, 3, 4, 1]
[MARKOV] Filtered=860 candles, 55 states
[MARKOV] State=2341, last_dir=UP, p̂=0.583 (n=24)
[POLY] YES=0.505, NO=0.495
[SIGNAL] UP, p̂=0.583, q=0.495, Δ=0.088 → Low Vol (5.2051 < 5.5561)

✓ #119 p̂=0.583, Signal=False
⏰ Next: 09:55:43
---
=== Tue May 26 09:55:43 UTC 2026 ===
BTC 5m Bot v3 - ATR+Vol Filter
MIN_PROB=0.87, ATR>0.8x avg, Vol>0.6x avg
Cycle 119/50

============================================================
Cycle #120 | 09:55:43 UTC
[BTC] 1440 candles
[FILTER] ATR=70.30 (avg=65.34, threshold=52.28)
[FILTER] Vol=0.8111 (avg=9.0187, threshold=5.4112)
[BTC] Last streaks: [2, 3, 4, 1, 2]
[MARKOV] Filtered=867 candles, 55 states
[MARKOV] State=3412, last_dir=UP, p̂=0.688 (n=16)
[POLY] YES=0.505, NO=0.495
[SIGNAL] UP, p̂=0.688, q=0.495, Δ=0.193 → Low Vol (0.8111 < 5.4112)

✓ #120 p̂=0.688, Signal=False
⏰ Next: 09:57:06
---
=== Tue May 26 09:57:06 UTC 2026 ===
BTC 5m Bot v3 - ATR+Vol Filter
MIN_PROB=0.87, ATR>0.8x avg, Vol>0.6x avg
Cycle 120/50

============================================================
Cycle #121 | 09:57:06 UTC
[BTC] 1440 candles
[FILTER] ATR=70.30 (avg=65.34, threshold=52.28)
[FILTER] Vol=2.1604 (avg=9.0862, threshold=5.4517)
[BTC] Last streaks: [2, 3, 4, 1, 2]
[MARKOV] Filtered=864 candles, 55 states
[MARKOV] State=3412, last_dir=UP, p̂=0.688 (n=16)
[POLY] YES=0.505, NO=0.495
[SIGNAL] UP, p̂=0.688, q=0.495, Δ=0.193 → Low Vol (2.1604 < 5.4517)

✓ #121 p̂=0.688, Signal=False
⏰ Next: 09:58:30
---
=== Tue May 26 09:58:30 UTC 2026 ===
BTC 5m Bot v3 - ATR+Vol Filter
MIN_PROB=0.87, ATR>0.8x avg, Vol>0.6x avg
Cycle 121/50

============================================================
Cycle #122 | 09:58:30 UTC
[BTC] 1440 candles
[FILTER] ATR=70.30 (avg=65.34, threshold=52.28)
[FILTER] Vol=2.4455 (avg=9.1004, threshold=5.4603)
[BTC] Last streaks: [2, 3, 4, 1, 2]
[MARKOV] Filtered=861 candles, 55 states
[MARKOV] State=3412, last_dir=UP, p̂=0.688 (n=16)
[POLY] YES=0.505, NO=0.495
[SIGNAL] UP, p̂=0.688, q=0.495, Δ=0.193 → Low Vol (2.4455 < 5.4603)

✓ #122 p̂=0.688, Signal=False
⏰ Next: 09:59:53
---
=== Tue May 26 09:59:53 UTC 2026 ===
BTC 5m Bot v3 - ATR+Vol Filter
MIN_PROB=0.87, ATR>0.8x avg, Vol>0.6x avg
Cycle 122/50

============================================================
Cycle #123 | 09:59:53 UTC
[BTC] 1440 candles
[FILTER] ATR=70.30 (avg=65.34, threshold=52.28)
[FILTER] Vol=8.7350 (avg=9.4149, threshold=5.6489)
[BTC] Last streaks: [2, 3, 4, 1, 2]
[MARKOV] Filtered=847 candles, 55 states
[MARKOV] State=3412, last_dir=UP, p̂=0.688 (n=16)
[POLY] YES=0.505, NO=0.495
[SIGNAL] UP, p̂=0.688, q=0.495, Δ=0.193 → p̂ 0.688 < 0.87

✓ #123 p̂=0.688, Signal=False
⏰ Next: 10:01:17
---
=== Tue May 26 10:01:17 UTC 2026 ===
BTC 5m Bot v3 - ATR+Vol Filter
MIN_PROB=0.87, ATR>0.8x avg, Vol>0.6x avg
Cycle 123/50

============================================================
Cycle #124 | 10:01:17 UTC
[BTC] 1440 candles
[FILTER] ATR=68.19 (avg=65.81, threshold=52.65)
[FILTER] Vol=4.3126 (avg=9.2006, threshold=5.5203)
[BTC] Last streaks: [3, 4, 1, 1, 2]
[MARKOV] Filtered=857 candles, 54 states
[MARKOV] State=4112, last_dir=DOWN, p̂=0.800 (n=5)
[POLY] YES=0.505, NO=0.495
[SIGNAL] DOWN, p̂=0.800, q=0.505, Δ=0.295 → Low Vol (4.3126 < 5.5203)

✓ #124 p̂=0.800, Signal=False
⏰ Next: 10:02:40
---
=== Tue May 26 10:02:40 UTC 2026 ===
BTC 5m Bot v3 - ATR+Vol Filter
MIN_PROB=0.87, ATR>0.8x avg, Vol>0.6x avg
Cycle 124/50

============================================================
Cycle #125 | 10:02:40 UTC
[BTC] 1440 candles
[FILTER] ATR=68.27 (avg=65.81, threshold=52.65)
[FILTER] Vol=6.8022 (avg=9.3250, threshold=5.5950)
[BTC] Last streaks: [3, 4, 1, 1, 2]
[MARKOV] Filtered=849 candles, 54 states
[MARKOV] State=4112, last_dir=DOWN, p̂=0.800 (n=5)
[POLY] YES=0.505, NO=0.495
[SIGNAL] DOWN, p̂=0.800, q=0.505, Δ=0.295 → p̂ 0.800 < 0.87

✓ #125 p̂=0.800, Signal=False
⏰ Next: 10:04:03
---
=== Tue May 26 10:04:04 UTC 2026 ===
BTC 5m Bot v3 - ATR+Vol Filter
MIN_PROB=0.87, ATR>0.8x avg, Vol>0.6x avg
Cycle 125/50

============================================================
Cycle #126 | 10:04:04 UTC
[BTC] 1440 candles
[FILTER] ATR=68.36 (avg=65.82, threshold=52.65)
[FILTER] Vol=7.5822 (avg=9.3640, threshold=5.6184)
[BTC] Last streaks: [3, 4, 1, 1, 2]
[MARKOV] Filtered=848 candles, 54 states
[MARKOV] State=4112, last_dir=DOWN, p̂=0.800 (n=5)
[POLY] YES=0.505, NO=0.495
[SIGNAL] DOWN, p̂=0.800, q=0.505, Δ=0.295 → p̂ 0.800 < 0.87

✓ #126 p̂=0.800, Signal=False
⏰ Next: 10:05:27
---
=== Tue May 26 10:05:27 UTC 2026 ===
BTC 5m Bot v3 - ATR+Vol Filter
MIN_PROB=0.87, ATR>0.8x avg, Vol>0.6x avg
Cycle 126/50

============================================================
Cycle #127 | 10:05:27 UTC
[BTC] 1440 candles
[FILTER] ATR=65.87 (avg=66.35, threshold=53.08)
[FILTER] Vol=1.8363 (avg=9.4203, threshold=5.6522)
[BTC] Last streaks: [4, 1, 1, 2, 3]
[MARKOV] Filtered=839 candles, 54 states
[MARKOV] State=1123, last_dir=DOWN, p̂=0.520 (n=50)
[POLY] YES=0.505, NO=0.495
[SIGNAL] DOWN, p̂=0.520, q=0.505, Δ=0.015 → Low Vol (1.8363 < 5.6522)

✓ #127 p̂=0.520, Signal=False
⏰ Next: 10:06:51
---
=== Tue May 26 10:05:51 UTC 2026 ===
BTC 5m Bot v3 - ATR+Vol Filter
MIN_PROB=0.87, ATR>0.8x avg, Vol>0.6x avg
Cycle 127/50

============================================================
Cycle #128 | 10:05:51 UTC
[BTC] 1440 candles
[FILTER] ATR=67.27 (avg=66.42, threshold=53.14)
[FILTER] Vol=12.0545 (avg=9.9312, threshold=5.9587)
[BTC] Last streaks: [4, 1, 1, 2, 3]
[MARKOV] Filtered=806 candles, 54 states
[MARKOV] State=1123, last_dir=DOWN, p̂=0.500 (n=48)
[POLY] YES=0.505, NO=0.495
[SIGNAL] DOWN, p̂=0.500, q=0.505, Δ=-0.005 → p̂ 0.500 < 0.87

✓ #128 p̂=0.500, Signal=False
⏰ Next: 10:07:14
---
=== Tue May 26 10:07:14 UTC 2026 ===
BTC 5m Bot v3 - ATR+Vol Filter
MIN_PROB=0.87, ATR>0.8x avg, Vol>0.6x avg
Cycle 128/50

============================================================
Cycle #129 | 10:07:14 UTC
[BTC] 1440 candles
[FILTER] ATR=67.84 (avg=66.45, threshold=53.16)
[FILTER] Vol=13.3354 (avg=9.9952, threshold=5.9971)
[BTC] Last streaks: [4, 1, 1, 2, 3]
[MARKOV] Filtered=805 candles, 54 states
[MARKOV] State=1123, last_dir=DOWN, p̂=0.500 (n=48)
[POLY] YES=0.505, NO=0.495
[SIGNAL] DOWN, p̂=0.500, q=0.505, Δ=-0.005 → p̂ 0.500 < 0.87

✓ #129 p̂=0.500, Signal=False
⏰ Next: 10:08:38
---
=== Tue May 26 10:08:38 UTC 2026 ===
BTC 5m Bot v3 - ATR+Vol Filter
MIN_PROB=0.87, ATR>0.8x avg, Vol>0.6x avg
Cycle 129/50

============================================================
Cycle #130 | 10:08:38 UTC
[BTC] 1440 candles
[FILTER] ATR=68.59 (avg=66.49, threshold=53.19)
[FILTER] Vol=14.8627 (avg=10.0716, threshold=6.0430)
[BTC] Last streaks: [4, 1, 1, 2, 1]
[MARKOV] Filtered=803 candles, 54 states
[MARKOV] State=1121, last_dir=UP, p̂=0.591 (n=44)
[POLY] YES=0.505, NO=0.495
[SIGNAL] UP, p̂=0.591, q=0.495, Δ=0.096 → p̂ 0.591 < 0.87

✓ #130 p̂=0.591, Signal=False
⏰ Next: 10:10:01
---
=== Tue May 26 10:10:01 UTC 2026 ===
BTC 5m Bot v3 - ATR+Vol Filter
MIN_PROB=0.87, ATR>0.8x avg, Vol>0.6x avg
Cycle 130/50

============================================================
Cycle #131 | 10:10:01 UTC
[BTC] 1440 candles
[FILTER] ATR=64.61 (avg=66.94, threshold=53.56)
[FILTER] Vol=0.0000 (avg=9.7455, threshold=5.8473)
[BTC] Last streaks: [1, 1, 2, 1, 1]
[MARKOV] Filtered=813 candles, 54 states
[MARKOV] State=1211, last_dir=DOWN, p̂=0.479 (n=48)
[POLY] YES=0.505, NO=0.495
[SIGNAL] DOWN, p̂=0.479, q=0.505, Δ=-0.026 → Low Vol (0.0000 < 5.8473)

✓ #131 p̂=0.479, Signal=False
⏰ Next: 10:11:25
---
=== Tue May 26 10:11:25 UTC 2026 ===
BTC 5m Bot v3 - ATR+Vol Filter
MIN_PROB=0.87, ATR>0.8x avg, Vol>0.6x avg
Cycle 131/50

============================================================
Cycle #132 | 10:11:25 UTC
[BTC] 1440 candles
[FILTER] ATR=66.61 (avg=67.05, threshold=53.64)
[FILTER] Vol=3.0898 (avg=9.9000, threshold=5.9400)
[BTC] Last streaks: [1, 1, 2, 1, 2]
[MARKOV] Filtered=804 candles, 54 states
[MARKOV] State=1212, last_dir=UP, p̂=0.660 (n=47)
[POLY] YES=0.505, NO=0.495
[SIGNAL] UP, p̂=0.660, q=0.495, Δ=0.165 → Low Vol (3.0898 < 5.9400)

✓ #132 p̂=0.660, Signal=False
⏰ Next: 10:12:48
---
=== Tue May 26 10:12:48 UTC 2026 ===
BTC 5m Bot v3 - ATR+Vol Filter
MIN_PROB=0.87, ATR>0.8x avg, Vol>0.6x avg
Cycle 132/50

============================================================
Cycle #133 | 10:12:48 UTC
[BTC] 1440 candles
[FILTER] ATR=66.61 (avg=67.05, threshold=53.64)
[FILTER] Vol=3.7535 (avg=9.9332, threshold=5.9599)
[BTC] Last streaks: [1, 1, 2, 1, 2]
[MARKOV] Filtered=803 candles, 54 states
[MARKOV] State=1212, last_dir=UP, p̂=0.660 (n=47)
[POLY] YES=0.505, NO=0.495
[SIGNAL] UP, p̂=0.660, q=0.495, Δ=0.165 → Low Vol (3.7535 < 5.9599)

✓ #133 p̂=0.660, Signal=False
⏰ Next: 10:14:12
---
=== Tue May 26 10:14:12 UTC 2026 ===
BTC 5m Bot v3 - ATR+Vol Filter
MIN_PROB=0.87, ATR>0.8x avg, Vol>0.6x avg
Cycle 133/50

============================================================
Cycle #134 | 10:14:12 UTC
[BTC] 1440 candles
[FILTER] ATR=69.60 (avg=67.19, threshold=53.76)
[FILTER] Vol=11.3837 (avg=10.3147, threshold=6.1888)
[BTC] Last streaks: [1, 1, 2, 1, 2]
[MARKOV] Filtered=792 candles, 53 states
[MARKOV] State=1212, last_dir=UP, p̂=0.660 (n=47)
[POLY] YES=0.505, NO=0.495
[SIGNAL] UP, p̂=0.660, q=0.495, Δ=0.165 → p̂ 0.660 < 0.87

✓ #134 p̂=0.660, Signal=False
⏰ Next: 10:15:35
---
=== Tue May 26 10:15:35 UTC 2026 ===
BTC 5m Bot v3 - ATR+Vol Filter
MIN_PROB=0.87, ATR>0.8x avg, Vol>0.6x avg
Cycle 134/50

============================================================
Cycle #135 | 10:15:35 UTC
[BTC] 1440 candles
[FILTER] ATR=67.47 (avg=67.50, threshold=54.00)
[FILTER] Vol=1.7982 (avg=10.1847, threshold=6.1108)
[BTC] Last streaks: [1, 2, 1, 2, 3]
[MARKOV] Filtered=795 candles, 53 states
[MARKOV] State=2123, last_dir=UP, p̂=0.500 (n=26)
[POLY] YES=0.505, NO=0.495
[SIGNAL] UP, p̂=0.500, q=0.495, Δ=0.005 → Low Vol (1.7982 < 6.1108)

✓ #135 p̂=0.500, Signal=False
⏰ Next: 10:16:59
---
=== Tue May 26 10:16:59 UTC 2026 ===
BTC 5m Bot v3 - ATR+Vol Filter
MIN_PROB=0.87, ATR>0.8x avg, Vol>0.6x avg
Cycle 135/50

============================================================
Cycle #136 | 10:16:59 UTC
[BTC] 1440 candles
[FILTER] ATR=71.32 (avg=67.69, threshold=54.15)
[FILTER] Vol=3.7493 (avg=10.2823, threshold=6.1694)
[BTC] Last streaks: [1, 2, 1, 2, 3]
[MARKOV] Filtered=792 candles, 53 states
[MARKOV] State=2123, last_dir=UP, p̂=0.500 (n=26)
[POLY] YES=0.505, NO=0.495
[SIGNAL] UP, p̂=0.500, q=0.495, Δ=0.005 → Low Vol (3.7493 < 6.1694)

✓ #136 p̂=0.500, Signal=False
⏰ Next: 10:18:22
---
=== Tue May 26 10:18:22 UTC 2026 ===
BTC 5m Bot v3 - ATR+Vol Filter
MIN_PROB=0.87, ATR>0.8x avg, Vol>0.6x avg
Cycle 136/50

============================================================
Cycle #137 | 10:18:23 UTC
[BTC] 1440 candles
[FILTER] ATR=71.32 (avg=67.69, threshold=54.15)
[FILTER] Vol=6.7612 (avg=10.4329, threshold=6.2597)
[BTC] Last streaks: [1, 2, 1, 2, 3]
[MARKOV] Filtered=787 candles, 53 states
[MARKOV] State=2123, last_dir=UP, p̂=0.500 (n=26)
[POLY] YES=0.505, NO=0.495
[SIGNAL] UP, p̂=0.500, q=0.495, Δ=0.005 → p̂ 0.500 < 0.87

✓ #137 p̂=0.500, Signal=False
⏰ Next: 10:19:46
---
=== Tue May 26 10:19:46 UTC 2026 ===
BTC 5m Bot v3 - ATR+Vol Filter
MIN_PROB=0.87, ATR>0.8x avg, Vol>0.6x avg
Cycle 137/50

============================================================
Cycle #138 | 10:19:46 UTC
[BTC] 1440 candles
[FILTER] ATR=76.32 (avg=67.94, threshold=54.35)
[FILTER] Vol=9.5860 (avg=10.5741, threshold=6.3445)
[BTC] Last streaks: [1, 2, 1, 2, 3]
[MARKOV] Filtered=781 candles, 53 states
[MARKOV] State=2123, last_dir=UP, p̂=0.500 (n=26)
[POLY] YES=0.505, NO=0.495
[SIGNAL] UP, p̂=0.500, q=0.495, Δ=0.005 → p̂ 0.500 < 0.87

✓ #138 p̂=0.500, Signal=False
⏰ Next: 10:21:09
---
=== Tue May 26 10:21:09 UTC 2026 ===
BTC 5m Bot v3 - ATR+Vol Filter
MIN_PROB=0.87, ATR>0.8x avg, Vol>0.6x avg
Cycle 138/50

============================================================
Cycle #139 | 10:21:09 UTC
[BTC] 1440 candles
[FILTER] ATR=77.85 (avg=69.14, threshold=55.31)
[FILTER] Vol=2.2501 (avg=10.7264, threshold=6.4358)
[BTC] Last streaks: [2, 1, 2, 3, 1]
[MARKOV] Filtered=769 candles, 53 states
[MARKOV] State=1231, last_dir=DOWN, p̂=0.483 (n=60)
[POLY] YES=0.505, NO=0.495
[SIGNAL] DOWN, p̂=0.483, q=0.505, Δ=-0.022 → Low Vol (2.2501 < 6.4358)

✓ #139 p̂=0.483, Signal=False
⏰ Next: 10:22:33
---
=== Tue May 26 10:22:33 UTC 2026 ===
BTC 5m Bot v3 - ATR+Vol Filter
MIN_PROB=0.87, ATR>0.8x avg, Vol>0.6x avg
Cycle 139/50

============================================================
Cycle #140 | 10:22:33 UTC
[BTC] 1440 candles
[FILTER] ATR=81.09 (avg=69.30, threshold=55.44)
[FILTER] Vol=10.4460 (avg=11.1362, threshold=6.6817)
[BTC] Last streaks: [2, 1, 2, 3, 4]
[MARKOV] Filtered=745 candles, 53 states
[MARKOV] State=1234, last_dir=UP, p̂=0.439 (n=41)
[POLY] YES=0.505, NO=0.495
[SIGNAL] UP, p̂=0.439, q=0.495, Δ=-0.056 → p̂ 0.439 < 0.87

✓ #140 p̂=0.439, Signal=False
⏰ Next: 10:23:56
---
=== Tue May 26 10:23:56 UTC 2026 ===
BTC 5m Bot v3 - ATR+Vol Filter
MIN_PROB=0.87, ATR>0.8x avg, Vol>0.6x avg
Cycle 140/50

============================================================
Cycle #141 | 10:23:57 UTC
[BTC] 1440 candles
[FILTER] ATR=81.09 (avg=69.30, threshold=55.44)
[FILTER] Vol=12.2101 (avg=11.2244, threshold=6.7346)
[BTC] Last streaks: [2, 1, 2, 3, 4]
[MARKOV] Filtered=741 candles, 53 states
[MARKOV] State=1234, last_dir=UP, p̂=0.439 (n=41)
[POLY] YES=0.505, NO=0.495
[SIGNAL] UP, p̂=0.439, q=0.495, Δ=-0.056 → p̂ 0.439 < 0.87

✓ #141 p̂=0.439, Signal=False
⏰ Next: 10:25:20
---
=== Tue May 26 10:25:20 UTC 2026 ===
BTC 5m Bot v3 - ATR+Vol Filter
MIN_PROB=0.87, ATR>0.8x avg, Vol>0.6x avg
Cycle 141/50

============================================================
Cycle #142 | 10:25:20 UTC
[BTC] 1440 candles
[FILTER] ATR=72.36 (avg=70.00, threshold=56.00)
[FILTER] Vol=1.5790 (avg=11.1857, threshold=6.7114)
[BTC] Last streaks: [1, 2, 3, 4, 1]
[MARKOV] Filtered=738 candles, 53 states
[MARKOV] State=2341, last_dir=DOWN, p̂=0.609 (n=23)
[POLY] YES=0.505, NO=0.495
[SIGNAL] DOWN, p̂=0.609, q=0.505, Δ=0.104 → Low Vol (1.5790 < 6.7114)

✓ #142 p̂=0.609, Signal=False
⏰ Next: 10:26:43
---
=== Tue May 26 10:26:43 UTC 2026 ===
BTC 5m Bot v3 - ATR+Vol Filter
MIN_PROB=0.87, ATR>0.8x avg, Vol>0.6x avg
Cycle 142/50

============================================================
Cycle #143 | 10:26:44 UTC
[BTC] 1440 candles
[FILTER] ATR=77.52 (avg=70.26, threshold=56.21)
[FILTER] Vol=14.3940 (avg=11.8264, threshold=7.0959)
[BTC] Last streaks: [1, 2, 3, 4, 5]
[MARKOV] Filtered=708 candles, 52 states
[MARKOV] State=2345, last_dir=UP, p̂=0.611 (n=18)
[POLY] YES=0.505, NO=0.495
[SIGNAL] UP, p̂=0.611, q=0.495, Δ=0.116 → p̂ 0.611 < 0.87

✓ #143 p̂=0.611, Signal=False
⏰ Next: 10:28:07
---
=== Tue May 26 10:28:07 UTC 2026 ===
BTC 5m Bot v3 - ATR+Vol Filter
MIN_PROB=0.87, ATR>0.8x avg, Vol>0.6x avg
Cycle 143/50

============================================================
Cycle #144 | 10:28:07 UTC
[BTC] 1440 candles
[FILTER] ATR=91.14 (avg=70.94, threshold=56.75)
[FILTER] Vol=40.0526 (avg=13.1094, threshold=7.8656)
[BTC] Last streaks: [1, 2, 3, 4, 5]
[MARKOV] Filtered=664 candles, 52 states
[MARKOV] State=2345, last_dir=UP, p̂=0.611 (n=18)
[POLY] YES=0.505, NO=0.495
[SIGNAL] UP, p̂=0.611, q=0.495, Δ=0.116 → p̂ 0.611 < 0.87

✓ #144 p̂=0.611, Signal=False
⏰ Next: 10:29:30
---
=== Tue May 26 10:29:30 UTC 2026 ===
BTC 5m Bot v3 - ATR+Vol Filter
MIN_PROB=0.87, ATR>0.8x avg, Vol>0.6x avg
Cycle 144/50

============================================================
Cycle #145 | 10:29:30 UTC
[BTC] 1440 candles
[FILTER] ATR=94.68 (avg=71.12, threshold=56.90)
[FILTER] Vol=65.0876 (avg=14.3611, threshold=8.6167)
[BTC] Last streaks: [1, 2, 3, 4, 5]
[MARKOV] Filtered=611 candles, 52 states
[MARKOV] State=2345, last_dir=UP, p̂=0.571 (n=14)
[POLY] YES=0.505, NO=0.495
[SIGNAL] UP, p̂=0.571, q=0.495, Δ=0.076 → p̂ 0.571 < 0.87

✓ #145 p̂=0.571, Signal=False
⏰ Next: 10:30:54
---
=== Tue May 26 10:30:54 UTC 2026 ===
BTC 5m Bot v3 - ATR+Vol Filter
MIN_PROB=0.87, ATR>0.8x avg, Vol>0.6x avg
Cycle 145/50

============================================================
Cycle #146 | 10:30:54 UTC
[BTC] 1440 candles
[FILTER] ATR=87.17 (avg=72.48, threshold=57.99)
[FILTER] Vol=10.5598 (avg=14.6901, threshold=8.8141)
[BTC] Last streaks: [2, 3, 4, 5, 6]
[MARKOV] Filtered=593 candles, 52 states
[MARKOV] State=3456, last_dir=UP, p̂=0.400 (n=5)
[POLY] YES=0.505, NO=0.495
[SIGNAL] UP, p̂=0.400, q=0.495, Δ=-0.095 → p̂ 0.400 < 0.87

✓ #146 p̂=0.400, Signal=False
⏰ Next: 10:32:17
---
=== Tue May 26 10:32:17 UTC 2026 ===
BTC 5m Bot v3 - ATR+Vol Filter
MIN_PROB=0.87, ATR>0.8x avg, Vol>0.6x avg
Cycle 146/50

============================================================
Cycle #147 | 10:32:17 UTC
[BTC] 1440 candles
[FILTER] ATR=89.68 (avg=72.61, threshold=58.09)
[FILTER] Vol=18.0672 (avg=15.0655, threshold=9.0393)
[BTC] Last streaks: [2, 3, 4, 5, 1]
[MARKOV] Filtered=582 candles, 52 states
[MARKOV] State=3451, last_dir=DOWN, p̂=0.833 (n=6)
[POLY] YES=0.505, NO=0.495
[SIGNAL] DOWN, p̂=0.833, q=0.505, Δ=0.328 → p̂ 0.833 < 0.87

✓ #147 p̂=0.833, Signal=False
⏰ Next: 10:33:41
---
=== Tue May 26 10:33:41 UTC 2026 ===
BTC 5m Bot v3 - ATR+Vol Filter
MIN_PROB=0.87, ATR>0.8x avg, Vol>0.6x avg
Cycle 147/50

============================================================
Cycle #148 | 10:33:41 UTC
[BTC] 1440 candles
[FILTER] ATR=91.56 (avg=72.70, threshold=58.16)
[FILTER] Vol=23.7169 (avg=15.3480, threshold=9.2088)
[BTC] Last streaks: [2, 3, 4, 5, 1]
[MARKOV] Filtered=579 candles, 52 states
[MARKOV] State=3451, last_dir=DOWN, p̂=0.833 (n=6)
[POLY] YES=0.505, NO=0.495
[SIGNAL] DOWN, p̂=0.833, q=0.505, Δ=0.328 → p̂ 0.833 < 0.87

✓ #148 p̂=0.833, Signal=False
⏰ Next: 10:35:04
---
=== Tue May 26 10:35:04 UTC 2026 ===
BTC 5m Bot v3 - ATR+Vol Filter
MIN_PROB=0.87, ATR>0.8x avg, Vol>0.6x avg
Cycle 148/50

============================================================
Cycle #149 | 10:35:04 UTC
[BTC] 1440 candles
[FILTER] ATR=87.44 (avg=73.99, threshold=59.19)
[FILTER] Vol=2.9416 (avg=15.3946, threshold=9.2368)
[BTC] Last streaks: [3, 4, 5, 6, 7]
[MARKOV] Filtered=575 candles, 52 states
[MARKOV] State=4567, last_dir=UP, p̂=0.500 (n=4)
[POLY] YES=0.505, NO=0.495
[SIGNAL] UP, p̂=0.500, q=0.495, Δ=0.005 → Low Vol (2.9416 < 9.2368)

✓ #149 p̂=0.500, Signal=False
⏰ Next: 10:36:28
---
=== Tue May 26 10:36:28 UTC 2026 ===
BTC 5m Bot v3 - ATR+Vol Filter
MIN_PROB=0.87, ATR>0.8x avg, Vol>0.6x avg
Cycle 149/50

============================================================
Cycle #150 | 10:36:28 UTC
[BTC] 1440 candles
[FILTER] ATR=91.94 (avg=74.22, threshold=59.37)
[FILTER] Vol=13.0588 (avg=15.9005, threshold=9.5403)
[BTC] Last streaks: [3, 4, 5, 6, 7]
[MARKOV] Filtered=564 candles, 52 states
[MARKOV] State=4567, last_dir=UP, p̂=0.500 (n=4)
[POLY] YES=0.505, NO=0.495
[SIGNAL] UP, p̂=0.500, q=0.495, Δ=0.005 → p̂ 0.500 < 0.87

🌙 NIGHTLY REVIEW after 50 cycles
[REVIEW] max p̂=0.833, avg=0.561, MIN_PROB=0.87

✓ #150 p̂=0.500, Signal=False
⏰ Next: 10:37:52
---
=== Tue May 26 10:37:52 UTC 2026 ===
BTC 5m Bot v3 - ATR+Vol Filter
MIN_PROB=0.87, ATR>0.8x avg, Vol>0.6x avg
Cycle 150/50

============================================================
Cycle #151 | 10:37:52 UTC
[BTC] 1440 candles
[FILTER] ATR=102.84 (avg=74.76, threshold=59.81)
[FILTER] Vol=58.5234 (avg=18.1737, threshold=10.9042)
[BTC] Last streaks: [3, 4, 5, 6, 7]
[MARKOV] Filtered=495 candles, 50 states
[MARKOV] State=4567, last_dir=UP, p̂=0.500 (n=2)
[POLY] YES=0.505, NO=0.495
[SIGNAL] UP, p̂=0.500, q=0.495, Δ=0.005 → p̂ 0.500 < 0.87

✓ #151 p̂=0.500, Signal=False
⏰ Next: 10:39:15
---
=== Tue May 26 10:39:15 UTC 2026 ===
BTC 5m Bot v3 - ATR+Vol Filter
MIN_PROB=0.87, ATR>0.8x avg, Vol>0.6x avg
Cycle 151/50

============================================================
Cycle #152 | 10:39:16 UTC
[BTC] 1440 candles
[FILTER] ATR=102.84 (avg=74.76, threshold=59.81)
[FILTER] Vol=69.9534 (avg=18.7452, threshold=11.2471)
[BTC] Last streaks: [3, 4, 5, 6, 7]
[MARKOV] Filtered=482 candles, 49 states
[MARKOV] State=4567, last_dir=UP, p̂=0.500 (n=2)
[POLY] YES=0.505, NO=0.495
[SIGNAL] UP, p̂=0.500, q=0.495, Δ=0.005 → p̂ 0.500 < 0.87

✓ #152 p̂=0.500, Signal=False
⏰ Next: 10:40:39
---
=== Tue May 26 10:40:39 UTC 2026 ===
BTC 5m Bot v3 - ATR+Vol Filter
MIN_PROB=0.87, ATR>0.8x avg, Vol>0.6x avg
Cycle 152/50

============================================================
Cycle #153 | 10:40:39 UTC
[BTC] 1440 candles
[FILTER] ATR=105.12 (avg=76.96, threshold=61.57)
[FILTER] Vol=8.0585 (avg=19.0788, threshold=11.4473)
[BTC] Last streaks: [4, 5, 6, 7, 8]
[MARKOV] Filtered=463 candles, 49 states
[MARKOV] State=5678, last_dir=UP, p̂=1.000 (n=1)
[POLY] YES=0.505, NO=0.495
[SIGNAL] UP, p̂=1.000, q=0.495, Δ=0.505 → Low Vol (8.0585 < 11.4473)

✓ #153 p̂=1.000, Signal=False
⏰ Next: 10:42:03
---
=== Tue May 26 10:42:03 UTC 2026 ===
BTC 5m Bot v3 - ATR+Vol Filter
MIN_PROB=0.87, ATR>0.8x avg, Vol>0.6x avg
Cycle 153/50

============================================================
Cycle #154 | 10:42:03 UTC
[BTC] 1440 candles
[FILTER] ATR=109.40 (avg=77.17, threshold=61.74)
[FILTER] Vol=24.7433 (avg=19.9130, threshold=11.9478)
[BTC] Last streaks: [4, 5, 6, 7, 8]
[MARKOV] Filtered=443 candles, 49 states
[MARKOV] State=5678, last_dir=UP, p̂=1.000 (n=1)
[POLY] YES=0.475, NO=0.525
[SIGNAL] UP, p̂=1.000, q=0.525, Δ=0.475 → OK

✓ #154 p̂=1.000, Signal=True
⏰ Next: 10:43:26
---
=== Tue May 26 10:43:26 UTC 2026 ===
BTC 5m Bot v3 - ATR+Vol Filter
MIN_PROB=0.87, ATR>0.8x avg, Vol>0.6x avg
Cycle 154/50

============================================================
Cycle #155 | 10:43:26 UTC
[BTC] 1440 candles
[FILTER] ATR=109.40 (avg=77.17, threshold=61.74)
[FILTER] Vol=31.2924 (avg=20.2405, threshold=12.1443)
[BTC] Last streaks: [4, 5, 6, 7, 8]
[MARKOV] Filtered=436 candles, 49 states
[MARKOV] State=5678, last_dir=UP, p̂=1.000 (n=1)
[POLY] YES=0.475, NO=0.525
[SIGNAL] UP, p̂=1.000, q=0.525, Δ=0.475 → OK

✓ #155 p̂=1.000, Signal=True
⏰ Next: 10:44:50
---
=== Tue May 26 10:44:50 UTC 2026 ===
BTC 5m Bot v3 - ATR+Vol Filter
MIN_PROB=0.87, ATR>0.8x avg, Vol>0.6x avg
Cycle 155/50

============================================================
Cycle #156 | 10:44:50 UTC
[BTC] 1440 candles
[FILTER] ATR=109.40 (avg=77.17, threshold=61.74)
[FILTER] Vol=47.3786 (avg=21.0448, threshold=12.6269)
[BTC] Last streaks: [4, 5, 6, 7, 8]
[MARKOV] Filtered=424 candles, 49 states
[MARKOV] State=5678, last_dir=UP, p̂=1.000 (n=1)
[POLY] YES=0.475, NO=0.525
[SIGNAL] UP, p̂=1.000, q=0.525, Δ=0.475 → OK

✓ #156 p̂=1.000, Signal=True
⏰ Next: 10:46:14
---
=== Tue May 26 10:46:14 UTC 2026 ===
BTC 5m Bot v3 - ATR+Vol Filter
MIN_PROB=0.87, ATR>0.8x avg, Vol>0.6x avg
Cycle 156/50

============================================================
Cycle #157 | 10:46:14 UTC
[BTC] 1440 candles
[FILTER] ATR=109.61 (avg=79.73, threshold=63.78)
[FILTER] Vol=14.9804 (avg=21.5402, threshold=12.9241)
[BTC] Last streaks: [5, 6, 7, 8, 1]
[MARKOV] Filtered=401 candles, 48 states
[MARKOV] State=6781, last_dir=DOWN, p̂=0.500 (n=0)
[POLY] YES=0.505, NO=0.495
[SIGNAL] DOWN, p̂=0.500, q=0.505, Δ=-0.005 → p̂ 0.500 < 0.87

✓ #157 p̂=0.500, Signal=False
⏰ Next: 10:47:37
---
=== Tue May 26 10:47:37 UTC 2026 ===
BTC 5m Bot v3 - ATR+Vol Filter
MIN_PROB=0.87, ATR>0.8x avg, Vol>0.6x avg
Cycle 157/50

============================================================
Cycle #158 | 10:47:37 UTC
[BTC] 1440 candles
[FILTER] ATR=112.56 (avg=79.88, threshold=63.90)
[FILTER] Vol=23.5866 (avg=21.9705, threshold=13.1823)
[BTC] Last streaks: [5, 6, 7, 8, 1]
[MARKOV] Filtered=394 candles, 48 states
[MARKOV] State=6781, last_dir=DOWN, p̂=0.500 (n=0)
[POLY] YES=0.495, NO=0.505
[SIGNAL] DOWN, p̂=0.500, q=0.495, Δ=0.005 → p̂ 0.500 < 0.87

✓ #158 p̂=0.500, Signal=False
⏰ Next: 10:49:00
---
=== Tue May 26 10:49:00 UTC 2026 ===
BTC 5m Bot v3 - ATR+Vol Filter
MIN_PROB=0.87, ATR>0.8x avg, Vol>0.6x avg
Cycle 158/50

============================================================
Cycle #159 | 10:49:01 UTC
[BTC] 1440 candles
[FILTER] ATR=115.84 (avg=80.04, threshold=64.03)
[FILTER] Vol=32.2506 (avg=22.4037, threshold=13.4422)
[BTC] Last streaks: [5, 6, 7, 8, 9]
[MARKOV] Filtered=386 candles, 48 states
[MARKOV] State=6789, last_dir=UP, p̂=0.000 (n=1)
[POLY] YES=0.495, NO=0.505
[SIGNAL] UP, p̂=0.000, q=0.505, Δ=-0.505 → p̂ 0.000 < 0.87

✓ #159 p̂=0.000, Signal=False
⏰ Next: 10:50:25
---
=== Tue May 26 10:50:25 UTC 2026 ===
BTC 5m Bot v3 - ATR+Vol Filter
MIN_PROB=0.87, ATR>0.8x avg, Vol>0.6x avg
Cycle 159/50

============================================================
Cycle #160 | 10:50:25 UTC
[BTC] 1440 candles
[FILTER] ATR=118.41 (avg=83.03, threshold=66.42)
[FILTER] Vol=6.6088 (avg=22.3923, threshold=13.4354)
[BTC] Last streaks: [6, 7, 8, 9, 10]
[MARKOV] Filtered=371 candles, 48 states
[MARKOV] State=78910, last_dir=UP, p̂=1.000 (n=1)
[POLY] YES=0.505, NO=0.495
[SIGNAL] UP, p̂=1.000, q=0.495, Δ=0.505 → Low Vol (6.6088 < 13.4354)

✓ #160 p̂=1.000, Signal=False
⏰ Next: 10:51:49
---
=== Tue May 26 10:51:49 UTC 2026 ===
BTC 5m Bot v3 - ATR+Vol Filter
MIN_PROB=0.87, ATR>0.8x avg, Vol>0.6x avg
Cycle 160/50

============================================================
Cycle #161 | 10:51:49 UTC
[BTC] 1440 candles
[FILTER] ATR=122.70 (avg=83.24, threshold=66.59)
[FILTER] Vol=13.1072 (avg=22.7173, threshold=13.6304)
[BTC] Last streaks: [6, 7, 8, 9, 1]
[MARKOV] Filtered=369 candles, 48 states
[MARKOV] State=7891, last_dir=DOWN, p̂=0.500 (n=0)
[POLY] YES=0.505, NO=0.495
[SIGNAL] DOWN, p̂=0.500, q=0.505, Δ=-0.005 → Low Vol (13.1072 < 13.6304)

✓ #161 p̂=0.500, Signal=False
⏰ Next: 10:53:13
---
=== Tue May 26 10:53:13 UTC 2026 ===
BTC 5m Bot v3 - ATR+Vol Filter
MIN_PROB=0.87, ATR>0.8x avg, Vol>0.6x avg
Cycle 161/50

============================================================
Cycle #162 | 10:53:13 UTC
[BTC] 1440 candles
[FILTER] ATR=124.21 (avg=83.32, threshold=66.65)
[FILTER] Vol=20.7828 (avg=23.1010, threshold=13.8606)
[BTC] Last streaks: [6, 7, 8, 9, 1]
[MARKOV] Filtered=363 candles, 48 states
[MARKOV] State=7891, last_dir=DOWN, p̂=0.500 (n=0)
[POLY] YES=0.475, NO=0.525
[SIGNAL] DOWN, p̂=0.500, q=0.475, Δ=0.025 → p̂ 0.500 < 0.87

✓ #162 p̂=0.500, Signal=False
⏰ Next: 10:54:37
---
=== Tue May 26 10:54:37 UTC 2026 ===
BTC 5m Bot v3 - ATR+Vol Filter
MIN_PROB=0.87, ATR>0.8x avg, Vol>0.6x avg
Cycle 162/50

============================================================
Cycle #163 | 10:54:37 UTC
[BTC] 1440 candles
[FILTER] ATR=124.27 (avg=83.32, threshold=66.66)
[FILTER] Vol=26.8889 (avg=23.4063, threshold=14.0438)
[BTC] Last streaks: [6, 7, 8, 9, 1]
[MARKOV] Filtered=359 candles, 48 states
[MARKOV] State=7891, last_dir=DOWN, p̂=0.500 (n=0)
[POLY] YES=0.475, NO=0.525
[SIGNAL] DOWN, p̂=0.500, q=0.475, Δ=0.025 → p̂ 0.500 < 0.87

✓ #163 p̂=0.500, Signal=False
⏰ Next: 10:56:01
---
=== Tue May 26 10:56:01 UTC 2026 ===
BTC 5m Bot v3 - ATR+Vol Filter
MIN_PROB=0.87, ATR>0.8x avg, Vol>0.6x avg
Cycle 163/50

============================================================
Cycle #164 | 10:56:01 UTC
[BTC] 1440 candles
[FILTER] ATR=123.49 (avg=86.20, threshold=68.96)
[FILTER] Vol=2.5150 (avg=22.4057, threshold=13.4434)
[BTC] Last streaks: [7, 8, 9, 1, 1]
[MARKOV] Filtered=351 candles, 48 states
[MARKOV] State=8911, last_dir=UP, p̂=0.500 (n=0)
[POLY] YES=0.505, NO=0.495
[SIGNAL] UP, p̂=0.500, q=0.495, Δ=0.005 → Low Vol (2.5150 < 13.4434)

✓ #164 p̂=0.500, Signal=False
⏰ Next: 10:57:25
---
=== Tue May 26 10:57:25 UTC 2026 ===
BTC 5m Bot v3 - ATR+Vol Filter
MIN_PROB=0.87, ATR>0.8x avg, Vol>0.6x avg
Cycle 164/50

============================================================
Cycle #165 | 10:57:25 UTC
[BTC] 1440 candles
[FILTER] ATR=123.49 (avg=86.20, threshold=68.96)
[FILTER] Vol=3.6100 (avg=22.4605, threshold=13.4763)
[BTC] Last streaks: [7, 8, 9, 1, 1]
[MARKOV] Filtered=351 candles, 48 states
[MARKOV] State=8911, last_dir=UP, p̂=0.500 (n=0)
[POLY] YES=0.505, NO=0.495
[SIGNAL] UP, p̂=0.500, q=0.495, Δ=0.005 → Low Vol (3.6100 < 13.4763)

✓ #165 p̂=0.500, Signal=False
⏰ Next: 10:58:49
---
=== Tue May 26 10:58:49 UTC 2026 ===
BTC 5m Bot v3 - ATR+Vol Filter
MIN_PROB=0.87, ATR>0.8x avg, Vol>0.6x avg
Cycle 165/50

============================================================
Cycle #166 | 10:58:49 UTC
[BTC] 1440 candles
[FILTER] ATR=123.49 (avg=86.20, threshold=68.96)
[FILTER] Vol=9.2768 (avg=22.7438, threshold=13.6463)
[BTC] Last streaks: [7, 8, 9, 1, 1]
[MARKOV] Filtered=350 candles, 48 states
[MARKOV] State=8911, last_dir=UP, p̂=0.500 (n=0)
[POLY] YES=0.495, NO=0.505
[SIGNAL] UP, p̂=0.500, q=0.505, Δ=-0.005 → Low Vol (9.2768 < 13.6463)

✓ #166 p̂=0.500, Signal=False
⏰ Next: 11:00:14
---
=== Tue May 26 11:00:14 UTC 2026 ===
BTC 5m Bot v3 - ATR+Vol Filter
MIN_PROB=0.87, ATR>0.8x avg, Vol>0.6x avg
Cycle 166/50

============================================================
Cycle #167 | 11:00:14 UTC
[BTC] 1440 candles
[FILTER] ATR=126.56 (avg=89.10, threshold=71.28)
[FILTER] Vol=2.6842 (avg=22.9256, threshold=13.7554)
[BTC] Last streaks: [8, 9, 1, 2, 1]
[MARKOV] Filtered=332 candles, 49 states
[MARKOV] State=9121, last_dir=UP, p̂=0.500 (n=0)
[POLY] YES=0.505, NO=0.495
[SIGNAL] UP, p̂=0.500, q=0.495, Δ=0.005 → Low Vol (2.6842 < 13.7554)

✓ #167 p̂=0.500, Signal=False
⏰ Next: 11:01:38
---
=== Tue May 26 11:01:39 UTC 2026 ===
BTC 5m Bot v3 - ATR+Vol Filter
MIN_PROB=0.87, ATR>0.8x avg, Vol>0.6x avg
Cycle 167/50

============================================================
Cycle #168 | 11:01:39 UTC
[BTC] 1440 candles
[FILTER] ATR=128.01 (avg=89.18, threshold=71.34)
[FILTER] Vol=5.9026 (avg=23.0866, threshold=13.8519)
[BTC] Last streaks: [8, 9, 1, 2, 1]
[MARKOV] Filtered=330 candles, 49 states
[MARKOV] State=9121, last_dir=UP, p̂=0.500 (n=0)
[POLY] YES=0.505, NO=0.495
[SIGNAL] UP, p̂=0.500, q=0.495, Δ=0.005 → Low Vol (5.9026 < 13.8519)

✓ #168 p̂=0.500, Signal=False
⏰ Next: 11:03:04
---
=== Tue May 26 11:03:04 UTC 2026 ===
BTC 5m Bot v3 - ATR+Vol Filter
MIN_PROB=0.87, ATR>0.8x avg, Vol>0.6x avg
Cycle 168/50

============================================================
Cycle #169 | 11:03:04 UTC
[BTC] 1440 candles
[FILTER] ATR=129.22 (avg=89.24, threshold=71.39)
[FILTER] Vol=8.3327 (avg=23.2081, threshold=13.9248)
[BTC] Last streaks: [8, 9, 1, 2, 1]
[MARKOV] Filtered=329 candles, 49 states
[MARKOV] State=9121, last_dir=UP, p̂=0.500 (n=0)
[POLY] YES=0.505, NO=0.495
[SIGNAL] UP, p̂=0.500, q=0.495, Δ=0.005 → Low Vol (8.3327 < 13.9248)

✓ #169 p̂=0.500, Signal=False
⏰ Next: 11:04:28
---
=== Tue May 26 11:04:29 UTC 2026 ===
BTC 5m Bot v3 - ATR+Vol Filter
MIN_PROB=0.87, ATR>0.8x avg, Vol>0.6x avg
Cycle 169/50

============================================================
Cycle #170 | 11:04:29 UTC
[BTC] 1440 candles
[FILTER] ATR=130.11 (avg=89.28, threshold=71.42)
[FILTER] Vol=9.0480 (avg=23.2438, threshold=13.9463)
[BTC] Last streaks: [8, 9, 1, 2, 1]
[MARKOV] Filtered=328 candles, 49 states
[MARKOV] State=9121, last_dir=UP, p̂=0.500 (n=0)
[POLY] YES=0.505, NO=0.495
[SIGNAL] UP, p̂=0.500, q=0.495, Δ=0.005 → Low Vol (9.0480 < 13.9463)

✓ #170 p̂=0.500, Signal=False
⏰ Next: 11:05:56
---
=== Tue May 26 11:05:56 UTC 2026 ===
BTC 5m Bot v3 - ATR+Vol Filter
MIN_PROB=0.87, ATR>0.8x avg, Vol>0.6x avg
Cycle 170/50

============================================================
Cycle #171 | 11:05:56 UTC
[BTC] 1440 candles
[FILTER] ATR=131.95 (avg=92.26, threshold=73.81)
[FILTER] Vol=2.4135 (avg=22.9249, threshold=13.7549)
[BTC] Last streaks: [9, 1, 2, 1, 1]
[MARKOV] Filtered=320 candles, 49 states
[MARKOV] State=1211, last_dir=DOWN, p̂=0.375 (n=16)
[POLY] YES=0.505, NO=0.495
[SIGNAL] DOWN, p̂=0.375, q=0.505, Δ=-0.130 → Low Vol (2.4135 < 13.7549)

✓ #171 p̂=0.375, Signal=False
⏰ Next: 11:07:21
---
=== Tue May 26 11:07:21 UTC 2026 ===
BTC 5m Bot v3 - ATR+Vol Filter
MIN_PROB=0.87, ATR>0.8x avg, Vol>0.6x avg
Cycle 171/50

============================================================
Cycle #172 | 11:07:21 UTC
[BTC] 1440 candles
[FILTER] ATR=136.42 (avg=92.49, threshold=73.99)
[FILTER] Vol=3.5418 (avg=22.9813, threshold=13.7888)
[BTC] Last streaks: [9, 1, 2, 1, 1]
[MARKOV] Filtered=319 candles, 49 states
[MARKOV] State=1211, last_dir=DOWN, p̂=0.375 (n=16)
[POLY] YES=0.505, NO=0.495
[SIGNAL] DOWN, p̂=0.375, q=0.505, Δ=-0.130 → Low Vol (3.5418 < 13.7888)

✓ #172 p̂=0.375, Signal=False
⏰ Next: 11:08:46
---
=== Tue May 26 11:08:46 UTC 2026 ===
BTC 5m Bot v3 - ATR+Vol Filter
MIN_PROB=0.87, ATR>0.8x avg, Vol>0.6x avg
Cycle 172/50

============================================================
Cycle #173 | 11:08:46 UTC
[BTC] 1440 candles
[FILTER] ATR=136.77 (avg=92.51, threshold=74.00)
[FILTER] Vol=4.7066 (avg=23.0396, threshold=13.8237)
[BTC] Last streaks: [9, 1, 2, 1, 1]
[MARKOV] Filtered=317 candles, 49 states
[MARKOV] State=1211, last_dir=DOWN, p̂=0.400 (n=15)
[POLY] YES=0.505, NO=0.495
[SIGNAL] DOWN, p̂=0.400, q=0.505, Δ=-0.105 → Low Vol (4.7066 < 13.8237)

✓ #173 p̂=0.400, Signal=False
⏰ Next: 11:10:11
---
=== Tue May 26 11:10:11 UTC 2026 ===
BTC 5m Bot v3 - ATR+Vol Filter
MIN_PROB=0.87, ATR>0.8x avg, Vol>0.6x avg
Cycle 173/50

============================================================
Cycle #174 | 11:10:11 UTC
[BTC] 1440 candles
[FILTER] ATR=135.42 (avg=95.64, threshold=76.52)
[FILTER] Vol=0.0062 (avg=22.5997, threshold=13.5598)
[BTC] Last streaks: [1, 2, 1, 1, 2]
[MARKOV] Filtered=305 candles, 47 states
[MARKOV] State=2112, last_dir=DOWN, p̂=0.444 (n=9)
[POLY] YES=0.505, NO=0.495
[SIGNAL] DOWN, p̂=0.444, q=0.505, Δ=-0.061 → Low Vol (0.0062 < 13.5598)

✓ #174 p̂=0.444, Signal=False
⏰ Next: 11:11:36
---
=== Tue May 26 11:10:51 UTC 2026 ===
BTC 5m Bot v3 - ATR+Vol Filter
MIN_PROB=0.87, ATR>0.8x avg, Vol>0.6x avg
Cycle 174/50

============================================================
Cycle #175 | 11:10:51 UTC
[BTC] 1440 candles
[FILTER] ATR=136.00 (avg=95.67, threshold=76.54)
[FILTER] Vol=0.2123 (avg=22.6100, threshold=13.5660)
[BTC] Last streaks: [1, 2, 1, 1, 1]
[MARKOV] Filtered=304 candles, 47 states
[MARKOV] State=2111, last_dir=UP, p̂=0.417 (n=12)
[POLY] YES=0.505, NO=0.495
[SIGNAL] UP, p̂=0.417, q=0.495, Δ=-0.078 → Low Vol (0.2123 < 13.5660)

✓ #175 p̂=0.417, Signal=False
⏰ Next: 11:12:16
---
=== Tue May 26 11:12:16 UTC 2026 ===
BTC 5m Bot v3 - ATR+Vol Filter
MIN_PROB=0.87, ATR>0.8x avg, Vol>0.6x avg
Cycle 175/50

============================================================
Cycle #176 | 11:12:16 UTC
[BTC] 1440 candles
[FILTER] ATR=140.26 (avg=95.89, threshold=76.71)
[FILTER] Vol=4.1082 (avg=22.8048, threshold=13.6829)
[BTC] Last streaks: [1, 2, 1, 1, 2]
[MARKOV] Filtered=302 candles, 47 states
[MARKOV] State=2112, last_dir=DOWN, p̂=0.444 (n=9)
[POLY] YES=0.505, NO=0.495
[SIGNAL] DOWN, p̂=0.444, q=0.505, Δ=-0.061 → Low Vol (4.1082 < 13.6829)

✓ #176 p̂=0.444, Signal=False
⏰ Next: 11:13:41
---
=== Tue May 26 11:13:41 UTC 2026 ===
BTC 5m Bot v3 - ATR+Vol Filter
MIN_PROB=0.87, ATR>0.8x avg, Vol>0.6x avg
Cycle 176/50

============================================================
Cycle #177 | 11:13:41 UTC
[BTC] 1440 candles
[FILTER] ATR=141.57 (avg=95.95, threshold=76.76)
[FILTER] Vol=5.9929 (avg=22.8991, threshold=13.7394)
[BTC] Last streaks: [1, 2, 1, 1, 2]
[MARKOV] Filtered=300 candles, 47 states
[MARKOV] State=2112, last_dir=DOWN, p̂=0.444 (n=9)
[POLY] YES=0.505, NO=0.495
[SIGNAL] DOWN, p̂=0.444, q=0.505, Δ=-0.061 → Low Vol (5.9929 < 13.7394)

✓ #177 p̂=0.444, Signal=False
⏰ Next: 11:15:05
---
=== Tue May 26 11:15:06 UTC 2026 ===
BTC 5m Bot v3 - ATR+Vol Filter
MIN_PROB=0.87, ATR>0.8x avg, Vol>0.6x avg
Cycle 177/50

============================================================
Cycle #178 | 11:15:06 UTC
[BTC] 1440 candles
[FILTER] ATR=139.59 (avg=99.25, threshold=79.40)
[FILTER] Vol=0.0228 (avg=21.5277, threshold=12.9166)
[BTC] Last streaks: [2, 1, 1, 2, 3]
[MARKOV] Filtered=294 candles, 47 states
[MARKOV] State=1123, last_dir=DOWN, p̂=0.500 (n=12)
[POLY] YES=0.505, NO=0.495
[SIGNAL] DOWN, p̂=0.500, q=0.505, Δ=-0.005 → Low Vol (0.0228 < 12.9166)

✓ #178 p̂=0.500, Signal=False
⏰ Next: 11:16:30
---
=== Tue May 26 11:15:53 UTC 2026 ===
BTC 5m Bot v3 - ATR+Vol Filter
MIN_PROB=0.87, ATR>0.8x avg, Vol>0.6x avg
Cycle 178/50

============================================================
Cycle #179 | 11:15:53 UTC
[BTC] 1440 candles
[FILTER] ATR=141.96 (avg=99.37, threshold=79.50)
[FILTER] Vol=2.2000 (avg=21.6366, threshold=12.9820)
[BTC] Last streaks: [2, 1, 1, 2, 1]
[MARKOV] Filtered=291 candles, 47 states
[MARKOV] State=1121, last_dir=UP, p̂=0.684 (n=19)
[POLY] YES=0.505, NO=0.495
[SIGNAL] UP, p̂=0.684, q=0.495, Δ=0.189 → Low Vol (2.2000 < 12.9820)

✓ #179 p̂=0.684, Signal=False
⏰ Next: 11:17:18
---
=== Tue May 26 11:17:18 UTC 2026 ===
BTC 5m Bot v3 - ATR+Vol Filter
MIN_PROB=0.87, ATR>0.8x avg, Vol>0.6x avg
Cycle 179/50

============================================================
Cycle #180 | 11:17:18 UTC
[BTC] 1440 candles
[FILTER] ATR=142.38 (avg=99.39, threshold=79.51)
[FILTER] Vol=4.4337 (avg=21.7483, threshold=13.0490)
[BTC] Last streaks: [2, 1, 1, 2, 1]
[MARKOV] Filtered=291 candles, 47 states
[MARKOV] State=1121, last_dir=UP, p̂=0.684 (n=19)
[POLY] YES=0.505, NO=0.495
[SIGNAL] UP, p̂=0.684, q=0.495, Δ=0.189 → Low Vol (4.4337 < 13.0490)

✓ #180 p̂=0.684, Signal=False
⏰ Next: 11:18:42
---
=== Tue May 26 11:18:43 UTC 2026 ===
BTC 5m Bot v3 - ATR+Vol Filter
MIN_PROB=0.87, ATR>0.8x avg, Vol>0.6x avg
Cycle 180/50

============================================================
Cycle #181 | 11:18:43 UTC
[BTC] 1440 candles
[FILTER] ATR=144.88 (avg=99.52, threshold=79.61)
[FILTER] Vol=8.7143 (avg=21.9623, threshold=13.1774)
[BTC] Last streaks: [2, 1, 1, 2, 1]
[MARKOV] Filtered=290 candles, 47 states
[MARKOV] State=1121, last_dir=UP, p̂=0.684 (n=19)
[POLY] YES=0.505, NO=0.495
[SIGNAL] UP, p̂=0.684, q=0.495, Δ=0.189 → Low Vol (8.7143 < 13.1774)

✓ #181 p̂=0.684, Signal=False
⏰ Next: 11:20:07
---
=== Tue May 26 11:20:07 UTC 2026 ===
BTC 5m Bot v3 - ATR+Vol Filter
MIN_PROB=0.87, ATR>0.8x avg, Vol>0.6x avg
Cycle 181/50

============================================================
Cycle #182 | 11:20:07 UTC
[BTC] 1440 candles
[FILTER] ATR=141.49 (avg=102.82, threshold=82.25)
[FILTER] Vol=0.9285 (avg=21.8122, threshold=13.0873)
[BTC] Last streaks: [1, 1, 2, 1, 1]
[MARKOV] Filtered=274 candles, 47 states
[MARKOV] State=1211, last_dir=DOWN, p̂=0.500 (n=12)
[POLY] YES=0.505, NO=0.495
[SIGNAL] DOWN, p̂=0.500, q=0.505, Δ=-0.005 → Low Vol (0.9285 < 13.0873)

✓ #182 p̂=0.500, Signal=False
⏰ Next: 11:21:33
---
=== Tue May 26 11:20:46 UTC 2026 ===
BTC 5m Bot v3 - ATR+Vol Filter
MIN_PROB=0.87, ATR>0.8x avg, Vol>0.6x avg
Cycle 182/50

============================================================
Cycle #183 | 11:20:46 UTC
[BTC] 1440 candles
[FILTER] ATR=147.11 (avg=103.10, threshold=82.48)
[FILTER] Vol=7.6171 (avg=22.1466, threshold=13.2880)
[BTC] Last streaks: [1, 1, 2, 1, 1]
[MARKOV] Filtered=272 candles, 47 states
[MARKOV] State=1211, last_dir=DOWN, p̂=0.500 (n=12)
[POLY] YES=0.505, NO=0.495
[SIGNAL] DOWN, p̂=0.500, q=0.505, Δ=-0.005 → Low Vol (7.6171 < 13.2880)

✓ #183 p̂=0.500, Signal=False
⏰ Next: 11:22:11
---
=== Tue May 26 11:21:33 UTC 2026 ===
BTC 5m Bot v3 - ATR+Vol Filter
MIN_PROB=0.87, ATR>0.8x avg, Vol>0.6x avg
Cycle 183/50

============================================================
Cycle #184 | 11:21:33 UTC
[BTC] 1440 candles
[FILTER] ATR=147.11 (avg=103.10, threshold=82.48)
[FILTER] Vol=11.4240 (avg=22.3369, threshold=13.4022)
[BTC] Last streaks: [1, 1, 2, 1, 1]
[MARKOV] Filtered=269 candles, 46 states
[MARKOV] State=1211, last_dir=DOWN, p̂=0.455 (n=11)
[POLY] YES=0.505, NO=0.495
[SIGNAL] DOWN, p̂=0.455, q=0.505, Δ=-0.050 → Low Vol (11.4240 < 13.4022)

✓ #184 p̂=0.455, Signal=False
⏰ Next: 11:22:58
---
=== Tue May 26 11:22:11 UTC 2026 ===
BTC 5m Bot v3 - ATR+Vol Filter
MIN_PROB=0.87, ATR>0.8x avg, Vol>0.6x avg
Cycle 184/50

============================================================
Cycle #185 | 11:22:11 UTC
[BTC] 1440 candles
[FILTER] ATR=147.11 (avg=103.10, threshold=82.48)
[FILTER] Vol=12.0762 (avg=22.3695, threshold=13.4217)
[BTC] Last streaks: [1, 1, 2, 1, 1]
[MARKOV] Filtered=267 candles, 46 states
[MARKOV] State=1211, last_dir=DOWN, p̂=0.455 (n=11)
[POLY] YES=0.505, NO=0.495
[SIGNAL] DOWN, p̂=0.455, q=0.505, Δ=-0.050 → Low Vol (12.0762 < 13.4217)

✓ #185 p̂=0.455, Signal=False
⏰ Next: 11:23:36
---
=== Tue May 26 11:22:58 UTC 2026 ===
BTC 5m Bot v3 - ATR+Vol Filter
MIN_PROB=0.87, ATR>0.8x avg, Vol>0.6x avg
Cycle 185/50

============================================================
Cycle #186 | 11:22:58 UTC
[BTC] 1440 candles
[FILTER] ATR=147.11 (avg=103.10, threshold=82.48)
[FILTER] Vol=14.2482 (avg=22.4781, threshold=13.4869)
[BTC] Last streaks: [1, 1, 2, 1, 1]
[MARKOV] Filtered=267 candles, 46 states
[MARKOV] State=1211, last_dir=DOWN, p̂=0.455 (n=11)
[POLY] YES=0.505, NO=0.495
[SIGNAL] DOWN, p̂=0.455, q=0.505, Δ=-0.050 → p̂ 0.455 < 0.87

✓ #186 p̂=0.455, Signal=False
⏰ Next: 11:24:23
---
=== Tue May 26 11:23:36 UTC 2026 ===
BTC 5m Bot v3 - ATR+Vol Filter
MIN_PROB=0.87, ATR>0.8x avg, Vol>0.6x avg
Cycle 186/50

============================================================
Cycle #187 | 11:23:36 UTC
[BTC] 1440 candles
[FILTER] ATR=147.11 (avg=103.10, threshold=82.48)
[FILTER] Vol=18.0802 (avg=22.6697, threshold=13.6018)
[BTC] Last streaks: [1, 1, 2, 1, 1]
[MARKOV] Filtered=267 candles, 46 states
[MARKOV] State=1211, last_dir=DOWN, p̂=0.455 (n=11)
[POLY] YES=0.505, NO=0.495
[SIGNAL] DOWN, p̂=0.455, q=0.505, Δ=-0.050 → p̂ 0.455 < 0.87

✓ #187 p̂=0.455, Signal=False
⏰ Next: 11:25:01
---
=== Tue May 26 11:24:23 UTC 2026 ===
BTC 5m Bot v3 - ATR+Vol Filter
MIN_PROB=0.87, ATR>0.8x avg, Vol>0.6x avg
Cycle 187/50

============================================================
Cycle #188 | 11:24:24 UTC
[BTC] 1440 candles
[FILTER] ATR=147.11 (avg=103.10, threshold=82.48)
[FILTER] Vol=19.5355 (avg=22.7425, threshold=13.6455)
[BTC] Last streaks: [1, 1, 2, 1, 1]
[MARKOV] Filtered=267 candles, 46 states
[MARKOV] State=1211, last_dir=DOWN, p̂=0.455 (n=11)
[POLY] YES=0.505, NO=0.495
[SIGNAL] DOWN, p̂=0.455, q=0.505, Δ=-0.050 → p̂ 0.455 < 0.87

✓ #188 p̂=0.455, Signal=False
⏰ Next: 11:25:48
---
=== Tue May 26 11:25:01 UTC 2026 ===
BTC 5m Bot v3 - ATR+Vol Filter
MIN_PROB=0.87, ATR>0.8x avg, Vol>0.6x avg
Cycle 188/50

============================================================
Cycle #189 | 11:25:01 UTC
[BTC] 1440 candles
[FILTER] ATR=133.16 (avg=106.03, threshold=84.82)
[FILTER] Vol=0.0300 (avg=22.3759, threshold=13.4256)
[BTC] Last streaks: [1, 2, 1, 1, 2]
[MARKOV] Filtered=252 candles, 44 states
[MARKOV] State=2112, last_dir=DOWN, p̂=0.500 (n=8)
[POLY] YES=0.505, NO=0.495
[SIGNAL] DOWN, p̂=0.500, q=0.505, Δ=-0.005 → Low Vol (0.0300 < 13.4256)

✓ #189 p̂=0.500, Signal=False
⏰ Next: 11:26:25
---
=== Tue May 26 11:25:48 UTC 2026 ===
BTC 5m Bot v3 - ATR+Vol Filter
MIN_PROB=0.87, ATR>0.8x avg, Vol>0.6x avg
Cycle 189/50

============================================================
Cycle #190 | 11:25:49 UTC
[BTC] 1440 candles
[FILTER] ATR=133.49 (avg=106.05, threshold=84.84)
[FILTER] Vol=0.4683 (avg=22.3978, threshold=13.4387)
[BTC] Last streaks: [1, 2, 1, 1, 2]
[MARKOV] Filtered=252 candles, 44 states
[MARKOV] State=2112, last_dir=DOWN, p̂=0.500 (n=8)
[POLY] YES=0.505, NO=0.495
[SIGNAL] DOWN, p̂=0.500, q=0.505, Δ=-0.005 → Low Vol (0.4683 < 13.4387)

✓ #190 p̂=0.500, Signal=False
⏰ Next: 11:27:13
---
=== Tue May 26 11:26:25 UTC 2026 ===
BTC 5m Bot v3 - ATR+Vol Filter
MIN_PROB=0.87, ATR>0.8x avg, Vol>0.6x avg
Cycle 190/50

============================================================
Cycle #191 | 11:26:26 UTC
[BTC] 1440 candles
[FILTER] ATR=135.87 (avg=106.17, threshold=84.93)
[FILTER] Vol=3.6763 (avg=22.5582, threshold=13.5349)
[BTC] Last streaks: [1, 2, 1, 1, 1]
[MARKOV] Filtered=251 candles, 44 states
[MARKOV] State=2111, last_dir=UP, p̂=0.444 (n=9)
[POLY] YES=0.505, NO=0.495
[SIGNAL] UP, p̂=0.444, q=0.495, Δ=-0.051 → Low Vol (3.6763 < 13.5349)

✓ #191 p̂=0.444, Signal=False
⏰ Next: 11:27:50
---
=== Tue May 26 11:27:13 UTC 2026 ===
BTC 5m Bot v3 - ATR+Vol Filter
MIN_PROB=0.87, ATR>0.8x avg, Vol>0.6x avg
Cycle 191/50

============================================================
Cycle #192 | 11:27:14 UTC
[BTC] 1440 candles
[FILTER] ATR=136.14 (avg=106.18, threshold=84.94)
[FILTER] Vol=4.2385 (avg=22.5864, threshold=13.5518)
[BTC] Last streaks: [1, 2, 1, 1, 1]
[MARKOV] Filtered=251 candles, 44 states
[MARKOV] State=2111, last_dir=UP, p̂=0.444 (n=9)
[POLY] YES=0.505, NO=0.495
[SIGNAL] UP, p̂=0.444, q=0.495, Δ=-0.051 → Low Vol (4.2385 < 13.5518)

✓ #192 p̂=0.444, Signal=False
⏰ Next: 11:28:38
---
=== Tue May 26 11:27:50 UTC 2026 ===
BTC 5m Bot v3 - ATR+Vol Filter
MIN_PROB=0.87, ATR>0.8x avg, Vol>0.6x avg
Cycle 192/50

============================================================
Cycle #193 | 11:27:50 UTC
[BTC] 1440 candles
[FILTER] ATR=137.19 (avg=106.23, threshold=84.99)
[FILTER] Vol=9.9784 (avg=22.8734, threshold=13.7240)
[BTC] Last streaks: [1, 2, 1, 1, 2]
[MARKOV] Filtered=250 candles, 44 states
[MARKOV] State=2112, last_dir=DOWN, p̂=0.500 (n=8)
[POLY] YES=0.505, NO=0.495
[SIGNAL] DOWN, p̂=0.500, q=0.505, Δ=-0.005 → Low Vol (9.9784 < 13.7240)

✓ #193 p̂=0.500, Signal=False
⏰ Next: 11:29:15
---
=== Tue May 26 11:28:38 UTC 2026 ===
BTC 5m Bot v3 - ATR+Vol Filter
MIN_PROB=0.87, ATR>0.8x avg, Vol>0.6x avg
Cycle 193/50

============================================================
Cycle #194 | 11:28:38 UTC
[BTC] 1440 candles
[FILTER] ATR=137.19 (avg=106.23, threshold=84.99)
[FILTER] Vol=10.9823 (avg=22.9235, threshold=13.7541)
[BTC] Last streaks: [1, 2, 1, 1, 2]
[MARKOV] Filtered=250 candles, 44 states
[MARKOV] State=2112, last_dir=DOWN, p̂=0.500 (n=8)
[POLY] YES=0.505, NO=0.495
[SIGNAL] DOWN, p̂=0.500, q=0.505, Δ=-0.005 → Low Vol (10.9823 < 13.7541)

✓ #194 p̂=0.500, Signal=False
⏰ Next: 11:30:03
---
=== Tue May 26 11:29:15 UTC 2026 ===
BTC 5m Bot v3 - ATR+Vol Filter
MIN_PROB=0.87, ATR>0.8x avg, Vol>0.6x avg
Cycle 194/50

============================================================
Cycle #195 | 11:29:15 UTC
[BTC] 1440 candles
[FILTER] ATR=137.19 (avg=106.23, threshold=84.99)
[FILTER] Vol=12.9298 (avg=23.0209, threshold=13.8126)
[BTC] Last streaks: [1, 2, 1, 1, 1]
[MARKOV] Filtered=249 candles, 44 states
[MARKOV] State=2111, last_dir=UP, p̂=0.444 (n=9)
[POLY] YES=0.505, NO=0.495
[SIGNAL] UP, p̂=0.444, q=0.495, Δ=-0.051 → Low Vol (12.9298 < 13.8126)

✓ #195 p̂=0.444, Signal=False
⏰ Next: 11:30:39
---
=== Tue May 26 11:30:03 UTC 2026 ===
BTC 5m Bot v3 - ATR+Vol Filter
MIN_PROB=0.87, ATR>0.8x avg, Vol>0.6x avg
Cycle 195/50

============================================================
Cycle #196 | 11:30:03 UTC
[BTC] 1440 candles
[FILTER] ATR=130.71 (avg=109.04, threshold=87.23)
[FILTER] Vol=0.0180 (avg=22.7781, threshold=13.6669)
[BTC] Last streaks: [2, 1, 1, 2, 3]
[MARKOV] Filtered=243 candles, 44 states
[MARKOV] State=1123, last_dir=DOWN, p̂=0.500 (n=12)
[POLY] YES=0.505, NO=0.495
[SIGNAL] DOWN, p̂=0.500, q=0.505, Δ=-0.005 → Low Vol (0.0180 < 13.6669)

✓ #196 p̂=0.500, Signal=False
⏰ Next: 11:31:28
---
=== Tue May 26 11:30:40 UTC 2026 ===
BTC 5m Bot v3 - ATR+Vol Filter
MIN_PROB=0.87, ATR>0.8x avg, Vol>0.6x avg
Cycle 196/50

============================================================
Cycle #197 | 11:30:40 UTC
[BTC] 1440 candles
[FILTER] ATR=131.21 (avg=109.07, threshold=87.25)
[FILTER] Vol=0.4778 (avg=22.8011, threshold=13.6807)
[BTC] Last streaks: [2, 1, 1, 2, 3]
[MARKOV] Filtered=243 candles, 44 states
[MARKOV] State=1123, last_dir=DOWN, p̂=0.500 (n=12)
[POLY] YES=0.505, NO=0.495
[SIGNAL] DOWN, p̂=0.500, q=0.505, Δ=-0.005 → Low Vol (0.4778 < 13.6807)

✓ #197 p̂=0.500, Signal=False
⏰ Next: 11:32:04
---
=== Tue May 26 11:31:28 UTC 2026 ===
BTC 5m Bot v3 - ATR+Vol Filter
MIN_PROB=0.87, ATR>0.8x avg, Vol>0.6x avg
Cycle 197/50

============================================================
Cycle #198 | 11:31:28 UTC
[BTC] 1440 candles
[FILTER] ATR=132.92 (avg=109.15, threshold=87.32)
[FILTER] Vol=2.3312 (avg=22.8938, threshold=13.7363)
[BTC] Last streaks: [2, 1, 1, 2, 1]
[MARKOV] Filtered=243 candles, 44 states
[MARKOV] State=1121, last_dir=UP, p̂=0.688 (n=16)
[POLY] YES=0.505, NO=0.495
[SIGNAL] UP, p̂=0.688, q=0.495, Δ=0.193 → Low Vol (2.3312 < 13.7363)

✓ #198 p̂=0.688, Signal=False
⏰ Next: 11:32:53
---
=== Tue May 26 11:32:05 UTC 2026 ===
BTC 5m Bot v3 - ATR+Vol Filter
MIN_PROB=0.87, ATR>0.8x avg, Vol>0.6x avg
Cycle 198/50

============================================================
Cycle #199 | 11:32:05 UTC
[BTC] 1440 candles
[FILTER] ATR=133.40 (avg=109.18, threshold=87.34)
[FILTER] Vol=2.6664 (avg=22.9105, threshold=13.7463)
[BTC] Last streaks: [2, 1, 1, 2, 1]
[MARKOV] Filtered=243 candles, 44 states
[MARKOV] State=1121, last_dir=UP, p̂=0.688 (n=16)
[POLY] YES=0.505, NO=0.495
[SIGNAL] UP, p̂=0.688, q=0.495, Δ=0.193 → Low Vol (2.6664 < 13.7463)

✓ #199 p̂=0.688, Signal=False
⏰ Next: 11:33:29
---
=== Tue May 26 11:32:53 UTC 2026 ===
BTC 5m Bot v3 - ATR+Vol Filter
MIN_PROB=0.87, ATR>0.8x avg, Vol>0.6x avg
Cycle 199/50

============================================================
Cycle #200 | 11:32:54 UTC
[BTC] 1440 candles
[FILTER] ATR=135.88 (avg=109.30, threshold=87.44)
[FILTER] Vol=4.1477 (avg=22.9846, threshold=13.7907)
[BTC] Last streaks: [2, 1, 1, 2, 1]
[MARKOV] Filtered=243 candles, 44 states
[MARKOV] State=1121, last_dir=UP, p̂=0.688 (n=16)
[POLY] YES=0.505, NO=0.495
[SIGNAL] UP, p̂=0.688, q=0.495, Δ=0.193 → Low Vol (4.1477 < 13.7907)

🌙 NIGHTLY REVIEW after 50 cycles
[REVIEW] max p̂=1.000, avg=0.542, MIN_PROB=0.87

✓ #200 p̂=0.688, Signal=False
⏰ Next: 11:34:19
---
=== Tue May 26 11:33:29 UTC 2026 ===
BTC 5m Bot v3 - ATR+Vol Filter
MIN_PROB=0.87, ATR>0.8x avg, Vol>0.6x avg
Cycle 200/50

============================================================
Cycle #201 | 11:33:30 UTC
[BTC] 1440 candles
[FILTER] ATR=137.44 (avg=109.38, threshold=87.50)
[FILTER] Vol=6.3702 (avg=23.0957, threshold=13.8574)
[BTC] Last streaks: [2, 1, 1, 2, 1]
[MARKOV] Filtered=241 candles, 44 states
[MARKOV] State=1121, last_dir=UP, p̂=0.667 (n=15)
[POLY] YES=0.505, NO=0.495
[SIGNAL] UP, p̂=0.667, q=0.495, Δ=0.172 → Low Vol (6.3702 < 13.8574)

✓ #201 p̂=0.667, Signal=False
⏰ Next: 11:34:54
---
=== Tue May 26 11:34:19 UTC 2026 ===
BTC 5m Bot v3 - ATR+Vol Filter
MIN_PROB=0.87, ATR>0.8x avg, Vol>0.6x avg
Cycle 201/50

============================================================
Cycle #202 | 11:34:20 UTC
[BTC] 1440 candles
[FILTER] ATR=138.24 (avg=109.42, threshold=87.53)
[FILTER] Vol=12.6639 (avg=23.4104, threshold=14.0462)
[BTC] Last streaks: [2, 1, 1, 2, 3]
[MARKOV] Filtered=237 candles, 44 states
[MARKOV] State=1123, last_dir=DOWN, p̂=0.500 (n=12)
[POLY] YES=0.505, NO=0.495
[SIGNAL] DOWN, p̂=0.500, q=0.505, Δ=-0.005 → Low Vol (12.6639 < 14.0462)

✓ #202 p̂=0.500, Signal=False
⏰ Next: 11:35:44
---
=== Tue May 26 11:34:54 UTC 2026 ===
BTC 5m Bot v3 - ATR+Vol Filter
MIN_PROB=0.87, ATR>0.8x avg, Vol>0.6x avg
Cycle 202/50

============================================================
Cycle #203 | 11:34:54 UTC
[BTC] 1440 candles
[FILTER] ATR=138.24 (avg=109.42, threshold=87.53)
[FILTER] Vol=13.3035 (avg=23.4424, threshold=14.0654)
[BTC] Last streaks: [2, 1, 1, 2, 1]
[MARKOV] Filtered=235 candles, 44 states
[MARKOV] State=1121, last_dir=UP, p̂=0.667 (n=15)
[POLY] YES=0.505, NO=0.495
[SIGNAL] UP, p̂=0.667, q=0.495, Δ=0.172 → Low Vol (13.3035 < 14.0654)

✓ #203 p̂=0.667, Signal=False
⏰ Next: 11:36:24
---
=== Tue May 26 11:35:44 UTC 2026 ===
BTC 5m Bot v3 - ATR+Vol Filter
MIN_PROB=0.87, ATR>0.8x avg, Vol>0.6x avg
Cycle 203/50

============================================================
Cycle #204 | 11:35:45 UTC
[BTC] 1440 candles
[FILTER] ATR=115.97 (avg=111.70, threshold=89.36)
[FILTER] Vol=1.1101 (avg=23.0616, threshold=13.8370)
[BTC] Last streaks: [1, 1, 2, 1, 1]
[MARKOV] Filtered=232 candles, 44 states
[MARKOV] State=1211, last_dir=DOWN, p̂=0.545 (n=11)
[POLY] YES=0.505, NO=0.495
[SIGNAL] DOWN, p̂=0.545, q=0.505, Δ=0.040 → Low Vol (1.1101 < 13.8370)

✓ #204 p̂=0.545, Signal=False
⏰ Next: 11:37:09
---
=== Tue May 26 11:36:24 UTC 2026 ===
BTC 5m Bot v3 - ATR+Vol Filter
MIN_PROB=0.87, ATR>0.8x avg, Vol>0.6x avg
Cycle 204/50

============================================================
Cycle #205 | 11:36:24 UTC
[BTC] 1440 candles
[FILTER] ATR=120.49 (avg=111.93, threshold=89.54)
[FILTER] Vol=5.7649 (avg=23.2943, threshold=13.9766)
[BTC] Last streaks: [1, 1, 2, 1, 1]
[MARKOV] Filtered=229 candles, 44 states
[MARKOV] State=1211, last_dir=DOWN, p̂=0.545 (n=11)
[POLY] YES=0.505, NO=0.495
[SIGNAL] DOWN, p̂=0.545, q=0.505, Δ=0.040 → Low Vol (5.7649 < 13.9766)

✓ #205 p̂=0.545, Signal=False
⏰ Next: 11:37:49
---
=== Tue May 26 11:37:09 UTC 2026 ===
BTC 5m Bot v3 - ATR+Vol Filter
MIN_PROB=0.87, ATR>0.8x avg, Vol>0.6x avg
Cycle 205/50

============================================================
Cycle #206 | 11:37:09 UTC
[BTC] 1440 candles
[FILTER] ATR=120.49 (avg=111.93, threshold=89.54)
[FILTER] Vol=6.0984 (avg=23.3110, threshold=13.9866)
[BTC] Last streaks: [1, 1, 2, 1, 1]
[MARKOV] Filtered=229 candles, 44 states
[MARKOV] State=1211, last_dir=DOWN, p̂=0.545 (n=11)
[POLY] YES=0.505, NO=0.495
[SIGNAL] DOWN, p̂=0.545, q=0.505, Δ=0.040 → Low Vol (6.0984 < 13.9866)

✓ #206 p̂=0.545, Signal=False
⏰ Next: 11:38:34
---
=== Tue May 26 11:37:49 UTC 2026 ===
BTC 5m Bot v3 - ATR+Vol Filter
MIN_PROB=0.87, ATR>0.8x avg, Vol>0.6x avg
Cycle 206/50

============================================================
Cycle #207 | 11:37:49 UTC
[BTC] 1440 candles
[FILTER] ATR=120.49 (avg=111.93, threshold=89.54)
[FILTER] Vol=6.3013 (avg=23.3212, threshold=13.9927)
[BTC] Last streaks: [1, 1, 2, 1, 1]
[MARKOV] Filtered=229 candles, 44 states
[MARKOV] State=1211, last_dir=DOWN, p̂=0.545 (n=11)
[POLY] YES=0.505, NO=0.495
[SIGNAL] DOWN, p̂=0.545, q=0.505, Δ=0.040 → Low Vol (6.3013 < 13.9927)

✓ #207 p̂=0.545, Signal=False
⏰ Next: 11:39:14
---
=== Tue May 26 11:38:35 UTC 2026 ===
BTC 5m Bot v3 - ATR+Vol Filter
MIN_PROB=0.87, ATR>0.8x avg, Vol>0.6x avg
Cycle 207/50

============================================================
Cycle #208 | 11:38:35 UTC
[BTC] 1440 candles
[FILTER] ATR=120.49 (avg=111.93, threshold=89.54)
[FILTER] Vol=6.4442 (avg=23.3283, threshold=13.9970)
[BTC] Last streaks: [1, 1, 2, 1, 1]
[MARKOV] Filtered=229 candles, 44 states
[MARKOV] State=1211, last_dir=DOWN, p̂=0.545 (n=11)
[POLY] YES=0.505, NO=0.495
[SIGNAL] DOWN, p̂=0.545, q=0.505, Δ=0.040 → Low Vol (6.4442 < 13.9970)

✓ #208 p̂=0.545, Signal=False
⏰ Next: 11:40:00
---
=== Tue May 26 11:39:14 UTC 2026 ===
BTC 5m Bot v3 - ATR+Vol Filter
MIN_PROB=0.87, ATR>0.8x avg, Vol>0.6x avg
Cycle 208/50

============================================================
Cycle #209 | 11:39:14 UTC
[BTC] 1440 candles
[FILTER] ATR=120.91 (avg=111.95, threshold=89.56)
[FILTER] Vol=6.7803 (avg=23.3451, threshold=14.0071)
[BTC] Last streaks: [1, 1, 2, 1, 1]
[MARKOV] Filtered=229 candles, 44 states
[MARKOV] State=1211, last_dir=DOWN, p̂=0.545 (n=11)
[POLY] YES=0.505, NO=0.495
[SIGNAL] DOWN, p̂=0.545, q=0.505, Δ=0.040 → Low Vol (6.7803 < 14.0071)

✓ #209 p̂=0.545, Signal=False
⏰ Next: 11:40:39
---
=== Tue May 26 11:40:00 UTC 2026 ===
BTC 5m Bot v3 - ATR+Vol Filter
MIN_PROB=0.87, ATR>0.8x avg, Vol>0.6x avg
Cycle 209/50

============================================================
Cycle #210 | 11:40:00 UTC
[BTC] 1439 candles
[FILTER] ATR=120.91 (avg=111.95, threshold=89.56)
[FILTER] Vol=7.8089 (avg=23.3965, threshold=14.0379)
[BTC] Last streaks: [1, 1, 2, 1, 1]
[MARKOV] Filtered=229 candles, 44 states
[MARKOV] State=1211, last_dir=DOWN, p̂=0.545 (n=11)
[POLY] YES=0.505, NO=0.495
[SIGNAL] DOWN, p̂=0.545, q=0.505, Δ=0.040 → Low Vol (7.8089 < 14.0379)

✓ #210 p̂=0.545, Signal=False
⏰ Next: 11:41:27
---
=== Tue May 26 11:40:39 UTC 2026 ===
BTC 5m Bot v3 - ATR+Vol Filter
MIN_PROB=0.87, ATR>0.8x avg, Vol>0.6x avg
Cycle 210/50

============================================================
Cycle #211 | 11:40:39 UTC
[BTC] 1440 candles
[FILTER] ATR=115.42 (avg=114.25, threshold=91.40)
[FILTER] Vol=0.9892 (avg=22.8551, threshold=13.7131)
[BTC] Last streaks: [1, 2, 1, 1, 1]
[MARKOV] Filtered=225 candles, 43 states
[MARKOV] State=2111, last_dir=UP, p̂=0.375 (n=8)
[POLY] YES=0.505, NO=0.495
[SIGNAL] UP, p̂=0.375, q=0.495, Δ=-0.120 → Low Vol (0.9892 < 13.7131)

✓ #211 p̂=0.375, Signal=False
⏰ Next: 11:42:04
---
=== Tue May 26 11:41:27 UTC 2026 ===
BTC 5m Bot v3 - ATR+Vol Filter
MIN_PROB=0.87, ATR>0.8x avg, Vol>0.6x avg
Cycle 211/50

============================================================
Cycle #212 | 11:41:27 UTC
[BTC] 1440 candles
[FILTER] ATR=116.76 (avg=114.32, threshold=91.45)
[FILTER] Vol=1.4681 (avg=22.8790, threshold=13.7274)
[BTC] Last streaks: [1, 2, 1, 1, 1]
[MARKOV] Filtered=225 candles, 43 states
[MARKOV] State=2111, last_dir=UP, p̂=0.375 (n=8)
[POLY] YES=0.505, NO=0.495
[SIGNAL] UP, p̂=0.375, q=0.495, Δ=-0.120 → Low Vol (1.4681 < 13.7274)

✓ #212 p̂=0.375, Signal=False
⏰ Next: 11:42:52
---
=== Tue May 26 11:42:04 UTC 2026 ===
BTC 5m Bot v3 - ATR+Vol Filter
MIN_PROB=0.87, ATR>0.8x avg, Vol>0.6x avg
Cycle 212/50

============================================================
Cycle #213 | 11:42:04 UTC
[BTC] 1440 candles
[FILTER] ATR=116.76 (avg=114.32, threshold=91.45)
[FILTER] Vol=1.5965 (avg=22.8855, threshold=13.7313)
[BTC] Last streaks: [1, 2, 1, 1, 1]
[MARKOV] Filtered=225 candles, 43 states
[MARKOV] State=2111, last_dir=UP, p̂=0.375 (n=8)
[POLY] YES=0.505, NO=0.495
[SIGNAL] UP, p̂=0.375, q=0.495, Δ=-0.120 → Low Vol (1.5965 < 13.7313)

✓ #213 p̂=0.375, Signal=False
⏰ Next: 11:43:29
---
=== Tue May 26 11:42:52 UTC 2026 ===
BTC 5m Bot v3 - ATR+Vol Filter
MIN_PROB=0.87, ATR>0.8x avg, Vol>0.6x avg
Cycle 213/50

============================================================
Cycle #214 | 11:42:52 UTC
[BTC] 1440 candles
[FILTER] ATR=117.37 (avg=114.35, threshold=91.48)
[FILTER] Vol=2.3444 (avg=22.9229, threshold=13.7537)
[BTC] Last streaks: [1, 2, 1, 1, 1]
[MARKOV] Filtered=225 candles, 43 states
[MARKOV] State=2111, last_dir=UP, p̂=0.375 (n=8)
[POLY] YES=0.505, NO=0.495
[SIGNAL] UP, p̂=0.375, q=0.495, Δ=-0.120 → Low Vol (2.3444 < 13.7537)

✓ #214 p̂=0.375, Signal=False
⏰ Next: 11:44:17
---
=== Tue May 26 11:43:29 UTC 2026 ===
BTC 5m Bot v3 - ATR+Vol Filter
MIN_PROB=0.87, ATR>0.8x avg, Vol>0.6x avg
Cycle 214/50

============================================================
Cycle #215 | 11:43:29 UTC
[BTC] 1440 candles
[FILTER] ATR=117.37 (avg=114.35, threshold=91.48)
[FILTER] Vol=2.4043 (avg=22.9259, threshold=13.7555)
[BTC] Last streaks: [1, 2, 1, 1, 2]
[MARKOV] Filtered=225 candles, 43 states
[MARKOV] State=2112, last_dir=DOWN, p̂=0.500 (n=6)
[POLY] YES=0.505, NO=0.495
[SIGNAL] DOWN, p̂=0.500, q=0.505, Δ=-0.005 → Low Vol (2.4043 < 13.7555)

✓ #215 p̂=0.500, Signal=False
⏰ Next: 11:44:54
---
=== Tue May 26 11:44:17 UTC 2026 ===
BTC 5m Bot v3 - ATR+Vol Filter
MIN_PROB=0.87, ATR>0.8x avg, Vol>0.6x avg
Cycle 215/50

============================================================
Cycle #216 | 11:44:17 UTC
[BTC] 1440 candles
[FILTER] ATR=117.37 (avg=114.35, threshold=91.48)
[FILTER] Vol=2.5577 (avg=22.9335, threshold=13.7601)
[BTC] Last streaks: [1, 2, 1, 1, 1]
[MARKOV] Filtered=225 candles, 43 states
[MARKOV] State=2111, last_dir=UP, p̂=0.375 (n=8)
[POLY] YES=0.505, NO=0.495
[SIGNAL] UP, p̂=0.375, q=0.495, Δ=-0.120 → Low Vol (2.5577 < 13.7601)

✓ #216 p̂=0.375, Signal=False
⏰ Next: 11:45:42
---
=== Tue May 26 11:44:54 UTC 2026 ===
BTC 5m Bot v3 - ATR+Vol Filter
MIN_PROB=0.87, ATR>0.8x avg, Vol>0.6x avg
Cycle 216/50

============================================================
Cycle #217 | 11:44:54 UTC
[BTC] 1440 candles
[FILTER] ATR=117.37 (avg=114.35, threshold=91.48)
[FILTER] Vol=2.6316 (avg=22.9372, threshold=13.7623)
[BTC] Last streaks: [1, 2, 1, 1, 1]
[MARKOV] Filtered=225 candles, 43 states
[MARKOV] State=2111, last_dir=UP, p̂=0.375 (n=8)
[POLY] YES=0.505, NO=0.495
[SIGNAL] UP, p̂=0.375, q=0.495, Δ=-0.120 → Low Vol (2.6316 < 13.7623)

✓ #217 p̂=0.375, Signal=False
⏰ Next: 11:46:19
---
=== Tue May 26 11:45:42 UTC 2026 ===
BTC 5m Bot v3 - ATR+Vol Filter
MIN_PROB=0.87, ATR>0.8x avg, Vol>0.6x avg
Cycle 217/50

============================================================
Cycle #218 | 11:45:42 UTC
[BTC] 1440 candles
[FILTER] ATR=100.25 (avg=115.89, threshold=92.71)
[FILTER] Vol=0.1134 (avg=22.1573, threshold=13.2944)
[BTC] Last streaks: [2, 1, 1, 1, 1]
[MARKOV] Filtered=227 candles, 44 states
[MARKOV] State=1111, last_dir=DOWN, p̂=0.412 (n=17)
[POLY] YES=0.505, NO=0.495
[SIGNAL] DOWN, p̂=0.412, q=0.505, Δ=-0.093 → Low Vol (0.1134 < 13.2944)

✓ #218 p̂=0.412, Signal=False
⏰ Next: 11:47:06
---
=== Tue May 26 11:46:19 UTC 2026 ===
BTC 5m Bot v3 - ATR+Vol Filter
MIN_PROB=0.87, ATR>0.8x avg, Vol>0.6x avg
Cycle 218/50

============================================================
Cycle #219 | 11:46:19 UTC
[BTC] 1440 candles
[FILTER] ATR=100.96 (avg=115.92, threshold=92.74)
[FILTER] Vol=0.4652 (avg=22.1749, threshold=13.3049)
[BTC] Last streaks: [2, 1, 1, 1, 1]
[MARKOV] Filtered=227 candles, 44 states
[MARKOV] State=1111, last_dir=DOWN, p̂=0.412 (n=17)
[POLY] YES=0.505, NO=0.495
[SIGNAL] DOWN, p̂=0.412, q=0.505, Δ=-0.093 → Low Vol (0.4652 < 13.3049)

✓ #219 p̂=0.412, Signal=False
⏰ Next: 11:47:44
---
=== Tue May 26 11:47:06 UTC 2026 ===
BTC 5m Bot v3 - ATR+Vol Filter
MIN_PROB=0.87, ATR>0.8x avg, Vol>0.6x avg
Cycle 219/50

============================================================
Cycle #220 | 11:47:07 UTC
[BTC] 1440 candles
[FILTER] ATR=103.24 (avg=116.03, threshold=92.83)
[FILTER] Vol=12.0872 (avg=22.7560, threshold=13.6536)
[BTC] Last streaks: [2, 1, 1, 1, 2]
[MARKOV] Filtered=222 candles, 43 states
[MARKOV] State=1112, last_dir=UP, p̂=0.684 (n=19)
[POLY] YES=0.505, NO=0.495
[SIGNAL] UP, p̂=0.684, q=0.495, Δ=0.189 → Low Vol (12.0872 < 13.6536)

✓ #220 p̂=0.684, Signal=False
⏰ Next: 11:48:31
---
=== Tue May 26 11:47:44 UTC 2026 ===
BTC 5m Bot v3 - ATR+Vol Filter
MIN_PROB=0.87, ATR>0.8x avg, Vol>0.6x avg
Cycle 220/50

============================================================
Cycle #221 | 11:47:44 UTC
[BTC] 1440 candles
[FILTER] ATR=103.24 (avg=116.03, threshold=92.83)
[FILTER] Vol=12.5544 (avg=22.7793, threshold=13.6676)
[BTC] Last streaks: [2, 1, 1, 1, 2]
[MARKOV] Filtered=222 candles, 43 states
[MARKOV] State=1112, last_dir=UP, p̂=0.684 (n=19)
[POLY] YES=0.505, NO=0.495
[SIGNAL] UP, p̂=0.684, q=0.495, Δ=0.189 → Low Vol (12.5544 < 13.6676)

✓ #221 p̂=0.684, Signal=False
⏰ Next: 11:49:08
---
=== Tue May 26 11:48:31 UTC 2026 ===
BTC 5m Bot v3 - ATR+Vol Filter
MIN_PROB=0.87, ATR>0.8x avg, Vol>0.6x avg
Cycle 221/50

============================================================
Cycle #222 | 11:48:31 UTC
[BTC] 1440 candles
[FILTER] ATR=103.56 (avg=116.05, threshold=92.84)
[FILTER] Vol=12.6709 (avg=22.7851, threshold=13.6711)
[BTC] Last streaks: [2, 1, 1, 1, 2]
[MARKOV] Filtered=222 candles, 43 states
[MARKOV] State=1112, last_dir=UP, p̂=0.684 (n=19)
[POLY] YES=0.505, NO=0.495
[SIGNAL] UP, p̂=0.684, q=0.495, Δ=0.189 → Low Vol (12.6709 < 13.6711)

✓ #222 p̂=0.684, Signal=False
⏰ Next: 11:49:56
---
=== Tue May 26 11:49:08 UTC 2026 ===
BTC 5m Bot v3 - ATR+Vol Filter
MIN_PROB=0.87, ATR>0.8x avg, Vol>0.6x avg
Cycle 222/50

============================================================
Cycle #223 | 11:49:09 UTC
[BTC] 1440 candles
[FILTER] ATR=103.56 (avg=116.05, threshold=92.84)
[FILTER] Vol=12.6823 (avg=22.7857, threshold=13.6714)
[BTC] Last streaks: [2, 1, 1, 1, 2]
[MARKOV] Filtered=222 candles, 43 states
[MARKOV] State=1112, last_dir=UP, p̂=0.684 (n=19)
[POLY] YES=0.505, NO=0.495
[SIGNAL] UP, p̂=0.684, q=0.495, Δ=0.189 → Low Vol (12.6823 < 13.6714)

✓ #223 p̂=0.684, Signal=False
⏰ Next: 11:50:33
---
=== Tue May 26 11:49:56 UTC 2026 ===
BTC 5m Bot v3 - ATR+Vol Filter
MIN_PROB=0.87, ATR>0.8x avg, Vol>0.6x avg
Cycle 223/50

============================================================
Cycle #224 | 11:49:56 UTC
[BTC] 1440 candles
[FILTER] ATR=104.29 (avg=116.09, threshold=92.87)
[FILTER] Vol=13.0496 (avg=22.8041, threshold=13.6824)
[BTC] Last streaks: [2, 1, 1, 1, 2]
[MARKOV] Filtered=222 candles, 43 states
[MARKOV] State=1112, last_dir=UP, p̂=0.684 (n=19)
[POLY] YES=0.505, NO=0.495
[SIGNAL] UP, p̂=0.684, q=0.495, Δ=0.189 → Low Vol (13.0496 < 13.6824)

✓ #224 p̂=0.684, Signal=False
⏰ Next: 11:51:21
---
=== Tue May 26 11:50:34 UTC 2026 ===
BTC 5m Bot v3 - ATR+Vol Filter
MIN_PROB=0.87, ATR>0.8x avg, Vol>0.6x avg
Cycle 224/50

============================================================
Cycle #225 | 11:50:34 UTC
[BTC] 1440 candles
[FILTER] ATR=94.53 (avg=117.33, threshold=93.87)
[FILTER] Vol=5.2602 (avg=22.4960, threshold=13.4976)
[BTC] Last streaks: [1, 1, 1, 2, 1]
[MARKOV] Filtered=219 candles, 43 states
[MARKOV] State=1121, last_dir=DOWN, p̂=0.667 (n=15)
[POLY] YES=0.505, NO=0.495
[SIGNAL] DOWN, p̂=0.667, q=0.505, Δ=0.162 → Low Vol (5.2602 < 13.4976)

✓ #225 p̂=0.667, Signal=False
⏰ Next: 11:51:58
---
=== Tue May 26 11:51:21 UTC 2026 ===
BTC 5m Bot v3 - ATR+Vol Filter
MIN_PROB=0.87, ATR>0.8x avg, Vol>0.6x avg
Cycle 225/50

============================================================
Cycle #226 | 11:51:21 UTC
[BTC] 1440 candles
[FILTER] ATR=95.07 (avg=117.36, threshold=93.89)
[FILTER] Vol=5.3537 (avg=22.5007, threshold=13.5004)
[BTC] Last streaks: [1, 1, 1, 2, 3]
[MARKOV] Filtered=218 candles, 43 states
[MARKOV] State=1123, last_dir=UP, p̂=0.455 (n=11)
[POLY] YES=0.505, NO=0.495
[SIGNAL] UP, p̂=0.455, q=0.495, Δ=-0.040 → Low Vol (5.3537 < 13.5004)

✓ #226 p̂=0.455, Signal=False
⏰ Next: 11:52:45
---
=== Tue May 26 11:51:58 UTC 2026 ===
BTC 5m Bot v3 - ATR+Vol Filter
MIN_PROB=0.87, ATR>0.8x avg, Vol>0.6x avg
Cycle 226/50

============================================================
Cycle #227 | 11:51:58 UTC
[BTC] 1440 candles
[FILTER] ATR=95.80 (avg=117.40, threshold=93.92)
[FILTER] Vol=5.5926 (avg=22.5126, threshold=13.5076)
[BTC] Last streaks: [1, 1, 1, 2, 3]
[MARKOV] Filtered=218 candles, 43 states
[MARKOV] State=1123, last_dir=UP, p̂=0.455 (n=11)
[POLY] YES=0.505, NO=0.495
[SIGNAL] UP, p̂=0.455, q=0.495, Δ=-0.040 → Low Vol (5.5926 < 13.5076)

✓ #227 p̂=0.455, Signal=False
⏰ Next: 11:53:23
---
=== Tue May 26 11:52:45 UTC 2026 ===
BTC 5m Bot v3 - ATR+Vol Filter
MIN_PROB=0.87, ATR>0.8x avg, Vol>0.6x avg
Cycle 227/50

============================================================
Cycle #228 | 11:52:46 UTC
[BTC] 1440 candles
[FILTER] ATR=96.28 (avg=117.42, threshold=93.94)
[FILTER] Vol=7.5478 (avg=22.6104, threshold=13.5662)
[BTC] Last streaks: [1, 1, 1, 2, 1]
[MARKOV] Filtered=218 candles, 43 states
[MARKOV] State=1121, last_dir=DOWN, p̂=0.667 (n=15)
[POLY] YES=0.505, NO=0.495
[SIGNAL] DOWN, p̂=0.667, q=0.505, Δ=0.162 → Low Vol (7.5478 < 13.5662)

✓ #228 p̂=0.667, Signal=False
⏰ Next: 11:54:10
---
=== Tue May 26 11:53:23 UTC 2026 ===
BTC 5m Bot v3 - ATR+Vol Filter
MIN_PROB=0.87, ATR>0.8x avg, Vol>0.6x avg
Cycle 228/50

============================================================
Cycle #229 | 11:53:23 UTC
[BTC] 1440 candles
[FILTER] ATR=96.28 (avg=117.42, threshold=93.94)
[FILTER] Vol=7.5893 (avg=22.6125, threshold=13.5675)
[BTC] Last streaks: [1, 1, 1, 2, 1]
[MARKOV] Filtered=218 candles, 43 states
[MARKOV] State=1121, last_dir=DOWN, p̂=0.667 (n=15)
[POLY] YES=0.505, NO=0.495
[SIGNAL] DOWN, p̂=0.667, q=0.505, Δ=0.162 → Low Vol (7.5893 < 13.5675)

✓ #229 p̂=0.667, Signal=False
⏰ Next: 11:54:48
---
=== Tue May 26 11:54:11 UTC 2026 ===
BTC 5m Bot v3 - ATR+Vol Filter
MIN_PROB=0.87, ATR>0.8x avg, Vol>0.6x avg
Cycle 229/50

============================================================
Cycle #230 | 11:54:11 UTC
[BTC] 1440 candles
[FILTER] ATR=96.28 (avg=117.42, threshold=93.94)
[FILTER] Vol=7.7072 (avg=22.6183, threshold=13.5710)
[BTC] Last streaks: [1, 1, 1, 2, 1]
[MARKOV] Filtered=218 candles, 43 states
[MARKOV] State=1121, last_dir=DOWN, p̂=0.667 (n=15)
[POLY] YES=0.505, NO=0.495
[SIGNAL] DOWN, p̂=0.667, q=0.505, Δ=0.162 → Low Vol (7.7072 < 13.5710)

✓ #230 p̂=0.667, Signal=False
⏰ Next: 11:55:35
---
=== Tue May 26 11:54:48 UTC 2026 ===
BTC 5m Bot v3 - ATR+Vol Filter
MIN_PROB=0.87, ATR>0.8x avg, Vol>0.6x avg
Cycle 230/50

============================================================
Cycle #231 | 11:54:48 UTC
[BTC] 1440 candles
[FILTER] ATR=96.28 (avg=117.42, threshold=93.94)
[FILTER] Vol=7.8283 (avg=22.6244, threshold=13.5746)
[BTC] Last streaks: [1, 1, 1, 2, 1]
[MARKOV] Filtered=218 candles, 43 states
[MARKOV] State=1121, last_dir=DOWN, p̂=0.667 (n=15)
[POLY] YES=0.505, NO=0.495
[SIGNAL] DOWN, p̂=0.667, q=0.505, Δ=0.162 → Low Vol (7.8283 < 13.5746)

✓ #231 p̂=0.667, Signal=False
⏰ Next: 11:56:13
---
=== Tue May 26 11:55:35 UTC 2026 ===
BTC 5m Bot v3 - ATR+Vol Filter
MIN_PROB=0.87, ATR>0.8x avg, Vol>0.6x avg
Cycle 231/50

============================================================
Cycle #232 | 11:55:35 UTC
[BTC] 1440 candles
[FILTER] ATR=86.51 (avg=117.78, threshold=94.22)
[FILTER] Vol=0.1292 (avg=22.0472, threshold=13.2283)
[BTC] Last streaks: [1, 1, 2, 1, 1]
[MARKOV] Filtered=223 candles, 44 states
[MARKOV] State=1211, last_dir=UP, p̂=0.538 (n=13)
[POLY] YES=0.505, NO=0.495
[SIGNAL] UP, p̂=0.538, q=0.495, Δ=0.043 → Low ATR (86.51 < 94.22)

✓ #232 p̂=0.538, Signal=False
⏰ Next: 11:57:00
---
=== Tue May 26 11:56:13 UTC 2026 ===
BTC 5m Bot v3 - ATR+Vol Filter
MIN_PROB=0.87, ATR>0.8x avg, Vol>0.6x avg
Cycle 232/50

============================================================
Cycle #233 | 11:56:13 UTC
[BTC] 1440 candles
[FILTER] ATR=88.56 (avg=117.88, threshold=94.31)
[FILTER] Vol=0.7401 (avg=22.0777, threshold=13.2466)
[BTC] Last streaks: [1, 1, 2, 1, 2]
[MARKOV] Filtered=222 candles, 44 states
[MARKOV] State=1212, last_dir=DOWN, p̂=0.625 (n=8)
[POLY] YES=0.505, NO=0.495
[SIGNAL] DOWN, p̂=0.625, q=0.505, Δ=0.120 → Low ATR (88.56 < 94.31)

✓ #233 p̂=0.625, Signal=False
⏰ Next: 11:57:38
---
=== Tue May 26 11:57:00 UTC 2026 ===
BTC 5m Bot v3 - ATR+Vol Filter
MIN_PROB=0.87, ATR>0.8x avg, Vol>0.6x avg
Cycle 233/50

============================================================
Cycle #234 | 11:57:01 UTC
[BTC] 1440 candles
[FILTER] ATR=88.99 (avg=117.90, threshold=94.32)
[FILTER] Vol=0.7857 (avg=22.0800, threshold=13.2480)
[BTC] Last streaks: [1, 1, 2, 1, 2]
[MARKOV] Filtered=222 candles, 44 states
[MARKOV] State=1212, last_dir=DOWN, p̂=0.625 (n=8)
[POLY] YES=0.505, NO=0.495
[SIGNAL] DOWN, p̂=0.625, q=0.505, Δ=0.120 → Low ATR (88.99 < 94.32)

✓ #234 p̂=0.625, Signal=False
⏰ Next: 11:58:26
---
=== Tue May 26 11:57:38 UTC 2026 ===
BTC 5m Bot v3 - ATR+Vol Filter
MIN_PROB=0.87, ATR>0.8x avg, Vol>0.6x avg
Cycle 234/50

============================================================
Cycle #235 | 11:57:38 UTC
[BTC] 1440 candles
[FILTER] ATR=88.99 (avg=117.90, threshold=94.32)
[FILTER] Vol=0.8576 (avg=22.0836, threshold=13.2502)
[BTC] Last streaks: [1, 1, 2, 1, 2]
[MARKOV] Filtered=222 candles, 44 states
[MARKOV] State=1212, last_dir=DOWN, p̂=0.625 (n=8)
[POLY] YES=0.505, NO=0.495
[SIGNAL] DOWN, p̂=0.625, q=0.505, Δ=0.120 → Low ATR (88.99 < 94.32)

✓ #235 p̂=0.625, Signal=False
⏰ Next: 11:59:02
---
=== Tue May 26 11:58:26 UTC 2026 ===
BTC 5m Bot v3 - ATR+Vol Filter
MIN_PROB=0.87, ATR>0.8x avg, Vol>0.6x avg
Cycle 235/50

============================================================
Cycle #236 | 11:58:26 UTC
[BTC] 1440 candles
[FILTER] ATR=88.99 (avg=117.90, threshold=94.32)
[FILTER] Vol=1.3541 (avg=22.1084, threshold=13.2651)
[BTC] Last streaks: [1, 1, 2, 1, 2]
[MARKOV] Filtered=222 candles, 44 states
[MARKOV] State=1212, last_dir=DOWN, p̂=0.625 (n=8)
[POLY] YES=0.505, NO=0.495
[SIGNAL] DOWN, p̂=0.625, q=0.505, Δ=0.120 → Low ATR (88.99 < 94.32)

✓ #236 p̂=0.625, Signal=False
⏰ Next: 11:59:51
---
=== Tue May 26 11:59:03 UTC 2026 ===
BTC 5m Bot v3 - ATR+Vol Filter
MIN_PROB=0.87, ATR>0.8x avg, Vol>0.6x avg
Cycle 236/50

============================================================
Cycle #237 | 11:59:03 UTC
[BTC] 1440 candles
[FILTER] ATR=88.99 (avg=117.90, threshold=94.32)
[FILTER] Vol=1.7265 (avg=22.1270, threshold=13.2762)
[BTC] Last streaks: [1, 1, 2, 1, 2]
[MARKOV] Filtered=222 candles, 44 states
[MARKOV] State=1212, last_dir=DOWN, p̂=0.625 (n=8)
[POLY] YES=0.505, NO=0.495
[SIGNAL] DOWN, p̂=0.625, q=0.505, Δ=0.120 → Low ATR (88.99 < 94.32)

✓ #237 p̂=0.625, Signal=False
⏰ Next: 12:00:28
---
=== Tue May 26 11:59:25 UTC 2026 ===
BTC 5m Bot v3 - ATR+Vol Filter
MIN_PROB=0.87, ATR>0.8x avg, Vol>0.6x avg
Cycle 237/50

============================================================
Cycle #238 | 11:59:25 UTC
[BTC] 1440 candles
[FILTER] ATR=89.44 (avg=117.93, threshold=94.34)
[FILTER] Vol=2.0121 (avg=22.1413, threshold=13.2848)
[BTC] Last streaks: [1, 1, 2, 1, 2]
[MARKOV] Filtered=222 candles, 44 states
[MARKOV] State=1212, last_dir=DOWN, p̂=0.625 (n=8)
[POLY] YES=0.505, NO=0.495
[SIGNAL] DOWN, p̂=0.625, q=0.505, Δ=0.120 → Low ATR (89.44 < 94.34)

✓ #238 p̂=0.625, Signal=False
⏰ Next: 12:00:50
---
=== Tue May 26 12:00:50 UTC 2026 ===
BTC 5m Bot v3 - ATR+Vol Filter
MIN_PROB=0.87, ATR>0.8x avg, Vol>0.6x avg
Cycle 238/50

============================================================
Cycle #239 | 12:00:50 UTC
[BTC] 1440 candles
[FILTER] ATR=80.16 (avg=117.94, threshold=94.35)
[FILTER] Vol=2.0844 (avg=21.6268, threshold=12.9761)
[BTC] Last streaks: [1, 2, 1, 2, 1]
[MARKOV] Filtered=227 candles, 44 states
[MARKOV] State=2121, last_dir=UP, p̂=0.400 (n=5)
[POLY] YES=0.505, NO=0.495
[SIGNAL] UP, p̂=0.400, q=0.495, Δ=-0.095 → Low ATR (80.16 < 94.35)

✓ #239 p̂=0.400, Signal=False
⏰ Next: 12:02:15
---
=== Tue May 26 12:02:16 UTC 2026 ===
BTC 5m Bot v3 - ATR+Vol Filter
MIN_PROB=0.87, ATR>0.8x avg, Vol>0.6x avg
Cycle 239/50

============================================================
Cycle #240 | 12:02:16 UTC
[BTC] 1440 candles
[FILTER] ATR=81.17 (avg=117.99, threshold=94.39)
[FILTER] Vol=2.7969 (avg=21.6624, threshold=12.9975)
[BTC] Last streaks: [1, 2, 1, 2, 1]
[MARKOV] Filtered=225 candles, 44 states
[MARKOV] State=2121, last_dir=UP, p̂=0.400 (n=5)
[POLY] YES=0.505, NO=0.495
[SIGNAL] UP, p̂=0.400, q=0.495, Δ=-0.095 → Low ATR (81.17 < 94.39)

✓ #240 p̂=0.400, Signal=False
⏰ Next: 12:03:40
---
=== Tue May 26 12:03:40 UTC 2026 ===
BTC 5m Bot v3 - ATR+Vol Filter
MIN_PROB=0.87, ATR>0.8x avg, Vol>0.6x avg
Cycle 240/50

============================================================
Cycle #241 | 12:03:40 UTC
[BTC] 1440 candles
[FILTER] ATR=82.31 (avg=118.05, threshold=94.44)
[FILTER] Vol=3.5963 (avg=21.7024, threshold=13.0214)
[BTC] Last streaks: [1, 2, 1, 2, 1]
[MARKOV] Filtered=225 candles, 44 states
[MARKOV] State=2121, last_dir=UP, p̂=0.400 (n=5)
[POLY] YES=0.505, NO=0.495
[SIGNAL] UP, p̂=0.400, q=0.495, Δ=-0.095 → Low ATR (82.31 < 94.44)

✓ #241 p̂=0.400, Signal=False
⏰ Next: 12:05:04
---
=== Tue May 26 12:05:04 UTC 2026 ===
BTC 5m Bot v3 - ATR+Vol Filter
MIN_PROB=0.87, ATR>0.8x avg, Vol>0.6x avg
Cycle 241/50

============================================================
Cycle #242 | 12:05:04 UTC
[BTC] 1440 candles
[FILTER] ATR=75.09 (avg=117.07, threshold=93.66)
[FILTER] Vol=0.0032 (avg=18.2251, threshold=10.9351)
[BTC] Last streaks: [2, 1, 2, 1, 2]
[MARKOV] Filtered=256 candles, 44 states
[MARKOV] State=1212, last_dir=UP, p̂=0.636 (n=11)
[POLY] YES=0.505, NO=0.495
[SIGNAL] UP, p̂=0.636, q=0.495, Δ=0.141 → Low ATR (75.09 < 93.66)

✓ #242 p̂=0.636, Signal=False
⏰ Next: 12:06:28
---
=== Tue May 26 12:06:28 UTC 2026 ===
BTC 5m Bot v3 - ATR+Vol Filter
MIN_PROB=0.87, ATR>0.8x avg, Vol>0.6x avg
Cycle 242/50

============================================================
Cycle #243 | 12:06:29 UTC
[BTC] 1440 candles
[FILTER] ATR=81.66 (avg=117.40, threshold=93.92)
[FILTER] Vol=4.7442 (avg=18.4621, threshold=11.0773)
[BTC] Last streaks: [2, 1, 2, 1, 1]
[MARKOV] Filtered=250 candles, 44 states
[MARKOV] State=1211, last_dir=DOWN, p̂=0.562 (n=16)
[POLY] YES=0.505, NO=0.495
[SIGNAL] DOWN, p̂=0.562, q=0.505, Δ=0.057 → Low ATR (81.66 < 93.92)

✓ #243 p̂=0.562, Signal=False
⏰ Next: 12:07:53
---
=== Tue May 26 12:07:53 UTC 2026 ===
BTC 5m Bot v3 - ATR+Vol Filter
MIN_PROB=0.87, ATR>0.8x avg, Vol>0.6x avg
Cycle 243/50

============================================================
Cycle #244 | 12:07:53 UTC
[BTC] 1440 candles
[FILTER] ATR=92.79 (avg=117.95, threshold=94.36)
[FILTER] Vol=28.6723 (avg=19.6586, threshold=11.7951)
[BTC] Last streaks: [2, 1, 2, 1, 1]
[MARKOV] Filtered=245 candles, 44 states
[MARKOV] State=1211, last_dir=DOWN, p̂=0.533 (n=15)
[POLY] YES=0.505, NO=0.495
[SIGNAL] DOWN, p̂=0.533, q=0.505, Δ=0.028 → Low ATR (92.79 < 94.36)

✓ #244 p̂=0.533, Signal=False
⏰ Next: 12:09:17
---
=== Tue May 26 12:09:17 UTC 2026 ===
BTC 5m Bot v3 - ATR+Vol Filter
MIN_PROB=0.87, ATR>0.8x avg, Vol>0.6x avg
Cycle 244/50

============================================================
Cycle #245 | 12:09:17 UTC
[BTC] 1440 candles
[FILTER] ATR=99.71 (avg=118.30, threshold=94.64)
[FILTER] Vol=46.5974 (avg=20.5548, threshold=12.3329)
[BTC] Last streaks: [2, 1, 2, 1, 1]
[MARKOV] Filtered=233 candles, 44 states
[MARKOV] State=1211, last_dir=DOWN, p̂=0.571 (n=14)
[POLY] YES=0.505, NO=0.495
[SIGNAL] DOWN, p̂=0.571, q=0.505, Δ=0.066 → p̂ 0.571 < 0.87

✓ #245 p̂=0.571, Signal=False
⏰ Next: 12:10:41
---
=== Tue May 26 12:10:41 UTC 2026 ===
BTC 5m Bot v3 - ATR+Vol Filter
MIN_PROB=0.87, ATR>0.8x avg, Vol>0.6x avg
Cycle 245/50

============================================================
Cycle #246 | 12:10:41 UTC
[BTC] 1440 candles
[FILTER] ATR=97.82 (avg=118.61, threshold=94.89)
[FILTER] Vol=1.6525 (avg=19.2815, threshold=11.5689)
[BTC] Last streaks: [1, 2, 1, 1, 1]
[MARKOV] Filtered=244 candles, 44 states
[MARKOV] State=2111, last_dir=UP, p̂=0.400 (n=10)
[POLY] YES=0.505, NO=0.495
[SIGNAL] UP, p̂=0.400, q=0.495, Δ=-0.095 → Low Vol (1.6525 < 11.5689)

✓ #246 p̂=0.400, Signal=False
⏰ Next: 12:12:05
---
=== Tue May 26 12:12:05 UTC 2026 ===
BTC 5m Bot v3 - ATR+Vol Filter
MIN_PROB=0.87, ATR>0.8x avg, Vol>0.6x avg
Cycle 246/50

============================================================
Cycle #247 | 12:12:06 UTC
[BTC] 1440 candles
[FILTER] ATR=98.30 (avg=118.64, threshold=94.91)
[FILTER] Vol=3.8062 (avg=19.3892, threshold=11.6335)
[BTC] Last streaks: [1, 2, 1, 1, 1]
[MARKOV] Filtered=244 candles, 44 states
[MARKOV] State=2111, last_dir=UP, p̂=0.400 (n=10)
[POLY] YES=0.505, NO=0.495
[SIGNAL] UP, p̂=0.400, q=0.495, Δ=-0.095 → Low Vol (3.8062 < 11.6335)

✓ #247 p̂=0.400, Signal=False
⏰ Next: 12:13:29
---
=== Tue May 26 12:13:29 UTC 2026 ===
BTC 5m Bot v3 - ATR+Vol Filter
MIN_PROB=0.87, ATR>0.8x avg, Vol>0.6x avg
Cycle 247/50

============================================================
Cycle #248 | 12:13:30 UTC
[BTC] 1440 candles
[FILTER] ATR=102.54 (avg=118.85, threshold=95.08)
[FILTER] Vol=5.7826 (avg=19.4880, threshold=11.6928)
[BTC] Last streaks: [1, 2, 1, 1, 1]
[MARKOV] Filtered=244 candles, 44 states
[MARKOV] State=2111, last_dir=UP, p̂=0.400 (n=10)
[POLY] YES=0.505, NO=0.495
[SIGNAL] UP, p̂=0.400, q=0.495, Δ=-0.095 → Low Vol (5.7826 < 11.6928)

✓ #248 p̂=0.400, Signal=False
⏰ Next: 12:14:54
---
=== Tue May 26 12:14:54 UTC 2026 ===
BTC 5m Bot v3 - ATR+Vol Filter
MIN_PROB=0.87, ATR>0.8x avg, Vol>0.6x avg
Cycle 248/50

============================================================
Cycle #249 | 12:14:54 UTC
[BTC] 1440 candles
[FILTER] ATR=104.57 (avg=118.95, threshold=95.16)
[FILTER] Vol=7.1498 (avg=19.5564, threshold=11.7338)
[BTC] Last streaks: [1, 2, 1, 1, 1]
[MARKOV] Filtered=243 candles, 44 states
[MARKOV] State=2111, last_dir=UP, p̂=0.400 (n=10)
[POLY] YES=0.505, NO=0.495
[SIGNAL] UP, p̂=0.400, q=0.495, Δ=-0.095 → Low Vol (7.1498 < 11.7338)

✓ #249 p̂=0.400, Signal=False
⏰ Next: 12:16:18
---
=== Tue May 26 12:16:18 UTC 2026 ===
BTC 5m Bot v3 - ATR+Vol Filter
MIN_PROB=0.87, ATR>0.8x avg, Vol>0.6x avg
Cycle 249/50

============================================================
Cycle #250 | 12:16:18 UTC
[BTC] 1440 candles
[FILTER] ATR=98.20 (avg=118.72, threshold=94.98)
[FILTER] Vol=5.7310 (avg=16.1203, threshold=9.6722)
[BTC] Last streaks: [2, 1, 1, 1, 2]
[MARKOV] Filtered=281 candles, 46 states
[MARKOV] State=1112, last_dir=UP, p̂=0.667 (n=21)
[POLY] YES=0.515, NO=0.485
[SIGNAL] UP, p̂=0.667, q=0.485, Δ=0.182 → Low Vol (5.7310 < 9.6722)

🌙 NIGHTLY REVIEW after 50 cycles
[REVIEW] max p̂=0.684, avg=0.539, MIN_PROB=0.87

✓ #250 p̂=0.667, Signal=False
⏰ Next: 12:17:43
---
=== Tue May 26 12:17:43 UTC 2026 ===
BTC 5m Bot v3 - ATR+Vol Filter
MIN_PROB=0.87, ATR>0.8x avg, Vol>0.6x avg
Cycle 250/50

============================================================
Cycle #251 | 12:17:43 UTC
[BTC] 1440 candles
[FILTER] ATR=98.29 (avg=118.72, threshold=94.98)
[FILTER] Vol=6.2273 (avg=16.1451, threshold=9.6871)
[BTC] Last streaks: [2, 1, 1, 1, 2]
[MARKOV] Filtered=281 candles, 46 states
[MARKOV] State=1112, last_dir=UP, p̂=0.667 (n=21)
[POLY] YES=0.515, NO=0.485
[SIGNAL] UP, p̂=0.667, q=0.485, Δ=0.182 → Low Vol (6.2273 < 9.6871)

✓ #251 p̂=0.667, Signal=False
⏰ Next: 12:19:07
---
=== Tue May 26 12:19:07 UTC 2026 ===
BTC 5m Bot v3 - ATR+Vol Filter
MIN_PROB=0.87, ATR>0.8x avg, Vol>0.6x avg
Cycle 251/50

============================================================
Cycle #252 | 12:19:07 UTC
[BTC] 1440 candles
[FILTER] ATR=100.95 (avg=118.86, threshold=95.09)
[FILTER] Vol=9.6650 (avg=16.3170, threshold=9.7902)
[BTC] Last streaks: [2, 1, 1, 1, 1]
[MARKOV] Filtered=278 candles, 46 states
[MARKOV] State=1111, last_dir=DOWN, p̂=0.409 (n=22)
[POLY] YES=0.515, NO=0.485
[SIGNAL] DOWN, p̂=0.409, q=0.515, Δ=-0.106 → Low Vol (9.6650 < 9.7902)

✓ #252 p̂=0.409, Signal=False
⏰ Next: 12:20:31
---
=== Tue May 26 12:20:32 UTC 2026 ===
BTC 5m Bot v3 - ATR+Vol Filter
MIN_PROB=0.87, ATR>0.8x avg, Vol>0.6x avg
Cycle 252/50

============================================================
Cycle #253 | 12:20:32 UTC
[BTC] 1440 candles
[FILTER] ATR=91.94 (avg=117.98, threshold=94.39)
[FILTER] Vol=0.0386 (avg=13.9715, threshold=8.3829)
[BTC] Last streaks: [1, 1, 1, 2, 1]
[MARKOV] Filtered=305 candles, 48 states
[MARKOV] State=1121, last_dir=DOWN, p̂=0.632 (n=19)
[POLY] YES=0.505, NO=0.495
[SIGNAL] DOWN, p̂=0.632, q=0.505, Δ=0.127 → Low ATR (91.94 < 94.39)

✓ #253 p̂=0.632, Signal=False
⏰ Next: 12:21:56
---
=== Tue May 26 12:21:56 UTC 2026 ===
BTC 5m Bot v3 - ATR+Vol Filter
MIN_PROB=0.87, ATR>0.8x avg, Vol>0.6x avg
Cycle 253/50

============================================================
Cycle #254 | 12:21:56 UTC
[BTC] 1440 candles
[FILTER] ATR=93.16 (avg=118.05, threshold=94.44)
[FILTER] Vol=0.6068 (avg=13.9999, threshold=8.3999)
[BTC] Last streaks: [1, 1, 1, 2, 1]
[MARKOV] Filtered=304 candles, 48 states
[MARKOV] State=1121, last_dir=DOWN, p̂=0.632 (n=19)
[POLY] YES=0.505, NO=0.495
[SIGNAL] DOWN, p̂=0.632, q=0.505, Δ=0.127 → Low ATR (93.16 < 94.44)

✓ #254 p̂=0.632, Signal=False
⏰ Next: 12:23:20
---
=== Tue May 26 12:23:20 UTC 2026 ===
BTC 5m Bot v3 - ATR+Vol Filter
MIN_PROB=0.87, ATR>0.8x avg, Vol>0.6x avg
Cycle 254/50

============================================================
Cycle #255 | 12:23:20 UTC
[BTC] 1440 candles
[FILTER] ATR=94.31 (avg=118.10, threshold=94.48)
[FILTER] Vol=1.4427 (avg=14.0417, threshold=8.4250)
[BTC] Last streaks: [1, 1, 1, 2, 1]
[MARKOV] Filtered=303 candles, 48 states
[MARKOV] State=1121, last_dir=DOWN, p̂=0.632 (n=19)
[POLY] YES=0.505, NO=0.495
[SIGNAL] DOWN, p̂=0.632, q=0.505, Δ=0.127 → Low ATR (94.31 < 94.48)

✓ #255 p̂=0.632, Signal=False
⏰ Next: 12:24:44
---
=== Tue May 26 12:24:44 UTC 2026 ===
BTC 5m Bot v3 - ATR+Vol Filter
MIN_PROB=0.87, ATR>0.8x avg, Vol>0.6x avg
Cycle 255/50

============================================================
Cycle #256 | 12:24:44 UTC
[BTC] 1440 candles
[FILTER] ATR=97.43 (avg=118.26, threshold=94.61)
[FILTER] Vol=5.7483 (avg=14.2570, threshold=8.5542)
[BTC] Last streaks: [1, 1, 1, 2, 1]
[MARKOV] Filtered=298 candles, 48 states
[MARKOV] State=1121, last_dir=DOWN, p̂=0.632 (n=19)
[POLY] YES=0.505, NO=0.495
[SIGNAL] DOWN, p̂=0.632, q=0.505, Δ=0.127 → Low Vol (5.7483 < 8.5542)

✓ #256 p̂=0.632, Signal=False
⏰ Next: 12:26:08
---
=== Tue May 26 12:26:08 UTC 2026 ===
BTC 5m Bot v3 - ATR+Vol Filter
MIN_PROB=0.87, ATR>0.8x avg, Vol>0.6x avg
Cycle 256/50

============================================================
Cycle #257 | 12:26:08 UTC
[BTC] 1440 candles
[FILTER] ATR=94.04 (avg=117.13, threshold=93.71)
[FILTER] Vol=2.7825 (avg=12.7994, threshold=7.6796)
[BTC] Last streaks: [1, 1, 2, 1, 2]
[MARKOV] Filtered=323 candles, 49 states
[MARKOV] State=1212, last_dir=DOWN, p̂=0.667 (n=12)
[POLY] YES=0.500, NO=0.500
[SIGNAL] DOWN, p̂=0.667, q=0.500, Δ=0.167 → Low Vol (2.7825 < 7.6796)

✓ #257 p̂=0.667, Signal=False
⏰ Next: 12:27:33
---
=== Tue May 26 12:27:33 UTC 2026 ===
BTC 5m Bot v3 - ATR+Vol Filter
MIN_PROB=0.87, ATR>0.8x avg, Vol>0.6x avg
Cycle 257/50

============================================================
Cycle #258 | 12:27:33 UTC
[BTC] 1440 candles
[FILTER] ATR=94.20 (avg=117.14, threshold=93.71)
[FILTER] Vol=4.5870 (avg=12.8896, threshold=7.7338)
[BTC] Last streaks: [1, 1, 2, 1, 2]
[MARKOV] Filtered=322 candles, 49 states
[MARKOV] State=1212, last_dir=DOWN, p̂=0.667 (n=12)
[POLY] YES=0.500, NO=0.500
[SIGNAL] DOWN, p̂=0.667, q=0.500, Δ=0.167 → Low Vol (4.5870 < 7.7338)

✓ #258 p̂=0.667, Signal=False
⏰ Next: 12:28:57
---
=== Tue May 26 12:28:57 UTC 2026 ===
BTC 5m Bot v3 - ATR+Vol Filter
MIN_PROB=0.87, ATR>0.8x avg, Vol>0.6x avg
Cycle 258/50

============================================================
Cycle #259 | 12:28:57 UTC
[BTC] 1440 candles
[FILTER] ATR=94.20 (avg=117.14, threshold=93.71)
[FILTER] Vol=8.5511 (avg=13.0878, threshold=7.8527)
[BTC] Last streaks: [1, 1, 2, 1, 2]
[MARKOV] Filtered=318 candles, 49 states
[MARKOV] State=1212, last_dir=DOWN, p̂=0.667 (n=12)
[POLY] YES=0.505, NO=0.495
[SIGNAL] DOWN, p̂=0.667, q=0.505, Δ=0.162 → p̂ 0.667 < 0.87

✓ #259 p̂=0.667, Signal=False
⏰ Next: 12:30:21
---
=== Tue May 26 12:30:21 UTC 2026 ===
BTC 5m Bot v3 - ATR+Vol Filter
MIN_PROB=0.87, ATR>0.8x avg, Vol>0.6x avg
Cycle 259/50

============================================================
Cycle #260 | 12:30:21 UTC
[BTC] 1440 candles
[FILTER] ATR=89.52 (avg=115.44, threshold=92.36)
[FILTER] Vol=0.2635 (avg=11.8419, threshold=7.1051)
[BTC] Last streaks: [1, 2, 1, 1, 2]
[MARKOV] Filtered=338 candles, 49 states
[MARKOV] State=2112, last_dir=UP, p̂=0.556 (n=9)
[POLY] YES=0.505, NO=0.495
[SIGNAL] UP, p̂=0.556, q=0.495, Δ=0.061 → Low ATR (89.52 < 92.36)

✓ #260 p̂=0.556, Signal=False
⏰ Next: 12:31:45
---
=== Tue May 26 12:31:45 UTC 2026 ===
BTC 5m Bot v3 - ATR+Vol Filter
MIN_PROB=0.87, ATR>0.8x avg, Vol>0.6x avg
Cycle 260/50

============================================================
Cycle #261 | 12:31:45 UTC
[BTC] 1440 candles
[FILTER] ATR=92.89 (avg=115.61, threshold=92.49)
[FILTER] Vol=3.5220 (avg=12.0048, threshold=7.2029)
[BTC] Last streaks: [1, 2, 1, 1, 2]
[MARKOV] Filtered=337 candles, 49 states
[MARKOV] State=2112, last_dir=UP, p̂=0.556 (n=9)
[POLY] YES=0.505, NO=0.495
[SIGNAL] UP, p̂=0.556, q=0.495, Δ=0.061 → Low Vol (3.5220 < 7.2029)

✓ #261 p̂=0.556, Signal=False
⏰ Next: 12:33:09
---
=== Tue May 26 12:33:10 UTC 2026 ===
BTC 5m Bot v3 - ATR+Vol Filter
MIN_PROB=0.87, ATR>0.8x avg, Vol>0.6x avg
Cycle 261/50

============================================================
Cycle #262 | 12:33:10 UTC
[BTC] 1440 candles
[FILTER] ATR=96.66 (avg=115.80, threshold=92.64)
[FILTER] Vol=6.4725 (avg=12.1524, threshold=7.2914)
[BTC] Last streaks: [1, 2, 1, 1, 2]
[MARKOV] Filtered=336 candles, 49 states
[MARKOV] State=2112, last_dir=UP, p̂=0.556 (n=9)
[POLY] YES=0.505, NO=0.495
[SIGNAL] UP, p̂=0.556, q=0.495, Δ=0.061 → Low Vol (6.4725 < 7.2914)

✓ #262 p̂=0.556, Signal=False
⏰ Next: 12:34:34
---
=== Tue May 26 12:34:34 UTC 2026 ===
BTC 5m Bot v3 - ATR+Vol Filter
MIN_PROB=0.87, ATR>0.8x avg, Vol>0.6x avg
Cycle 262/50

============================================================
Cycle #263 | 12:34:34 UTC
[BTC] 1440 candles
[FILTER] ATR=96.66 (avg=115.80, threshold=92.64)
[FILTER] Vol=9.6219 (avg=12.3098, threshold=7.3859)
[BTC] Last streaks: [1, 2, 1, 1, 2]
[MARKOV] Filtered=336 candles, 49 states
[MARKOV] State=2112, last_dir=UP, p̂=0.556 (n=9)
[POLY] YES=0.505, NO=0.495
[SIGNAL] UP, p̂=0.556, q=0.495, Δ=0.061 → p̂ 0.556 < 0.87

✓ #263 p̂=0.556, Signal=False
⏰ Next: 12:35:58
---
=== Tue May 26 12:35:58 UTC 2026 ===
BTC 5m Bot v3 - ATR+Vol Filter
MIN_PROB=0.87, ATR>0.8x avg, Vol>0.6x avg
Cycle 263/50

============================================================
Cycle #264 | 12:35:58 UTC
[BTC] 1440 candles
[FILTER] ATR=93.56 (avg=114.14, threshold=91.31)
[FILTER] Vol=0.4598 (avg=11.6614, threshold=6.9968)
[BTC] Last streaks: [2, 1, 1, 2, 3]
[MARKOV] Filtered=345 candles, 49 states
[MARKOV] State=1123, last_dir=UP, p̂=0.444 (n=18)
[POLY] YES=0.505, NO=0.495
[SIGNAL] UP, p̂=0.444, q=0.495, Δ=-0.051 → Low Vol (0.4598 < 6.9968)

✓ #264 p̂=0.444, Signal=False
⏰ Next: 12:37:22
---
=== Tue May 26 12:37:22 UTC 2026 ===
BTC 5m Bot v3 - ATR+Vol Filter
MIN_PROB=0.87, ATR>0.8x avg, Vol>0.6x avg
Cycle 264/50

============================================================
Cycle #265 | 12:37:23 UTC
[BTC] 1440 candles
[FILTER] ATR=94.90 (avg=114.20, threshold=91.36)
[FILTER] Vol=1.6698 (avg=11.7219, threshold=7.0331)
[BTC] Last streaks: [2, 1, 1, 2, 1]
[MARKOV] Filtered=344 candles, 49 states
[MARKOV] State=1121, last_dir=DOWN, p̂=0.696 (n=23)
[POLY] YES=0.505, NO=0.495
[SIGNAL] DOWN, p̂=0.696, q=0.505, Δ=0.191 → Low Vol (1.6698 < 7.0331)

✓ #265 p̂=0.696, Signal=False
⏰ Next: 12:38:46
---
=== Tue May 26 12:38:47 UTC 2026 ===
BTC 5m Bot v3 - ATR+Vol Filter
MIN_PROB=0.87, ATR>0.8x avg, Vol>0.6x avg
Cycle 265/50

============================================================
Cycle #266 | 12:38:47 UTC
[BTC] 1440 candles
[FILTER] ATR=94.90 (avg=114.20, threshold=91.36)
[FILTER] Vol=2.5165 (avg=11.7642, threshold=7.0585)
[BTC] Last streaks: [2, 1, 1, 2, 1]
[MARKOV] Filtered=343 candles, 49 states
[MARKOV] State=1121, last_dir=DOWN, p̂=0.696 (n=23)
[POLY] YES=0.505, NO=0.495
[SIGNAL] DOWN, p̂=0.696, q=0.505, Δ=0.191 → Low Vol (2.5165 < 7.0585)

✓ #266 p̂=0.696, Signal=False
⏰ Next: 12:40:11
---
=== Tue May 26 12:40:11 UTC 2026 ===
BTC 5m Bot v3 - ATR+Vol Filter
MIN_PROB=0.87, ATR>0.8x avg, Vol>0.6x avg
Cycle 266/50

============================================================
Cycle #267 | 12:40:11 UTC
[BTC] 1440 candles
[FILTER] ATR=89.26 (avg=112.15, threshold=89.72)
[FILTER] Vol=0.0313 (avg=11.4257, threshold=6.8554)
[BTC] Last streaks: [1, 1, 2, 3, 4]
[MARKOV] Filtered=355 candles, 49 states
[MARKOV] State=1234, last_dir=UP, p̂=0.318 (n=22)
[POLY] YES=0.505, NO=0.495
[SIGNAL] UP, p̂=0.318, q=0.495, Δ=-0.177 → Low ATR (89.26 < 89.72)

✓ #267 p̂=0.318, Signal=False
⏰ Next: 12:41:35
---
=== Tue May 26 12:41:35 UTC 2026 ===
BTC 5m Bot v3 - ATR+Vol Filter
MIN_PROB=0.87, ATR>0.8x avg, Vol>0.6x avg
Cycle 267/50

============================================================
Cycle #268 | 12:41:35 UTC
[BTC] 1440 candles
[FILTER] ATR=89.56 (avg=112.16, threshold=89.73)
[FILTER] Vol=4.7177 (avg=11.6600, threshold=6.9960)
[BTC] Last streaks: [1, 1, 2, 3, 4]
[MARKOV] Filtered=353 candles, 49 states
[MARKOV] State=1234, last_dir=UP, p̂=0.318 (n=22)
[POLY] YES=0.505, NO=0.495
[SIGNAL] UP, p̂=0.318, q=0.495, Δ=-0.177 → Low ATR (89.56 < 89.73)

✓ #268 p̂=0.318, Signal=False
⏰ Next: 12:42:59
---
=== Tue May 26 12:42:59 UTC 2026 ===
BTC 5m Bot v3 - ATR+Vol Filter
MIN_PROB=0.87, ATR>0.8x avg, Vol>0.6x avg
Cycle 268/50

============================================================
Cycle #269 | 12:42:59 UTC
[BTC] 1440 candles
[FILTER] ATR=91.05 (avg=112.24, threshold=89.79)
[FILTER] Vol=5.8488 (avg=11.7166, threshold=7.0300)
[BTC] Last streaks: [1, 1, 2, 3, 4]
[MARKOV] Filtered=352 candles, 49 states
[MARKOV] State=1234, last_dir=UP, p̂=0.318 (n=22)
[POLY] YES=0.505, NO=0.495
[SIGNAL] UP, p̂=0.318, q=0.495, Δ=-0.177 → Low Vol (5.8488 < 7.0300)

✓ #269 p̂=0.318, Signal=False
⏰ Next: 12:44:23
---
=== Tue May 26 12:44:23 UTC 2026 ===
BTC 5m Bot v3 - ATR+Vol Filter
MIN_PROB=0.87, ATR>0.8x avg, Vol>0.6x avg
Cycle 269/50

============================================================
Cycle #270 | 12:44:24 UTC
[BTC] 1440 candles
[FILTER] ATR=91.05 (avg=112.24, threshold=89.79)
[FILTER] Vol=6.4453 (avg=11.7464, threshold=7.0479)
[BTC] Last streaks: [1, 1, 2, 3, 4]
[MARKOV] Filtered=352 candles, 49 states
[MARKOV] State=1234, last_dir=UP, p̂=0.318 (n=22)
[POLY] YES=0.505, NO=0.495
[SIGNAL] UP, p̂=0.318, q=0.495, Δ=-0.177 → Low Vol (6.4453 < 7.0479)

✓ #270 p̂=0.318, Signal=False
⏰ Next: 12:45:48
---
=== Tue May 26 12:45:48 UTC 2026 ===
BTC 5m Bot v3 - ATR+Vol Filter
MIN_PROB=0.87, ATR>0.8x avg, Vol>0.6x avg
Cycle 270/50

============================================================
Cycle #271 | 12:45:48 UTC
[BTC] 1440 candles
[FILTER] ATR=87.30 (avg=109.69, threshold=87.75)
[FILTER] Vol=0.5012 (avg=11.5024, threshold=6.9015)
[BTC] Last streaks: [1, 2, 3, 4, 1]
[MARKOV] Filtered=366 candles, 49 states
[MARKOV] State=2341, last_dir=DOWN, p̂=0.700 (n=10)
[POLY] YES=0.505, NO=0.495
[SIGNAL] DOWN, p̂=0.700, q=0.505, Δ=0.195 → Low ATR (87.30 < 87.75)

✓ #271 p̂=0.700, Signal=False
⏰ Next: 12:47:12
---
=== Tue May 26 12:47:12 UTC 2026 ===
BTC 5m Bot v3 - ATR+Vol Filter
MIN_PROB=0.87, ATR>0.8x avg, Vol>0.6x avg
Cycle 271/50

============================================================
Cycle #272 | 12:47:12 UTC
[BTC] 1440 candles
[FILTER] ATR=87.54 (avg=109.70, threshold=87.76)
[FILTER] Vol=0.9505 (avg=11.5249, threshold=6.9149)
[BTC] Last streaks: [1, 2, 3, 4, 1]
[MARKOV] Filtered=366 candles, 49 states
[MARKOV] State=2341, last_dir=DOWN, p̂=0.700 (n=10)
[POLY] YES=0.505, NO=0.495
[SIGNAL] DOWN, p̂=0.700, q=0.505, Δ=0.195 → Low ATR (87.54 < 87.76)

✓ #272 p̂=0.700, Signal=False
⏰ Next: 12:48:36
---
=== Tue May 26 12:48:36 UTC 2026 ===
BTC 5m Bot v3 - ATR+Vol Filter
MIN_PROB=0.87, ATR>0.8x avg, Vol>0.6x avg
Cycle 272/50

============================================================
Cycle #273 | 12:48:36 UTC
[BTC] 1440 candles
[FILTER] ATR=89.50 (avg=109.80, threshold=87.84)
[FILTER] Vol=6.0054 (avg=11.7776, threshold=7.0666)
[BTC] Last streaks: [1, 2, 3, 4, 5]
[MARKOV] Filtered=362 candles, 49 states
[MARKOV] State=2345, last_dir=UP, p̂=0.625 (n=8)
[POLY] YES=0.505, NO=0.495
[SIGNAL] UP, p̂=0.625, q=0.495, Δ=0.130 → Low Vol (6.0054 < 7.0666)

✓ #273 p̂=0.625, Signal=False
⏰ Next: 12:50:00
---
=== Tue May 26 12:50:00 UTC 2026 ===
BTC 5m Bot v3 - ATR+Vol Filter
MIN_PROB=0.87, ATR>0.8x avg, Vol>0.6x avg
Cycle 273/50

============================================================
Cycle #274 | 12:50:01 UTC
[BTC] 1440 candles
[FILTER] ATR=86.78 (avg=106.92, threshold=85.54)
[FILTER] Vol=0.0215 (avg=11.4499, threshold=6.8699)
[BTC] Last streaks: [2, 3, 4, 5, 1]
[MARKOV] Filtered=384 candles, 49 states
[MARKOV] State=3451, last_dir=DOWN, p̂=0.667 (n=6)
[POLY] YES=0.505, NO=0.495
[SIGNAL] DOWN, p̂=0.667, q=0.505, Δ=0.162 → Low Vol (0.0215 < 6.8699)

✓ #274 p̂=0.667, Signal=False
⏰ Next: 12:51:24
---
=== Tue May 26 12:51:25 UTC 2026 ===
BTC 5m Bot v3 - ATR+Vol Filter
MIN_PROB=0.87, ATR>0.8x avg, Vol>0.6x avg
Cycle 274/50

============================================================
Cycle #275 | 12:51:25 UTC
[BTC] 1440 candles
[FILTER] ATR=88.48 (avg=107.01, threshold=85.61)
[FILTER] Vol=9.4301 (avg=11.9203, threshold=7.1522)
[BTC] Last streaks: [2, 3, 4, 5, 6]
[MARKOV] Filtered=375 candles, 49 states
[MARKOV] State=3456, last_dir=UP, p̂=0.250 (n=4)
[POLY] YES=0.505, NO=0.495
[SIGNAL] UP, p̂=0.250, q=0.495, Δ=-0.245 → p̂ 0.250 < 0.87

✓ #275 p̂=0.250, Signal=False
⏰ Next: 12:52:49
---
=== Tue May 26 12:52:49 UTC 2026 ===
BTC 5m Bot v3 - ATR+Vol Filter
MIN_PROB=0.87, ATR>0.8x avg, Vol>0.6x avg
Cycle 275/50

============================================================
Cycle #276 | 12:52:49 UTC
[BTC] 1440 candles
[FILTER] ATR=88.48 (avg=107.01, threshold=85.61)
[FILTER] Vol=9.6055 (avg=11.9291, threshold=7.1575)
[BTC] Last streaks: [2, 3, 4, 5, 1]
[MARKOV] Filtered=375 candles, 49 states
[MARKOV] State=3451, last_dir=DOWN, p̂=0.800 (n=5)
[POLY] YES=0.505, NO=0.495
[SIGNAL] DOWN, p̂=0.800, q=0.505, Δ=0.295 → p̂ 0.800 < 0.87

✓ #276 p̂=0.800, Signal=False
⏰ Next: 12:54:13
---
=== Tue May 26 12:54:13 UTC 2026 ===
BTC 5m Bot v3 - ATR+Vol Filter
MIN_PROB=0.87, ATR>0.8x avg, Vol>0.6x avg
Cycle 276/50

============================================================
Cycle #277 | 12:54:13 UTC
[BTC] 1440 candles
[FILTER] ATR=91.16 (avg=107.14, threshold=85.72)
[FILTER] Vol=13.8683 (avg=12.1422, threshold=7.2853)
[BTC] Last streaks: [2, 3, 4, 5, 6]
[MARKOV] Filtered=371 candles, 49 states
[MARKOV] State=3456, last_dir=UP, p̂=0.250 (n=4)
[POLY] YES=0.505, NO=0.495
[SIGNAL] UP, p̂=0.250, q=0.495, Δ=-0.245 → p̂ 0.250 < 0.87

✓ #277 p̂=0.250, Signal=False
⏰ Next: 12:55:37
---
=== Tue May 26 12:55:37 UTC 2026 ===
BTC 5m Bot v3 - ATR+Vol Filter
MIN_PROB=0.87, ATR>0.8x avg, Vol>0.6x avg
Cycle 277/50

============================================================
Cycle #278 | 12:55:37 UTC
[BTC] 1440 candles
[FILTER] ATR=89.54 (avg=104.32, threshold=83.45)
[FILTER] Vol=1.6423 (avg=11.6419, threshold=6.9851)
[BTC] Last streaks: [3, 4, 5, 6, 7]
[MARKOV] Filtered=396 candles, 50 states
[MARKOV] State=4567, last_dir=UP, p̂=0.500 (n=2)
[POLY] YES=0.505, NO=0.495
[SIGNAL] UP, p̂=0.500, q=0.495, Δ=0.005 → Low Vol (1.6423 < 6.9851)

✓ #278 p̂=0.500, Signal=False
⏰ Next: 12:57:01
---
=== Tue May 26 12:57:02 UTC 2026 ===
BTC 5m Bot v3 - ATR+Vol Filter
MIN_PROB=0.87, ATR>0.8x avg, Vol>0.6x avg
Cycle 278/50

============================================================
Cycle #279 | 12:57:02 UTC
[BTC] 1440 candles
[FILTER] ATR=89.54 (avg=104.32, threshold=83.45)
[FILTER] Vol=9.0277 (avg=12.0112, threshold=7.2067)
[BTC] Last streaks: [3, 4, 5, 6, 7]
[MARKOV] Filtered=390 candles, 50 states
[MARKOV] State=4567, last_dir=UP, p̂=0.500 (n=2)
[POLY] YES=0.505, NO=0.495
[SIGNAL] UP, p̂=0.500, q=0.495, Δ=0.005 → p̂ 0.500 < 0.87

✓ #279 p̂=0.500, Signal=False
⏰ Next: 12:58:26
---
=== Tue May 26 12:58:26 UTC 2026 ===
BTC 5m Bot v3 - ATR+Vol Filter
MIN_PROB=0.87, ATR>0.8x avg, Vol>0.6x avg
Cycle 279/50

============================================================
Cycle #280 | 12:58:26 UTC
[BTC] 1440 candles
[FILTER] ATR=89.54 (avg=104.32, threshold=83.45)
[FILTER] Vol=10.6650 (avg=12.0930, threshold=7.2558)
[BTC] Last streaks: [3, 4, 5, 6, 7]
[MARKOV] Filtered=389 candles, 50 states
[MARKOV] State=4567, last_dir=UP, p̂=0.500 (n=2)
[POLY] YES=0.505, NO=0.495
[SIGNAL] UP, p̂=0.500, q=0.495, Δ=0.005 → p̂ 0.500 < 0.87

✓ #280 p̂=0.500, Signal=False
⏰ Next: 12:59:50
---
=== Tue May 26 12:59:50 UTC 2026 ===
BTC 5m Bot v3 - ATR+Vol Filter
MIN_PROB=0.87, ATR>0.8x avg, Vol>0.6x avg
Cycle 280/50

============================================================
Cycle #281 | 12:59:50 UTC
[BTC] 1440 candles
[FILTER] ATR=89.54 (avg=104.32, threshold=83.45)
[FILTER] Vol=11.7970 (avg=12.1496, threshold=7.2898)
[BTC] Last streaks: [3, 4, 5, 6, 7]
[MARKOV] Filtered=387 candles, 50 states
[MARKOV] State=4567, last_dir=UP, p̂=0.500 (n=2)
[POLY] YES=0.505, NO=0.495
[SIGNAL] UP, p̂=0.500, q=0.495, Δ=0.005 → p̂ 0.500 < 0.87

✓ #281 p̂=0.500, Signal=False
⏰ Next: 13:01:14
---
=== Tue May 26 13:01:14 UTC 2026 ===
BTC 5m Bot v3 - ATR+Vol Filter
MIN_PROB=0.87, ATR>0.8x avg, Vol>0.6x avg
Cycle 281/50

============================================================
Cycle #282 | 13:01:14 UTC
[BTC] 1440 candles
[FILTER] ATR=88.37 (avg=101.38, threshold=81.10)
[FILTER] Vol=1.8616 (avg=11.0753, threshold=6.6452)
[BTC] Last streaks: [4, 5, 6, 7, 1]
[MARKOV] Filtered=432 candles, 52 states
[MARKOV] State=5671, last_dir=DOWN, p̂=0.000 (n=1)
[POLY] YES=0.505, NO=0.495
[SIGNAL] DOWN, p̂=0.000, q=0.505, Δ=-0.505 → Low Vol (1.8616 < 6.6452)

✓ #282 p̂=0.000, Signal=False
⏰ Next: 13:02:38
---
=== Tue May 26 13:02:38 UTC 2026 ===
BTC 5m Bot v3 - ATR+Vol Filter
MIN_PROB=0.87, ATR>0.8x avg, Vol>0.6x avg
Cycle 282/50

============================================================
Cycle #283 | 13:02:39 UTC
[BTC] 1440 candles
[FILTER] ATR=88.82 (avg=101.40, threshold=81.12)
[FILTER] Vol=3.2837 (avg=11.1464, threshold=6.6879)
[BTC] Last streaks: [4, 5, 6, 7, 1]
[MARKOV] Filtered=429 candles, 52 states
[MARKOV] State=5671, last_dir=DOWN, p̂=0.000 (n=1)
[POLY] YES=0.505, NO=0.495
[SIGNAL] DOWN, p̂=0.000, q=0.505, Δ=-0.505 → Low Vol (3.2837 < 6.6879)

✓ #283 p̂=0.000, Signal=False
⏰ Next: 13:04:03
---
=== Tue May 26 13:04:03 UTC 2026 ===
BTC 5m Bot v3 - ATR+Vol Filter
MIN_PROB=0.87, ATR>0.8x avg, Vol>0.6x avg
Cycle 283/50

============================================================
Cycle #284 | 13:04:03 UTC
[BTC] 1440 candles
[FILTER] ATR=91.64 (avg=101.54, threshold=81.24)
[FILTER] Vol=5.7622 (avg=11.2704, threshold=6.7622)
[BTC] Last streaks: [4, 5, 6, 7, 1]
[MARKOV] Filtered=426 candles, 52 states
[MARKOV] State=5671, last_dir=DOWN, p̂=0.000 (n=1)
[POLY] YES=0.505, NO=0.495
[SIGNAL] DOWN, p̂=0.000, q=0.505, Δ=-0.505 → Low Vol (5.7622 < 6.7622)

✓ #284 p̂=0.000, Signal=False
⏰ Next: 13:05:27
---
=== Tue May 26 13:05:27 UTC 2026 ===
BTC 5m Bot v3 - ATR+Vol Filter
MIN_PROB=0.87, ATR>0.8x avg, Vol>0.6x avg
Cycle 284/50

============================================================
Cycle #285 | 13:05:27 UTC
[BTC] 1440 candles
[FILTER] ATR=86.82 (avg=99.03, threshold=79.22)
[FILTER] Vol=0.7146 (avg=10.6763, threshold=6.4058)
[BTC] Last streaks: [5, 6, 7, 1, 2]
[MARKOV] Filtered=464 candles, 52 states
[MARKOV] State=6712, last_dir=DOWN, p̂=0.500 (n=0)
[POLY] YES=0.505, NO=0.495
[SIGNAL] DOWN, p̂=0.500, q=0.505, Δ=-0.005 → Low Vol (0.7146 < 6.4058)

✓ #285 p̂=0.500, Signal=False
⏰ Next: 13:06:51
---
=== Tue May 26 13:06:52 UTC 2026 ===
BTC 5m Bot v3 - ATR+Vol Filter
MIN_PROB=0.87, ATR>0.8x avg, Vol>0.6x avg
Cycle 285/50

============================================================
Cycle #286 | 13:06:52 UTC
[BTC] 1440 candles
[FILTER] ATR=89.28 (avg=99.15, threshold=79.32)
[FILTER] Vol=2.5163 (avg=10.7664, threshold=6.4598)
[BTC] Last streaks: [5, 6, 7, 1, 2]
[MARKOV] Filtered=462 candles, 52 states
[MARKOV] State=6712, last_dir=DOWN, p̂=0.500 (n=0)
[POLY] YES=0.505, NO=0.495
[SIGNAL] DOWN, p̂=0.500, q=0.505, Δ=-0.005 → Low Vol (2.5163 < 6.4598)

✓ #286 p̂=0.500, Signal=False
⏰ Next: 13:08:16
---
=== Tue May 26 13:08:16 UTC 2026 ===
BTC 5m Bot v3 - ATR+Vol Filter
MIN_PROB=0.87, ATR>0.8x avg, Vol>0.6x avg
Cycle 286/50

============================================================
Cycle #287 | 13:08:16 UTC
[BTC] 1440 candles
[FILTER] ATR=89.28 (avg=99.15, threshold=79.32)
[FILTER] Vol=5.4667 (avg=10.9139, threshold=6.5483)
[BTC] Last streaks: [5, 6, 7, 1, 2]
[MARKOV] Filtered=459 candles, 52 states
[MARKOV] State=6712, last_dir=DOWN, p̂=0.500 (n=0)
[POLY] YES=0.505, NO=0.495
[SIGNAL] DOWN, p̂=0.500, q=0.505, Δ=-0.005 → Low Vol (5.4667 < 6.5483)

✓ #287 p̂=0.500, Signal=False
⏰ Next: 13:09:40
---
=== Tue May 26 13:09:40 UTC 2026 ===
BTC 5m Bot v3 - ATR+Vol Filter
MIN_PROB=0.87, ATR>0.8x avg, Vol>0.6x avg
Cycle 287/50

============================================================
Cycle #288 | 13:09:40 UTC
[BTC] 1440 candles
[FILTER] ATR=89.28 (avg=99.15, threshold=79.32)
[FILTER] Vol=5.8332 (avg=10.9322, threshold=6.5593)
[BTC] Last streaks: [5, 6, 7, 1, 2]
[MARKOV] Filtered=459 candles, 52 states
[MARKOV] State=6712, last_dir=DOWN, p̂=0.500 (n=0)
[POLY] YES=0.505, NO=0.495
[SIGNAL] DOWN, p̂=0.500, q=0.505, Δ=-0.005 → Low Vol (5.8332 < 6.5593)

✓ #288 p̂=0.500, Signal=False
⏰ Next: 13:11:04
---
=== Tue May 26 13:11:04 UTC 2026 ===
BTC 5m Bot v3 - ATR+Vol Filter
MIN_PROB=0.87, ATR>0.8x avg, Vol>0.6x avg
Cycle 288/50

============================================================
Cycle #289 | 13:11:04 UTC
[BTC] 1440 candles
[FILTER] ATR=87.34 (avg=96.60, threshold=77.28)
[FILTER] Vol=0.8900 (avg=10.3210, threshold=6.1926)
[BTC] Last streaks: [6, 7, 1, 2, 3]
[MARKOV] Filtered=483 candles, 53 states
[MARKOV] State=7123, last_dir=DOWN, p̂=0.500 (n=0)
[POLY] YES=0.505, NO=0.495
[SIGNAL] DOWN, p̂=0.500, q=0.505, Δ=-0.005 → Low Vol (0.8900 < 6.1926)

✓ #289 p̂=0.500, Signal=False
⏰ Next: 13:12:28
---
=== Tue May 26 13:12:28 UTC 2026 ===
BTC 5m Bot v3 - ATR+Vol Filter
MIN_PROB=0.87, ATR>0.8x avg, Vol>0.6x avg
Cycle 289/50

============================================================
Cycle #290 | 13:12:28 UTC
[BTC] 1440 candles
[FILTER] ATR=88.41 (avg=96.66, threshold=77.33)
[FILTER] Vol=1.8318 (avg=10.3681, threshold=6.2208)
[BTC] Last streaks: [6, 7, 1, 2, 3]
[MARKOV] Filtered=483 candles, 53 states
[MARKOV] State=7123, last_dir=DOWN, p̂=0.500 (n=0)
[POLY] YES=0.505, NO=0.495
[SIGNAL] DOWN, p̂=0.500, q=0.505, Δ=-0.005 → Low Vol (1.8318 < 6.2208)

✓ #290 p̂=0.500, Signal=False
⏰ Next: 13:13:53
---
=== Tue May 26 13:13:53 UTC 2026 ===
BTC 5m Bot v3 - ATR+Vol Filter
MIN_PROB=0.87, ATR>0.8x avg, Vol>0.6x avg
Cycle 290/50

============================================================
Cycle #291 | 13:13:53 UTC
[BTC] 1440 candles
[FILTER] ATR=88.41 (avg=96.66, threshold=77.33)
[FILTER] Vol=2.2673 (avg=10.3898, threshold=6.2339)
[BTC] Last streaks: [6, 7, 1, 2, 3]
[MARKOV] Filtered=483 candles, 53 states
[MARKOV] State=7123, last_dir=DOWN, p̂=0.500 (n=0)
[POLY] YES=0.505, NO=0.495
[SIGNAL] DOWN, p̂=0.500, q=0.505, Δ=-0.005 → Low Vol (2.2673 < 6.2339)

✓ #291 p̂=0.500, Signal=False
⏰ Next: 13:15:17
---
=== Tue May 26 13:15:17 UTC 2026 ===
BTC 5m Bot v3 - ATR+Vol Filter
MIN_PROB=0.87, ATR>0.8x avg, Vol>0.6x avg
Cycle 291/50

============================================================
Cycle #292 | 13:15:17 UTC
[BTC] 1440 candles
[FILTER] ATR=64.59 (avg=93.84, threshold=75.07)
[FILTER] Vol=0.1790 (avg=10.0345, threshold=6.0207)
[BTC] Last streaks: [7, 1, 2, 1, 2]
[MARKOV] Filtered=522 candles, 54 states
[MARKOV] State=1212, last_dir=UP, p̂=0.556 (n=27)
[POLY] YES=0.515, NO=0.485
[SIGNAL] UP, p̂=0.556, q=0.485, Δ=0.071 → Low ATR (64.59 < 75.07)

✓ #292 p̂=0.556, Signal=False
⏰ Next: 13:16:41
---
=== Tue May 26 13:16:41 UTC 2026 ===
BTC 5m Bot v3 - ATR+Vol Filter
MIN_PROB=0.87, ATR>0.8x avg, Vol>0.6x avg
Cycle 292/50

============================================================
Cycle #293 | 13:16:41 UTC
[BTC] 1440 candles
[FILTER] ATR=67.01 (avg=93.96, threshold=75.17)
[FILTER] Vol=1.1884 (avg=10.0850, threshold=6.0510)
[BTC] Last streaks: [7, 1, 2, 1, 1]
[MARKOV] Filtered=516 candles, 54 states
[MARKOV] State=1211, last_dir=DOWN, p̂=0.594 (n=32)
[POLY] YES=0.505, NO=0.495
[SIGNAL] DOWN, p̂=0.594, q=0.505, Δ=0.089 → Low ATR (67.01 < 75.17)

✓ #293 p̂=0.594, Signal=False
⏰ Next: 13:18:05
---
=== Tue May 26 13:18:05 UTC 2026 ===
BTC 5m Bot v3 - ATR+Vol Filter
MIN_PROB=0.87, ATR>0.8x avg, Vol>0.6x avg
Cycle 293/50

============================================================
Cycle #294 | 13:18:05 UTC
[BTC] 1440 candles
[FILTER] ATR=68.76 (avg=94.05, threshold=75.24)
[FILTER] Vol=2.1350 (avg=10.1323, threshold=6.0794)
[BTC] Last streaks: [7, 1, 2, 1, 1]
[MARKOV] Filtered=515 candles, 54 states
[MARKOV] State=1211, last_dir=DOWN, p̂=0.613 (n=31)
[POLY] YES=0.505, NO=0.495
[SIGNAL] DOWN, p̂=0.613, q=0.505, Δ=0.108 → Low ATR (68.76 < 75.24)

✓ #294 p̂=0.613, Signal=False
⏰ Next: 13:19:29
---
=== Tue May 26 13:19:29 UTC 2026 ===
BTC 5m Bot v3 - ATR+Vol Filter
MIN_PROB=0.87, ATR>0.8x avg, Vol>0.6x avg
Cycle 294/50

============================================================
Cycle #295 | 13:19:30 UTC
[BTC] 1440 candles
[FILTER] ATR=72.58 (avg=94.24, threshold=75.39)
[FILTER] Vol=6.3965 (avg=10.3454, threshold=6.2072)
[BTC] Last streaks: [7, 1, 2, 1, 1]
[MARKOV] Filtered=512 candles, 54 states
[MARKOV] State=1211, last_dir=DOWN, p̂=0.613 (n=31)
[POLY] YES=0.505, NO=0.495
[SIGNAL] DOWN, p̂=0.613, q=0.505, Δ=0.108 → Low ATR (72.58 < 75.39)

✓ #295 p̂=0.613, Signal=False
⏰ Next: 13:20:54
---
=== Tue May 26 13:20:54 UTC 2026 ===
BTC 5m Bot v3 - ATR+Vol Filter
MIN_PROB=0.87, ATR>0.8x avg, Vol>0.6x avg
Cycle 295/50

============================================================
Cycle #296 | 13:20:54 UTC
[BTC] 1440 candles
[FILTER] ATR=65.88 (avg=91.74, threshold=73.40)
[FILTER] Vol=0.3852 (avg=10.3031, threshold=6.1818)
[BTC] Last streaks: [1, 2, 1, 1, 1]
[MARKOV] Filtered=541 candles, 56 states
[MARKOV] State=2111, last_dir=UP, p̂=0.333 (n=21)
[POLY] YES=0.505, NO=0.495
[SIGNAL] UP, p̂=0.333, q=0.495, Δ=-0.162 → Low ATR (65.88 < 73.40)

✓ #296 p̂=0.333, Signal=False
⏰ Next: 13:22:18
---
=== Tue May 26 13:22:18 UTC 2026 ===
BTC 5m Bot v3 - ATR+Vol Filter
MIN_PROB=0.87, ATR>0.8x avg, Vol>0.6x avg
Cycle 296/50

============================================================
Cycle #297 | 13:22:18 UTC
[BTC] 1440 candles
[FILTER] ATR=78.99 (avg=92.40, threshold=73.92)
[FILTER] Vol=37.0129 (avg=12.1345, threshold=7.2807)
[BTC] Last streaks: [1, 2, 1, 1, 2]
[MARKOV] Filtered=490 candles, 55 states
[MARKOV] State=2112, last_dir=DOWN, p̂=0.500 (n=10)
[POLY] YES=0.505, NO=0.495
[SIGNAL] DOWN, p̂=0.500, q=0.505, Δ=-0.005 → p̂ 0.500 < 0.87

✓ #297 p̂=0.500, Signal=False
⏰ Next: 13:23:42
---
=== Tue May 26 13:23:42 UTC 2026 ===
BTC 5m Bot v3 - ATR+Vol Filter
MIN_PROB=0.87, ATR>0.8x avg, Vol>0.6x avg
Cycle 297/50

============================================================
Cycle #298 | 13:23:42 UTC
[BTC] 1440 candles
[FILTER] ATR=79.36 (avg=92.42, threshold=73.93)
[FILTER] Vol=53.5757 (avg=12.9626, threshold=7.7776)
[BTC] Last streaks: [1, 2, 1, 1, 2]
[MARKOV] Filtered=470 candles, 55 states
[MARKOV] State=2112, last_dir=DOWN, p̂=0.500 (n=10)
[POLY] YES=0.505, NO=0.495
[SIGNAL] DOWN, p̂=0.500, q=0.505, Δ=-0.005 → p̂ 0.500 < 0.87

✓ #298 p̂=0.500, Signal=False
⏰ Next: 13:25:06
---
=== Tue May 26 13:25:06 UTC 2026 ===
BTC 5m Bot v3 - ATR+Vol Filter
MIN_PROB=0.87, ATR>0.8x avg, Vol>0.6x avg
Cycle 298/50

============================================================
Cycle #299 | 13:25:07 UTC
[BTC] 1440 candles
[FILTER] ATR=77.30 (avg=91.07, threshold=72.86)
[FILTER] Vol=3.8064 (avg=12.7595, threshold=7.6557)
[BTC] Last streaks: [2, 1, 1, 2, 3]
[MARKOV] Filtered=481 candles, 55 states
[MARKOV] State=1123, last_dir=DOWN, p̂=0.452 (n=31)
[POLY] YES=0.505, NO=0.495
[SIGNAL] DOWN, p̂=0.452, q=0.505, Δ=-0.053 → Low Vol (3.8064 < 7.6557)

✓ #299 p̂=0.452, Signal=False
⏰ Next: 13:26:30
---
=== Tue May 26 13:26:31 UTC 2026 ===
BTC 5m Bot v3 - ATR+Vol Filter
MIN_PROB=0.87, ATR>0.8x avg, Vol>0.6x avg
Cycle 299/50

============================================================
Cycle #300 | 13:26:31 UTC
[BTC] 1440 candles
[FILTER] ATR=78.96 (avg=91.15, threshold=72.92)
[FILTER] Vol=5.6877 (avg=12.8535, threshold=7.7121)
[BTC] Last streaks: [2, 1, 1, 2, 3]
[MARKOV] Filtered=478 candles, 55 states
[MARKOV] State=1123, last_dir=DOWN, p̂=0.452 (n=31)
[POLY] YES=0.505, NO=0.495
[SIGNAL] DOWN, p̂=0.452, q=0.505, Δ=-0.053 → Low Vol (5.6877 < 7.7121)

🌙 NIGHTLY REVIEW after 50 cycles
[REVIEW] max p̂=0.800, avg=0.501, MIN_PROB=0.87

✓ #300 p̂=0.452, Signal=False
⏰ Next: 13:27:55
---
=== Tue May 26 13:27:56 UTC 2026 ===
BTC 5m Bot v3 - ATR+Vol Filter
MIN_PROB=0.87, ATR>0.8x avg, Vol>0.6x avg
Cycle 300/50

============================================================
Cycle #301 | 13:27:56 UTC
[BTC] 1440 candles
[FILTER] ATR=78.96 (avg=91.15, threshold=72.92)
[FILTER] Vol=7.6130 (avg=12.9498, threshold=7.7699)
[BTC] Last streaks: [2, 1, 1, 2, 3]
[MARKOV] Filtered=476 candles, 55 states
[MARKOV] State=1123, last_dir=DOWN, p̂=0.452 (n=31)
[POLY] YES=0.505, NO=0.495
[SIGNAL] DOWN, p̂=0.452, q=0.505, Δ=-0.053 → Low Vol (7.6130 < 7.7699)

✓ #301 p̂=0.452, Signal=False
⏰ Next: 13:29:20
---
=== Tue May 26 13:29:20 UTC 2026 ===
BTC 5m Bot v3 - ATR+Vol Filter
MIN_PROB=0.87, ATR>0.8x avg, Vol>0.6x avg
Cycle 301/50

============================================================
Cycle #302 | 13:29:20 UTC
[BTC] 1440 candles
[FILTER] ATR=78.96 (avg=91.15, threshold=72.92)
[FILTER] Vol=9.6489 (avg=13.0516, threshold=7.8309)
[BTC] Last streaks: [2, 1, 1, 2, 3]
[MARKOV] Filtered=474 candles, 54 states
[MARKOV] State=1123, last_dir=DOWN, p̂=0.452 (n=31)
[POLY] YES=0.505, NO=0.495
[SIGNAL] DOWN, p̂=0.452, q=0.505, Δ=-0.053 → p̂ 0.452 < 0.87

✓ #302 p̂=0.452, Signal=False
⏰ Next: 13:30:44
---
=== Tue May 26 13:30:44 UTC 2026 ===
BTC 5m Bot v3 - ATR+Vol Filter
MIN_PROB=0.87, ATR>0.8x avg, Vol>0.6x avg
Cycle 302/50

============================================================
Cycle #303 | 13:30:44 UTC
[BTC] 1440 candles
[FILTER] ATR=77.60 (avg=90.21, threshold=72.17)
[FILTER] Vol=2.8644 (avg=12.8526, threshold=7.7116)
[BTC] Last streaks: [1, 1, 2, 3, 1]
[MARKOV] Filtered=483 candles, 55 states
[MARKOV] State=1231, last_dir=UP, p̂=0.429 (n=35)
[POLY] YES=0.505, NO=0.495
[SIGNAL] UP, p̂=0.429, q=0.495, Δ=-0.066 → Low Vol (2.8644 < 7.7116)

✓ #303 p̂=0.429, Signal=False
⏰ Next: 13:32:08
---
=== Tue May 26 13:32:08 UTC 2026 ===
BTC 5m Bot v3 - ATR+Vol Filter
MIN_PROB=0.87, ATR>0.8x avg, Vol>0.6x avg
Cycle 303/50

============================================================
Cycle #304 | 13:32:08 UTC
[BTC] 1440 candles
[FILTER] ATR=85.14 (avg=90.58, threshold=72.47)
[FILTER] Vol=14.2967 (avg=13.4242, threshold=8.0545)
[BTC] Last streaks: [1, 1, 2, 3, 4]
[MARKOV] Filtered=471 candles, 54 states
[MARKOV] State=1234, last_dir=DOWN, p̂=0.269 (n=26)
[POLY] YES=0.505, NO=0.495
[SIGNAL] DOWN, p̂=0.269, q=0.505, Δ=-0.236 → p̂ 0.269 < 0.87

✓ #304 p̂=0.269, Signal=False
⏰ Next: 13:33:32
---
=== Tue May 26 13:33:33 UTC 2026 ===
BTC 5m Bot v3 - ATR+Vol Filter
MIN_PROB=0.87, ATR>0.8x avg, Vol>0.6x avg
Cycle 304/50

============================================================
Cycle #305 | 13:33:33 UTC
[BTC] 1440 candles
[FILTER] ATR=85.14 (avg=90.58, threshold=72.47)
[FILTER] Vol=21.0878 (avg=13.7638, threshold=8.2583)
[BTC] Last streaks: [1, 1, 2, 3, 4]
[MARKOV] Filtered=466 candles, 54 states
[MARKOV] State=1234, last_dir=DOWN, p̂=0.269 (n=26)
[POLY] YES=0.505, NO=0.495
[SIGNAL] DOWN, p̂=0.269, q=0.505, Δ=-0.236 → p̂ 0.269 < 0.87

✓ #305 p̂=0.269, Signal=False
⏰ Next: 13:34:57
---
=== Tue May 26 13:34:57 UTC 2026 ===
BTC 5m Bot v3 - ATR+Vol Filter
MIN_PROB=0.87, ATR>0.8x avg, Vol>0.6x avg
Cycle 305/50

============================================================
Cycle #306 | 13:34:57 UTC
[BTC] 1440 candles
[FILTER] ATR=85.14 (avg=90.58, threshold=72.47)
[FILTER] Vol=35.0380 (avg=14.4613, threshold=8.6768)
[BTC] Last streaks: [1, 1, 2, 3, 1]
[MARKOV] Filtered=443 candles, 54 states
[MARKOV] State=1231, last_dir=UP, p̂=0.455 (n=33)
[POLY] YES=0.505, NO=0.495
[SIGNAL] UP, p̂=0.455, q=0.495, Δ=-0.040 → p̂ 0.455 < 0.87

✓ #306 p̂=0.455, Signal=False
⏰ Next: 13:36:21
---
=== Tue May 26 13:36:21 UTC 2026 ===
BTC 5m Bot v3 - ATR+Vol Filter
MIN_PROB=0.87, ATR>0.8x avg, Vol>0.6x avg
Cycle 306/50

============================================================
Cycle #307 | 13:36:21 UTC
[BTC] 1440 candles
[FILTER] ATR=87.45 (avg=90.42, threshold=72.34)
[FILTER] Vol=8.1260 (avg=14.6753, threshold=8.8052)
[BTC] Last streaks: [1, 2, 3, 4, 1]
[MARKOV] Filtered=439 candles, 54 states
[MARKOV] State=2341, last_dir=UP, p̂=0.727 (n=11)
[POLY] YES=0.505, NO=0.495
[SIGNAL] UP, p̂=0.727, q=0.495, Δ=0.232 → Low Vol (8.1260 < 8.8052)

✓ #307 p̂=0.727, Signal=False
⏰ Next: 13:37:45
---
=== Tue May 26 13:37:45 UTC 2026 ===
BTC 5m Bot v3 - ATR+Vol Filter
MIN_PROB=0.87, ATR>0.8x avg, Vol>0.6x avg
Cycle 307/50

============================================================
Cycle #308 | 13:37:45 UTC
[BTC] 1440 candles
[FILTER] ATR=90.84 (avg=90.59, threshold=72.47)
[FILTER] Vol=11.8659 (avg=14.8623, threshold=8.9174)
[BTC] Last streaks: [1, 2, 3, 4, 1]
[MARKOV] Filtered=436 candles, 54 states
[MARKOV] State=2341, last_dir=UP, p̂=0.727 (n=11)
[POLY] YES=0.505, NO=0.495
[SIGNAL] UP, p̂=0.727, q=0.495, Δ=0.232 → p̂ 0.727 < 0.87

✓ #308 p̂=0.727, Signal=False
⏰ Next: 13:39:09
---
=== Tue May 26 13:39:10 UTC 2026 ===
BTC 5m Bot v3 - ATR+Vol Filter
MIN_PROB=0.87, ATR>0.8x avg, Vol>0.6x avg
Cycle 308/50

============================================================
Cycle #309 | 13:39:10 UTC
[BTC] 1440 candles
[FILTER] ATR=93.15 (avg=90.71, threshold=72.56)
[FILTER] Vol=16.3591 (avg=15.0870, threshold=9.0522)
[BTC] Last streaks: [1, 2, 3, 4, 1]
[MARKOV] Filtered=432 candles, 54 states
[MARKOV] State=2341, last_dir=UP, p̂=0.727 (n=11)
[POLY] YES=0.515, NO=0.485
[SIGNAL] UP, p̂=0.727, q=0.485, Δ=0.242 → p̂ 0.727 < 0.87

✓ #309 p̂=0.727, Signal=False
⏰ Next: 13:40:34
---
=== Tue May 26 13:40:34 UTC 2026 ===
BTC 5m Bot v3 - ATR+Vol Filter
MIN_PROB=0.87, ATR>0.8x avg, Vol>0.6x avg
Cycle 309/50

============================================================
Cycle #310 | 13:40:34 UTC
[BTC] 1440 candles
[FILTER] ATR=87.14 (avg=90.95, threshold=72.76)
[FILTER] Vol=2.0057 (avg=15.0611, threshold=9.0366)
[BTC] Last streaks: [2, 3, 4, 1, 1]
[MARKOV] Filtered=431 candles, 54 states
[MARKOV] State=3411, last_dir=DOWN, p̂=1.000 (n=3)
[POLY] YES=0.505, NO=0.495
[SIGNAL] DOWN, p̂=1.000, q=0.505, Δ=0.495 → Low Vol (2.0057 < 9.0366)

✓ #310 p̂=1.000, Signal=False
⏰ Next: 13:41:58
---
=== Tue May 26 13:41:58 UTC 2026 ===
BTC 5m Bot v3 - ATR+Vol Filter
MIN_PROB=0.87, ATR>0.8x avg, Vol>0.6x avg
Cycle 310/50

============================================================
Cycle #311 | 13:41:58 UTC
[BTC] 1440 candles
[FILTER] ATR=88.97 (avg=91.04, threshold=72.83)
[FILTER] Vol=5.9596 (avg=15.2588, threshold=9.1553)
[BTC] Last streaks: [2, 3, 4, 1, 1]
[MARKOV] Filtered=430 candles, 54 states
[MARKOV] State=3411, last_dir=DOWN, p̂=1.000 (n=3)
[POLY] YES=0.505, NO=0.495
[SIGNAL] DOWN, p̂=1.000, q=0.505, Δ=0.495 → Low Vol (5.9596 < 9.1553)

✓ #311 p̂=1.000, Signal=False
⏰ Next: 13:43:22
---
=== Tue May 26 13:43:22 UTC 2026 ===
BTC 5m Bot v3 - ATR+Vol Filter
MIN_PROB=0.87, ATR>0.8x avg, Vol>0.6x avg
Cycle 311/50

============================================================
Cycle #312 | 13:43:23 UTC
[BTC] 1440 candles
[FILTER] ATR=98.28 (avg=91.50, threshold=73.20)
[FILTER] Vol=25.8103 (avg=16.2513, threshold=9.7508)
[BTC] Last streaks: [2, 3, 4, 1, 2]
[MARKOV] Filtered=415 candles, 52 states
[MARKOV] State=3412, last_dir=UP, p̂=0.667 (n=9)
[POLY] YES=0.505, NO=0.495
[SIGNAL] UP, p̂=0.667, q=0.495, Δ=0.172 → p̂ 0.667 < 0.87

✓ #312 p̂=0.667, Signal=False
⏰ Next: 13:44:46
---
=== Tue May 26 13:44:47 UTC 2026 ===
BTC 5m Bot v3 - ATR+Vol Filter
MIN_PROB=0.87, ATR>0.8x avg, Vol>0.6x avg
Cycle 312/50

============================================================
Cycle #313 | 13:44:47 UTC
[BTC] 1440 candles
[FILTER] ATR=98.28 (avg=91.50, threshold=73.20)
[FILTER] Vol=30.3987 (avg=16.4807, threshold=9.8884)
[BTC] Last streaks: [2, 3, 4, 1, 2]
[MARKOV] Filtered=409 candles, 52 states
[MARKOV] State=3412, last_dir=UP, p̂=0.625 (n=8)
[POLY] YES=0.505, NO=0.495
[SIGNAL] UP, p̂=0.625, q=0.495, Δ=0.130 → p̂ 0.625 < 0.87

✓ #313 p̂=0.625, Signal=False
⏰ Next: 13:46:11
---
=== Tue May 26 13:46:11 UTC 2026 ===
BTC 5m Bot v3 - ATR+Vol Filter
MIN_PROB=0.87, ATR>0.8x avg, Vol>0.6x avg
Cycle 313/50

============================================================
Cycle #314 | 13:46:11 UTC
[BTC] 1440 candles
[FILTER] ATR=103.79 (avg=91.71, threshold=73.37)
[FILTER] Vol=16.7962 (avg=14.5827, threshold=8.7496)
[BTC] Last streaks: [3, 4, 1, 2, 3]
[MARKOV] Filtered=437 candles, 54 states
[MARKOV] State=4123, last_dir=UP, p̂=0.750 (n=4)
[POLY] YES=0.495, NO=0.505
[SIGNAL] UP, p̂=0.750, q=0.505, Δ=0.245 → p̂ 0.750 < 0.87

✓ #314 p̂=0.750, Signal=False
⏰ Next: 13:47:35
---
=== Tue May 26 13:47:35 UTC 2026 ===
BTC 5m Bot v3 - ATR+Vol Filter
MIN_PROB=0.87, ATR>0.8x avg, Vol>0.6x avg
Cycle 314/50

============================================================
Cycle #315 | 13:47:35 UTC
[BTC] 1440 candles
[FILTER] ATR=108.27 (avg=91.93, threshold=73.55)
[FILTER] Vol=21.0592 (avg=14.7958, threshold=8.8775)
[BTC] Last streaks: [3, 4, 1, 2, 3]
[MARKOV] Filtered=432 candles, 54 states
[MARKOV] State=4123, last_dir=UP, p̂=0.750 (n=4)
[POLY] YES=0.495, NO=0.505
[SIGNAL] UP, p̂=0.750, q=0.505, Δ=0.245 → p̂ 0.750 < 0.87

✓ #315 p̂=0.750, Signal=False
⏰ Next: 13:48:59
---
=== Tue May 26 13:48:59 UTC 2026 ===
BTC 5m Bot v3 - ATR+Vol Filter
MIN_PROB=0.87, ATR>0.8x avg, Vol>0.6x avg
Cycle 315/50

============================================================
Cycle #316 | 13:48:59 UTC
[BTC] 1440 candles
[FILTER] ATR=122.81 (avg=92.66, threshold=74.13)
[FILTER] Vol=50.6572 (avg=16.2757, threshold=9.7654)
[BTC] Last streaks: [3, 4, 1, 2, 3]
[MARKOV] Filtered=411 candles, 52 states
[MARKOV] State=4123, last_dir=UP, p̂=0.750 (n=4)
[POLY] YES=0.495, NO=0.505
[SIGNAL] UP, p̂=0.750, q=0.505, Δ=0.245 → p̂ 0.750 < 0.87

✓ #316 p̂=0.750, Signal=False
⏰ Next: 13:50:23
---
=== Tue May 26 13:50:23 UTC 2026 ===
BTC 5m Bot v3 - ATR+Vol Filter
MIN_PROB=0.87, ATR>0.8x avg, Vol>0.6x avg
Cycle 316/50

============================================================
Cycle #317 | 13:50:24 UTC
[BTC] 1440 candles
[FILTER] ATR=134.03 (avg=94.52, threshold=75.62)
[FILTER] Vol=7.1744 (avg=17.0704, threshold=10.2423)
[BTC] Last streaks: [4, 1, 2, 3, 4]
[MARKOV] Filtered=378 candles, 49 states
[MARKOV] State=1234, last_dir=UP, p̂=0.167 (n=24)
[POLY] YES=0.505, NO=0.495
[SIGNAL] UP, p̂=0.167, q=0.495, Δ=-0.328 → Low Vol (7.1744 < 10.2423)

✓ #317 p̂=0.167, Signal=False
⏰ Next: 13:51:47
---
=== Tue May 26 13:51:48 UTC 2026 ===
BTC 5m Bot v3 - ATR+Vol Filter
MIN_PROB=0.87, ATR>0.8x avg, Vol>0.6x avg
Cycle 317/50

============================================================
Cycle #318 | 13:51:48 UTC
[BTC] 1440 candles
[FILTER] ATR=143.83 (avg=95.01, threshold=76.01)
[FILTER] Vol=20.2567 (avg=17.7246, threshold=10.6347)
[BTC] Last streaks: [4, 1, 2, 3, 1]
[MARKOV] Filtered=360 candles, 48 states
[MARKOV] State=1231, last_dir=DOWN, p̂=0.407 (n=27)
[POLY] YES=0.505, NO=0.495
[SIGNAL] DOWN, p̂=0.407, q=0.505, Δ=-0.098 → p̂ 0.407 < 0.87

✓ #318 p̂=0.407, Signal=False
⏰ Next: 13:53:12
---
=== Tue May 26 13:53:12 UTC 2026 ===
BTC 5m Bot v3 - ATR+Vol Filter
MIN_PROB=0.87, ATR>0.8x avg, Vol>0.6x avg
Cycle 318/50

============================================================
Cycle #319 | 13:53:12 UTC
[BTC] 1440 candles
[FILTER] ATR=143.83 (avg=95.01, threshold=76.01)
[FILTER] Vol=30.6779 (avg=18.2456, threshold=10.9474)
[BTC] Last streaks: [4, 1, 2, 3, 1]
[MARKOV] Filtered=350 candles, 48 states
[MARKOV] State=1231, last_dir=DOWN, p̂=0.407 (n=27)
[POLY] YES=0.505, NO=0.495
[SIGNAL] DOWN, p̂=0.407, q=0.505, Δ=-0.098 → p̂ 0.407 < 0.87

✓ #319 p̂=0.407, Signal=False
⏰ Next: 13:54:36
---
=== Tue May 26 13:54:36 UTC 2026 ===
BTC 5m Bot v3 - ATR+Vol Filter
MIN_PROB=0.87, ATR>0.8x avg, Vol>0.6x avg
Cycle 319/50

============================================================
Cycle #320 | 13:54:36 UTC
[BTC] 1440 candles
[FILTER] ATR=148.54 (avg=95.25, threshold=76.20)
[FILTER] Vol=45.3325 (avg=18.9784, threshold=11.3870)
[BTC] Last streaks: [4, 1, 2, 3, 1]
[MARKOV] Filtered=339 candles, 48 states
[MARKOV] State=1231, last_dir=DOWN, p̂=0.400 (n=25)
[POLY] YES=0.505, NO=0.495
[SIGNAL] DOWN, p̂=0.400, q=0.505, Δ=-0.105 → p̂ 0.400 < 0.87

✓ #320 p̂=0.400, Signal=False
⏰ Next: 13:56:00
---
=== Tue May 26 13:56:00 UTC 2026 ===
BTC 5m Bot v3 - ATR+Vol Filter
MIN_PROB=0.87, ATR>0.8x avg, Vol>0.6x avg
Cycle 320/50

============================================================
Cycle #321 | 13:56:00 UTC
[BTC] 1440 candles
[FILTER] ATR=151.71 (avg=97.79, threshold=78.23)
[FILTER] Vol=7.1523 (avg=18.9344, threshold=11.3607)
[BTC] Last streaks: [1, 2, 3, 1, 1]
[MARKOV] Filtered=319 candles, 47 states
[MARKOV] State=2311, last_dir=UP, p̂=0.571 (n=7)
[POLY] YES=0.505, NO=0.495
[SIGNAL] UP, p̂=0.571, q=0.495, Δ=0.076 → Low Vol (7.1523 < 11.3607)

✓ #321 p̂=0.571, Signal=False
⏰ Next: 13:57:24
---
=== Tue May 26 13:57:25 UTC 2026 ===
BTC 5m Bot v3 - ATR+Vol Filter
MIN_PROB=0.87, ATR>0.8x avg, Vol>0.6x avg
Cycle 321/50

============================================================
Cycle #322 | 13:57:25 UTC
[BTC] 1440 candles
[FILTER] ATR=154.99 (avg=97.95, threshold=78.36)
[FILTER] Vol=11.4650 (avg=19.1501, threshold=11.4900)
[BTC] Last streaks: [1, 2, 3, 1, 1]
[MARKOV] Filtered=318 candles, 47 states
[MARKOV] State=2311, last_dir=UP, p̂=0.571 (n=7)
[POLY] YES=0.505, NO=0.495
[SIGNAL] UP, p̂=0.571, q=0.495, Δ=0.076 → Low Vol (11.4650 < 11.4900)

✓ #322 p̂=0.571, Signal=False
⏰ Next: 13:58:49
---
=== Tue May 26 13:58:49 UTC 2026 ===
BTC 5m Bot v3 - ATR+Vol Filter
MIN_PROB=0.87, ATR>0.8x avg, Vol>0.6x avg
Cycle 322/50

============================================================
Cycle #323 | 13:58:49 UTC
[BTC] 1440 candles
[FILTER] ATR=154.99 (avg=97.95, threshold=78.36)
[FILTER] Vol=13.5578 (avg=19.2547, threshold=11.5528)
[BTC] Last streaks: [1, 2, 3, 1, 1]
[MARKOV] Filtered=317 candles, 47 states
[MARKOV] State=2311, last_dir=UP, p̂=0.571 (n=7)
[POLY] YES=0.505, NO=0.495
[SIGNAL] UP, p̂=0.571, q=0.495, Δ=0.076 → p̂ 0.571 < 0.87

✓ #323 p̂=0.571, Signal=False
⏰ Next: 14:00:13
---
=== Tue May 26 14:00:13 UTC 2026 ===
BTC 5m Bot v3 - ATR+Vol Filter
MIN_PROB=0.87, ATR>0.8x avg, Vol>0.6x avg
Cycle 323/50

============================================================
Cycle #324 | 14:00:13 UTC
[BTC] 1440 candles
[FILTER] ATR=152.52 (avg=100.70, threshold=80.56)
[FILTER] Vol=0.5099 (avg=19.0153, threshold=11.4092)
[BTC] Last streaks: [2, 3, 1, 1, 2]
[MARKOV] Filtered=298 candles, 47 states
[MARKOV] State=3112, last_dir=UP, p̂=0.000 (n=3)
[POLY] YES=0.505, NO=0.495
[SIGNAL] UP, p̂=0.000, q=0.495, Δ=-0.495 → Low Vol (0.5099 < 11.4092)

✓ #324 p̂=0.000, Signal=False
⏰ Next: 14:01:37
---
=== Tue May 26 14:01:37 UTC 2026 ===
BTC 5m Bot v3 - ATR+Vol Filter
MIN_PROB=0.87, ATR>0.8x avg, Vol>0.6x avg
Cycle 324/50

============================================================
Cycle #325 | 14:01:37 UTC
[BTC] 1440 candles
[FILTER] ATR=155.98 (avg=100.88, threshold=80.70)
[FILTER] Vol=4.8524 (avg=19.2324, threshold=11.5394)
[BTC] Last streaks: [2, 3, 1, 1, 1]
[MARKOV] Filtered=296 candles, 47 states
[MARKOV] State=3111, last_dir=DOWN, p̂=1.000 (n=6)
[POLY] YES=0.505, NO=0.495
[SIGNAL] DOWN, p̂=1.000, q=0.505, Δ=0.495 → Low Vol (4.8524 < 11.5394)

✓ #325 p̂=1.000, Signal=False
⏰ Next: 14:03:01
---
=== Tue May 26 14:03:02 UTC 2026 ===
BTC 5m Bot v3 - ATR+Vol Filter
MIN_PROB=0.87, ATR>0.8x avg, Vol>0.6x avg
Cycle 325/50

============================================================
Cycle #326 | 14:03:02 UTC
[BTC] 1440 candles
[FILTER] ATR=157.39 (avg=100.95, threshold=80.76)
[FILTER] Vol=9.8926 (avg=19.4844, threshold=11.6907)
[BTC] Last streaks: [2, 3, 1, 1, 1]
[MARKOV] Filtered=295 candles, 47 states
[MARKOV] State=3111, last_dir=DOWN, p̂=1.000 (n=6)
[POLY] YES=0.505, NO=0.495
[SIGNAL] DOWN, p̂=1.000, q=0.505, Δ=0.495 → Low Vol (9.8926 < 11.6907)

✓ #326 p̂=1.000, Signal=False
⏰ Next: 14:04:25
---
=== Tue May 26 14:04:26 UTC 2026 ===
BTC 5m Bot v3 - ATR+Vol Filter
MIN_PROB=0.87, ATR>0.8x avg, Vol>0.6x avg
Cycle 326/50

============================================================
Cycle #327 | 14:04:26 UTC
[BTC] 1440 candles
[FILTER] ATR=159.71 (avg=101.06, threshold=80.85)
[FILTER] Vol=17.3705 (avg=19.8583, threshold=11.9150)
[BTC] Last streaks: [2, 3, 1, 1, 1]
[MARKOV] Filtered=288 candles, 47 states
[MARKOV] State=3111, last_dir=DOWN, p̂=1.000 (n=6)
[POLY] YES=0.505, NO=0.495
[SIGNAL] DOWN, p̂=1.000, q=0.505, Δ=0.495 → OK

✓ #327 p̂=1.000, Signal=True
⏰ Next: 14:05:50
---
=== Tue May 26 14:05:50 UTC 2026 ===
BTC 5m Bot v3 - ATR+Vol Filter
MIN_PROB=0.87, ATR>0.8x avg, Vol>0.6x avg
Cycle 327/50

============================================================
Cycle #328 | 14:05:50 UTC
[BTC] 1440 candles
[FILTER] ATR=159.56 (avg=104.29, threshold=83.43)
[FILTER] Vol=1.6176 (avg=19.5720, threshold=11.7432)
[BTC] Last streaks: [3, 1, 1, 1, 2]
[MARKOV] Filtered=280 candles, 46 states
[MARKOV] State=1112, last_dir=DOWN, p̂=0.696 (n=23)
[POLY] YES=0.505, NO=0.495
[SIGNAL] DOWN, p̂=0.696, q=0.505, Δ=0.191 → Low Vol (1.6176 < 11.7432)

✓ #328 p̂=0.696, Signal=False
⏰ Next: 14:07:14
---
=== Tue May 26 14:07:14 UTC 2026 ===
BTC 5m Bot v3 - ATR+Vol Filter
MIN_PROB=0.87, ATR>0.8x avg, Vol>0.6x avg
Cycle 328/50

============================================================
Cycle #329 | 14:07:14 UTC
[BTC] 1440 candles
[FILTER] ATR=164.29 (avg=104.53, threshold=83.62)
[FILTER] Vol=7.5088 (avg=19.8666, threshold=11.9199)
[BTC] Last streaks: [3, 1, 1, 1, 1]
[MARKOV] Filtered=275 candles, 46 states
[MARKOV] State=1111, last_dir=UP, p̂=0.333 (n=21)
[POLY] YES=0.505, NO=0.495
[SIGNAL] UP, p̂=0.333, q=0.495, Δ=-0.162 → Low Vol (7.5088 < 11.9199)

✓ #329 p̂=0.333, Signal=False
⏰ Next: 14:08:38
---
=== Tue May 26 14:08:38 UTC 2026 ===
BTC 5m Bot v3 - ATR+Vol Filter
MIN_PROB=0.87, ATR>0.8x avg, Vol>0.6x avg
Cycle 329/50

============================================================
Cycle #330 | 14:08:39 UTC
[BTC] 1440 candles
[FILTER] ATR=166.54 (avg=104.64, threshold=83.71)
[FILTER] Vol=18.2247 (avg=20.4024, threshold=12.2414)
[BTC] Last streaks: [3, 1, 1, 1, 1]
[MARKOV] Filtered=270 candles, 46 states
[MARKOV] State=1111, last_dir=UP, p̂=0.333 (n=21)
[POLY] YES=0.505, NO=0.495
[SIGNAL] UP, p̂=0.333, q=0.495, Δ=-0.162 → p̂ 0.333 < 0.87

✓ #330 p̂=0.333, Signal=False
⏰ Next: 14:10:03
---
=== Tue May 26 14:10:03 UTC 2026 ===
BTC 5m Bot v3 - ATR+Vol Filter
MIN_PROB=0.87, ATR>0.8x avg, Vol>0.6x avg
Cycle 330/50

============================================================
Cycle #331 | 14:10:03 UTC
[BTC] 1440 candles
[FILTER] ATR=163.74 (avg=107.99, threshold=86.40)
[FILTER] Vol=0.1692 (avg=19.8874, threshold=11.9325)
[BTC] Last streaks: [1, 1, 1, 1, 2]
[MARKOV] Filtered=260 candles, 45 states
[MARKOV] State=1112, last_dir=UP, p̂=0.727 (n=22)
[POLY] YES=0.505, NO=0.495
[SIGNAL] UP, p̂=0.727, q=0.495, Δ=0.232 → Low Vol (0.1692 < 11.9325)

✓ #331 p̂=0.727, Signal=False
⏰ Next: 14:11:27
---
=== Tue May 26 14:11:27 UTC 2026 ===
BTC 5m Bot v3 - ATR+Vol Filter
MIN_PROB=0.87, ATR>0.8x avg, Vol>0.6x avg
Cycle 331/50

============================================================
Cycle #332 | 14:11:27 UTC
[BTC] 1440 candles
[FILTER] ATR=166.83 (avg=108.15, threshold=86.52)
[FILTER] Vol=4.4318 (avg=20.1006, threshold=12.0603)
[BTC] Last streaks: [1, 1, 1, 1, 2]
[MARKOV] Filtered=257 candles, 45 states
[MARKOV] State=1112, last_dir=UP, p̂=0.727 (n=22)
[POLY] YES=0.505, NO=0.495
[SIGNAL] UP, p̂=0.727, q=0.495, Δ=0.232 → Low Vol (4.4318 < 12.0603)

✓ #332 p̂=0.727, Signal=False
⏰ Next: 14:12:51
---
=== Tue May 26 14:12:51 UTC 2026 ===
BTC 5m Bot v3 - ATR+Vol Filter
MIN_PROB=0.87, ATR>0.8x avg, Vol>0.6x avg
Cycle 332/50

============================================================
Cycle #333 | 14:12:52 UTC
[BTC] 1440 candles
[FILTER] ATR=167.64 (avg=108.19, threshold=86.55)
[FILTER] Vol=5.7863 (avg=20.1683, threshold=12.1010)
[BTC] Last streaks: [1, 1, 1, 1, 2]
[MARKOV] Filtered=257 candles, 45 states
[MARKOV] State=1112, last_dir=UP, p̂=0.727 (n=22)
[POLY] YES=0.505, NO=0.495
[SIGNAL] UP, p̂=0.727, q=0.495, Δ=0.232 → Low Vol (5.7863 < 12.1010)

✓ #333 p̂=0.727, Signal=False
⏰ Next: 14:14:15
---
=== Tue May 26 14:14:16 UTC 2026 ===
BTC 5m Bot v3 - ATR+Vol Filter
MIN_PROB=0.87, ATR>0.8x avg, Vol>0.6x avg
Cycle 333/50

============================================================
Cycle #334 | 14:14:16 UTC
[BTC] 1440 candles
[FILTER] ATR=171.17 (avg=108.37, threshold=86.69)
[FILTER] Vol=8.9690 (avg=20.3274, threshold=12.1964)
[BTC] Last streaks: [1, 1, 1, 1, 2]
[MARKOV] Filtered=255 candles, 45 states
[MARKOV] State=1112, last_dir=UP, p̂=0.727 (n=22)
[POLY] YES=0.505, NO=0.495
[SIGNAL] UP, p̂=0.727, q=0.495, Δ=0.232 → Low Vol (8.9690 < 12.1964)

✓ #334 p̂=0.727, Signal=False
⏰ Next: 14:15:40
---
=== Tue May 26 14:15:40 UTC 2026 ===
BTC 5m Bot v3 - ATR+Vol Filter
MIN_PROB=0.87, ATR>0.8x avg, Vol>0.6x avg
Cycle 334/50

============================================================
Cycle #335 | 14:15:40 UTC
[BTC] 1440 candles
[FILTER] ATR=172.76 (avg=112.38, threshold=89.91)
[FILTER] Vol=3.7588 (avg=20.3882, threshold=12.2329)
[BTC] Last streaks: [1, 1, 1, 2, 1]
[MARKOV] Filtered=241 candles, 45 states
[MARKOV] State=1121, last_dir=DOWN, p̂=0.688 (n=16)
[POLY] YES=0.505, NO=0.495
[SIGNAL] DOWN, p̂=0.688, q=0.505, Δ=0.182 → Low Vol (3.7588 < 12.2329)

✓ #335 p̂=0.688, Signal=False
⏰ Next: 14:17:04
---
=== Tue May 26 14:17:04 UTC 2026 ===
BTC 5m Bot v3 - ATR+Vol Filter
MIN_PROB=0.87, ATR>0.8x avg, Vol>0.6x avg
Cycle 335/50

============================================================
Cycle #336 | 14:17:04 UTC
[BTC] 1440 candles
[FILTER] ATR=178.44 (avg=112.67, threshold=90.14)
[FILTER] Vol=13.1403 (avg=20.8573, threshold=12.5144)
[BTC] Last streaks: [1, 1, 1, 2, 3]
[MARKOV] Filtered=231 candles, 45 states
[MARKOV] State=1123, last_dir=UP, p̂=0.400 (n=10)
[POLY] YES=0.505, NO=0.495
[SIGNAL] UP, p̂=0.400, q=0.495, Δ=-0.095 → p̂ 0.400 < 0.87

✓ #336 p̂=0.400, Signal=False
⏰ Next: 14:18:28
---
=== Tue May 26 14:18:28 UTC 2026 ===
BTC 5m Bot v3 - ATR+Vol Filter
MIN_PROB=0.87, ATR>0.8x avg, Vol>0.6x avg
Cycle 336/50

============================================================
Cycle #337 | 14:18:28 UTC
[BTC] 1440 candles
[FILTER] ATR=192.71 (avg=113.38, threshold=90.71)
[FILTER] Vol=54.1235 (avg=22.9065, threshold=13.7439)
[BTC] Last streaks: [1, 1, 1, 2, 3]
[MARKOV] Filtered=217 candles, 44 states
[MARKOV] State=1123, last_dir=UP, p̂=0.400 (n=10)
[POLY] YES=0.505, NO=0.495
[SIGNAL] UP, p̂=0.400, q=0.495, Δ=-0.095 → p̂ 0.400 < 0.87

✓ #337 p̂=0.400, Signal=False
⏰ Next: 14:19:53
---
=== Tue May 26 14:19:53 UTC 2026 ===
BTC 5m Bot v3 - ATR+Vol Filter
MIN_PROB=0.87, ATR>0.8x avg, Vol>0.6x avg
Cycle 337/50

============================================================
Cycle #338 | 14:19:53 UTC
[BTC] 1440 candles
[FILTER] ATR=194.02 (avg=113.45, threshold=90.76)
[FILTER] Vol=93.0333 (avg=24.8519, threshold=14.9112)
[BTC] Last streaks: [1, 1, 1, 2, 3]
[MARKOV] Filtered=202 candles, 42 states
[MARKOV] State=1123, last_dir=UP, p̂=0.400 (n=10)
[POLY] YES=0.505, NO=0.495
[SIGNAL] UP, p̂=0.400, q=0.495, Δ=-0.095 → p̂ 0.400 < 0.87

✓ #338 p̂=0.400, Signal=False
⏰ Next: 14:21:17
---
=== Tue May 26 14:21:17 UTC 2026 ===
BTC 5m Bot v3 - ATR+Vol Filter
MIN_PROB=0.87, ATR>0.8x avg, Vol>0.6x avg
Cycle 338/50

============================================================
Cycle #339 | 14:21:17 UTC
[BTC] 1440 candles
[FILTER] ATR=200.33 (avg=118.86, threshold=95.09)
[FILTER] Vol=23.4041 (avg=25.5007, threshold=15.3004)
[BTC] Last streaks: [1, 1, 2, 3, 4]
[MARKOV] Filtered=181 candles, 42 states
[MARKOV] State=1234, last_dir=UP, p̂=0.200 (n=10)
[POLY] YES=0.505, NO=0.495
[SIGNAL] UP, p̂=0.200, q=0.495, Δ=-0.295 → p̂ 0.200 < 0.87

✓ #339 p̂=0.200, Signal=False
⏰ Next: 14:22:41
---
=== Tue May 26 14:22:41 UTC 2026 ===
BTC 5m Bot v3 - ATR+Vol Filter
MIN_PROB=0.87, ATR>0.8x avg, Vol>0.6x avg
Cycle 339/50

============================================================
Cycle #340 | 14:22:41 UTC
[BTC] 1440 candles
[FILTER] ATR=204.98 (avg=119.09, threshold=95.27)
[FILTER] Vol=34.2909 (avg=26.0450, threshold=15.6270)
[BTC] Last streaks: [1, 1, 2, 3, 4]
[MARKOV] Filtered=179 candles, 41 states
[MARKOV] State=1234, last_dir=UP, p̂=0.111 (n=9)
[POLY] YES=0.505, NO=0.495
[SIGNAL] UP, p̂=0.111, q=0.495, Δ=-0.384 → p̂ 0.111 < 0.87

✓ #340 p̂=0.111, Signal=False
⏰ Next: 14:24:05
---
=== Tue May 26 14:24:05 UTC 2026 ===
BTC 5m Bot v3 - ATR+Vol Filter
MIN_PROB=0.87, ATR>0.8x avg, Vol>0.6x avg
Cycle 340/50

============================================================
Cycle #341 | 14:24:06 UTC
[BTC] 1440 candles
[FILTER] ATR=212.34 (avg=119.46, threshold=95.57)
[FILTER] Vol=73.4336 (avg=28.0022, threshold=16.8013)
[BTC] Last streaks: [1, 1, 2, 3, 4]
[MARKOV] Filtered=172 candles, 40 states
[MARKOV] State=1234, last_dir=UP, p̂=0.111 (n=9)
[POLY] YES=0.505, NO=0.495
[SIGNAL] UP, p̂=0.111, q=0.495, Δ=-0.384 → p̂ 0.111 < 0.87

✓ #341 p̂=0.111, Signal=False
⏰ Next: 14:25:29
---
=== Tue May 26 14:25:29 UTC 2026 ===
BTC 5m Bot v3 - ATR+Vol Filter
MIN_PROB=0.87, ATR>0.8x avg, Vol>0.6x avg
Cycle 341/50

============================================================
Cycle #342 | 14:25:30 UTC
[BTC] 1440 candles
[FILTER] ATR=218.01 (avg=126.08, threshold=100.86)
[FILTER] Vol=40.2641 (avg=30.3122, threshold=18.1873)
[BTC] Last streaks: [1, 2, 3, 4, 5]
[MARKOV] Filtered=148 candles, 38 states
[MARKOV] State=2345, last_dir=UP, p̂=1.000 (n=2)
[POLY] YES=0.505, NO=0.495
[SIGNAL] UP, p̂=1.000, q=0.495, Δ=0.505 → OK

✓ #342 p̂=1.000, Signal=True
⏰ Next: 14:26:54
---
=== Tue May 26 14:26:54 UTC 2026 ===
BTC 5m Bot v3 - ATR+Vol Filter
MIN_PROB=0.87, ATR>0.8x avg, Vol>0.6x avg
Cycle 342/50

============================================================
Cycle #343 | 14:26:54 UTC
[BTC] 1440 candles
[FILTER] ATR=227.04 (avg=126.53, threshold=101.23)
[FILTER] Vol=211.7763 (avg=38.8878, threshold=23.3327)
[BTC] Last streaks: [1, 2, 3, 4, 5]
[MARKOV] Filtered=112 candles, 34 states
[MARKOV] State=2345, last_dir=UP, p̂=1.000 (n=1)
[POLY] YES=0.505, NO=0.495
[SIGNAL] UP, p̂=1.000, q=0.495, Δ=0.505 → OK

✓ #343 p̂=1.000, Signal=True
⏰ Next: 14:28:18
---
=== Tue May 26 14:28:18 UTC 2026 ===
BTC 5m Bot v3 - ATR+Vol Filter
MIN_PROB=0.87, ATR>0.8x avg, Vol>0.6x avg
Cycle 343/50

============================================================
Cycle #344 | 14:28:19 UTC
[BTC] 1440 candles
[FILTER] ATR=227.04 (avg=126.53, threshold=101.23)
[FILTER] Vol=261.0735 (avg=41.3527, threshold=24.8116)
[BTC] Last streaks: [1, 2, 3, 4, 5]
[MARKOV] Filtered=101 candles, 32 states
[MARKOV] State=2345, last_dir=UP, p̂=0.500 (n=0)
[POLY] YES=0.505, NO=0.495
[SIGNAL] UP, p̂=0.500, q=0.495, Δ=0.005 → p̂ 0.500 < 0.87

✓ #344 p̂=0.500, Signal=False
⏰ Next: 14:29:43
---
=== Tue May 26 14:29:43 UTC 2026 ===
BTC 5m Bot v3 - ATR+Vol Filter
MIN_PROB=0.87, ATR>0.8x avg, Vol>0.6x avg
Cycle 344/50

============================================================
Cycle #345 | 14:29:43 UTC
[BTC] 1440 candles
[FILTER] ATR=227.04 (avg=126.53, threshold=101.23)
[FILTER] Vol=282.8075 (avg=42.4394, threshold=25.4636)
[BTC] Last streaks: [1, 2, 3, 4, 5]
[MARKOV] Filtered=100 candles, 32 states
[MARKOV] State=2345, last_dir=UP, p̂=0.500 (n=0)
[POLY] YES=0.505, NO=0.495
[SIGNAL] UP, p̂=0.500, q=0.495, Δ=0.005 → p̂ 0.500 < 0.87

✓ #345 p̂=0.500, Signal=False
⏰ Next: 14:31:07
---
=== Tue May 26 14:31:07 UTC 2026 ===
BTC 5m Bot v3 - ATR+Vol Filter
MIN_PROB=0.87, ATR>0.8x avg, Vol>0.6x avg
Cycle 345/50

============================================================
Cycle #346 | 14:31:07 UTC
[BTC] 1440 candles
[FILTER] ATR=224.41 (avg=133.19, threshold=106.56)
[FILTER] Vol=24.5168 (avg=43.1380, threshold=25.8828)
[BTC] Last streaks: [2, 3, 4, 5, 1]
[MARKOV] Filtered=93 candles, 29 states
[MARKOV] State=3451, last_dir=DOWN, p̂=0.500 (n=0)
[POLY] YES=0.505, NO=0.495
[SIGNAL] DOWN, p̂=0.500, q=0.505, Δ=-0.005 → Low Vol (24.5168 < 25.8828)

✓ #346 p̂=0.500, Signal=False
⏰ Next: 14:32:31
---
=== Tue May 26 14:32:32 UTC 2026 ===
BTC 5m Bot v3 - ATR+Vol Filter
MIN_PROB=0.87, ATR>0.8x avg, Vol>0.6x avg
Cycle 346/50

============================================================
Cycle #347 | 14:32:32 UTC
[BTC] 1440 candles
[FILTER] ATR=240.04 (avg=133.98, threshold=107.18)
[FILTER] Vol=59.8931 (avg=44.9068, threshold=26.9441)
[BTC] Last streaks: [2, 3, 4, 5, 1]
[MARKOV] Filtered=91 candles, 29 states
[MARKOV] State=3451, last_dir=DOWN, p̂=0.500 (n=0)
[POLY] YES=0.505, NO=0.495
[SIGNAL] DOWN, p̂=0.500, q=0.505, Δ=-0.005 → p̂ 0.500 < 0.87

✓ #347 p̂=0.500, Signal=False
⏰ Next: 14:33:55
---
=== Tue May 26 14:33:56 UTC 2026 ===
BTC 5m Bot v3 - ATR+Vol Filter
MIN_PROB=0.87, ATR>0.8x avg, Vol>0.6x avg
Cycle 347/50

============================================================
Cycle #348 | 14:33:56 UTC
[BTC] 1440 candles
[FILTER] ATR=244.34 (avg=134.19, threshold=107.35)
[FILTER] Vol=91.7736 (avg=46.5008, threshold=27.9005)
[BTC] Last streaks: [2, 3, 4, 5, 1]
[MARKOV] Filtered=88 candles, 27 states
[MARKOV] State=3451, last_dir=DOWN, p̂=0.500 (n=0)
[POLY] YES=0.505, NO=0.495
[SIGNAL] DOWN, p̂=0.500, q=0.505, Δ=-0.005 → p̂ 0.500 < 0.87

✓ #348 p̂=0.500, Signal=False
⏰ Next: 14:35:20
---
=== Tue May 26 14:35:20 UTC 2026 ===
BTC 5m Bot v3 - ATR+Vol Filter
MIN_PROB=0.87, ATR>0.8x avg, Vol>0.6x avg
Cycle 348/50

============================================================
Cycle #349 | 14:35:20 UTC
[BTC] 1440 candles
[FILTER] ATR=241.63 (avg=141.80, threshold=113.44)
[FILTER] Vol=5.7875 (avg=47.2606, threshold=28.3564)
[BTC] Last streaks: [3, 4, 5, 1, 2]
[MARKOV] Filtered=78 candles, 25 states
[MARKOV] State=4512, last_dir=DOWN, p̂=0.500 (n=0)
[POLY] YES=0.505, NO=0.495
[SIGNAL] DOWN, p̂=0.500, q=0.505, Δ=-0.005 → Low Vol (5.7875 < 28.3564)

✓ #349 p̂=0.500, Signal=False
⏰ Next: 14:36:45
---
=== Tue May 26 14:36:45 UTC 2026 ===
BTC 5m Bot v3 - ATR+Vol Filter
MIN_PROB=0.87, ATR>0.8x avg, Vol>0.6x avg
Cycle 349/50

============================================================
Cycle #350 | 14:36:46 UTC
[BTC] 1440 candles
[FILTER] ATR=248.83 (avg=142.16, threshold=113.72)
[FILTER] Vol=31.5505 (avg=48.5488, threshold=29.1293)
[BTC] Last streaks: [3, 4, 5, 1, 2]
[MARKOV] Filtered=76 candles, 25 states
[MARKOV] State=4512, last_dir=DOWN, p̂=0.500 (n=0)
[POLY] YES=0.505, NO=0.495
[SIGNAL] DOWN, p̂=0.500, q=0.505, Δ=-0.005 → p̂ 0.500 < 0.87

🌙 NIGHTLY REVIEW after 50 cycles
[REVIEW] max p̂=1.000, avg=0.565, MIN_PROB=0.87

✓ #350 p̂=0.500, Signal=False
⏰ Next: 14:38:10
---
=== Tue May 26 14:38:10 UTC 2026 ===
BTC 5m Bot v3 - ATR+Vol Filter
MIN_PROB=0.87, ATR>0.8x avg, Vol>0.6x avg
Cycle 350/50

============================================================
Cycle #351 | 14:38:10 UTC
[BTC] 1440 candles
[FILTER] ATR=260.81 (avg=142.75, threshold=114.20)
[FILTER] Vol=59.9605 (avg=49.9693, threshold=29.9816)
[BTC] Last streaks: [3, 4, 5, 1, 2]
[MARKOV] Filtered=72 candles, 25 states
[MARKOV] State=4512, last_dir=DOWN, p̂=0.500 (n=0)
[POLY] YES=0.505, NO=0.495
[SIGNAL] DOWN, p̂=0.500, q=0.505, Δ=-0.005 → p̂ 0.500 < 0.87

✓ #351 p̂=0.500, Signal=False
⏰ Next: 14:39:34
---
=== Tue May 26 14:39:34 UTC 2026 ===
BTC 5m Bot v3 - ATR+Vol Filter
MIN_PROB=0.87, ATR>0.8x avg, Vol>0.6x avg
Cycle 351/50

============================================================
Cycle #352 | 14:39:35 UTC
[BTC] 1440 candles
[FILTER] ATR=281.91 (avg=143.81, threshold=115.05)
[FILTER] Vol=180.8076 (avg=56.0116, threshold=33.6070)
[BTC] Last streaks: [3, 4, 5, 1, 2]
[MARKOV] Filtered=55 candles, 21 states
[MARKOV] State=4512, last_dir=DOWN, p̂=0.500 (n=0)
[POLY] YES=0.505, NO=0.495
[SIGNAL] DOWN, p̂=0.500, q=0.505, Δ=-0.005 → p̂ 0.500 < 0.87

✓ #352 p̂=0.500, Signal=False
⏰ Next: 14:40:58
---
=== Tue May 26 14:40:59 UTC 2026 ===
BTC 5m Bot v3 - ATR+Vol Filter
MIN_PROB=0.87, ATR>0.8x avg, Vol>0.6x avg
Cycle 352/50

============================================================
Cycle #353 | 14:40:59 UTC
[BTC] 1440 candles
[FILTER] ATR=281.84 (avg=153.51, threshold=122.81)
[FILTER] Vol=37.9625 (avg=58.6636, threshold=35.1981)
[BTC] Last streaks: [4, 5, 1, 2, 1]
[MARKOV] Filtered=41 candles, 21 states
[MARKOV] State=5121, last_dir=UP, p̂=1.000 (n=1)
[POLY] YES=0.505, NO=0.495
[SIGNAL] UP, p̂=1.000, q=0.495, Δ=0.505 → OK

✓ #353 p̂=1.000, Signal=True
⏰ Next: 14:42:23
---
=== Tue May 26 14:42:24 UTC 2026 ===
BTC 5m Bot v3 - ATR+Vol Filter
MIN_PROB=0.87, ATR>0.8x avg, Vol>0.6x avg
Cycle 353/50

============================================================
Cycle #354 | 14:42:24 UTC
[BTC] 1440 candles
[FILTER] ATR=285.13 (avg=153.67, threshold=122.94)
[FILTER] Vol=74.0604 (avg=60.4685, threshold=36.2811)
[BTC] Last streaks: [4, 5, 1, 2, 3]
[MARKOV] Filtered=40 candles, 21 states
[MARKOV] State=5123, last_dir=DOWN, p̂=0.500 (n=0)
[POLY] YES=0.505, NO=0.495
[SIGNAL] DOWN, p̂=0.500, q=0.505, Δ=-0.005 → p̂ 0.500 < 0.87

✓ #354 p̂=0.500, Signal=False
⏰ Next: 14:43:48
---
=== Tue May 26 14:43:48 UTC 2026 ===
BTC 5m Bot v3 - ATR+Vol Filter
MIN_PROB=0.87, ATR>0.8x avg, Vol>0.6x avg
Cycle 354/50

============================================================
Cycle #355 | 14:43:48 UTC
[BTC] 1440 candles
[FILTER] ATR=291.71 (avg=154.00, threshold=123.20)
[FILTER] Vol=117.2437 (avg=62.6276, threshold=37.5766)
[BTC] Last streaks: [4, 5, 1, 2, 3]
[MARKOV] Filtered=39 candles, 21 states
[MARKOV] State=5123, last_dir=DOWN, p̂=0.500 (n=0)
[POLY] YES=0.505, NO=0.495
[SIGNAL] DOWN, p̂=0.500, q=0.505, Δ=-0.005 → p̂ 0.500 < 0.87

✓ #355 p̂=0.500, Signal=False
⏰ Next: 14:45:12
---
=== Tue May 26 14:45:12 UTC 2026 ===
BTC 5m Bot v3 - ATR+Vol Filter
MIN_PROB=0.87, ATR>0.8x avg, Vol>0.6x avg
Cycle 355/50

============================================================
Cycle #356 | 14:45:12 UTC
[BTC] 1440 candles
[FILTER] ATR=286.10 (avg=163.84, threshold=131.08)
[FILTER] Vol=7.3969 (avg=63.6266, threshold=38.1760)
[BTC] Last streaks: [5, 1, 2, 3, 4]
[MARKOV] Filtered=37 candles, 20 states
[MARKOV] State=1234, last_dir=DOWN, p̂=0.333 (n=3)
[POLY] YES=0.505, NO=0.495
[SIGNAL] DOWN, p̂=0.333, q=0.505, Δ=-0.172 → Low Vol (7.3969 < 38.1760)

✓ #356 p̂=0.333, Signal=False
⏰ Next: 14:46:36
---
=== Tue May 26 14:46:36 UTC 2026 ===
BTC 5m Bot v3 - ATR+Vol Filter
MIN_PROB=0.87, ATR>0.8x avg, Vol>0.6x avg
Cycle 356/50

============================================================
Cycle #357 | 14:46:37 UTC
[BTC] 1440 candles
[FILTER] ATR=288.86 (avg=163.98, threshold=131.19)
[FILTER] Vol=44.2500 (avg=65.4693, threshold=39.2816)
[BTC] Last streaks: [5, 1, 2, 3, 4]
[MARKOV] Filtered=34 candles, 18 states
[MARKOV] State=1234, last_dir=DOWN, p̂=0.333 (n=3)
[POLY] YES=0.505, NO=0.495
[SIGNAL] DOWN, p̂=0.333, q=0.505, Δ=-0.172 → p̂ 0.333 < 0.87

✓ #357 p̂=0.333, Signal=False
⏰ Next: 14:48:00
---
=== Tue May 26 14:48:01 UTC 2026 ===
BTC 5m Bot v3 - ATR+Vol Filter
MIN_PROB=0.87, ATR>0.8x avg, Vol>0.6x avg
Cycle 357/50

============================================================
Cycle #358 | 14:48:01 UTC
[BTC] 1440 candles
[FILTER] ATR=296.08 (avg=164.34, threshold=131.48)
[FILTER] Vol=60.9064 (avg=66.3021, threshold=39.7812)
[BTC] Last streaks: [5, 1, 2, 3, 1]
[MARKOV] Filtered=34 candles, 18 states
[MARKOV] State=1231, last_dir=UP, p̂=0.333 (n=3)
[POLY] YES=0.505, NO=0.495
[SIGNAL] UP, p̂=0.333, q=0.495, Δ=-0.162 → p̂ 0.333 < 0.87

✓ #358 p̂=0.333, Signal=False
⏰ Next: 14:49:25
---
=== Tue May 26 14:49:25 UTC 2026 ===
BTC 5m Bot v3 - ATR+Vol Filter
MIN_PROB=0.87, ATR>0.8x avg, Vol>0.6x avg
Cycle 358/50

============================================================
Cycle #359 | 14:49:25 UTC
[BTC] 1440 candles
[FILTER] ATR=299.79 (avg=164.53, threshold=131.62)
[FILTER] Vol=75.3823 (avg=67.0259, threshold=40.2155)
[BTC] Last streaks: [5, 1, 2, 3, 1]
[MARKOV] Filtered=34 candles, 18 states
[MARKOV] State=1231, last_dir=UP, p̂=0.333 (n=3)
[POLY] YES=0.505, NO=0.495
[SIGNAL] UP, p̂=0.333, q=0.495, Δ=-0.162 → p̂ 0.333 < 0.87

✓ #359 p̂=0.333, Signal=False
⏰ Next: 14:50:49
---
=== Tue May 26 14:50:49 UTC 2026 ===
BTC 5m Bot v3 - ATR+Vol Filter
MIN_PROB=0.87, ATR>0.8x avg, Vol>0.6x avg
Cycle 359/50

============================================================
Cycle #360 | 14:50:49 UTC
[BTC] 1440 candles
[FILTER] ATR=289.99 (avg=174.61, threshold=139.69)
[FILTER] Vol=4.4512 (avg=67.1628, threshold=40.2977)
[BTC] Last streaks: [1, 2, 3, 1, 2]
[MARKOV] Filtered=29 candles, 17 states
[MARKOV] State=2312, last_dir=UP, p̂=0.000 (n=1)
[POLY] YES=0.515, NO=0.485
[SIGNAL] UP, p̂=0.000, q=0.485, Δ=-0.485 → Low Vol (4.4512 < 40.2977)

✓ #360 p̂=0.000, Signal=False
⏰ Next: 14:52:13
---
=== Tue May 26 14:52:13 UTC 2026 ===
BTC 5m Bot v3 - ATR+Vol Filter
MIN_PROB=0.87, ATR>0.8x avg, Vol>0.6x avg
Cycle 360/50

============================================================
Cycle #361 | 14:52:13 UTC
[BTC] 1440 candles
[FILTER] ATR=303.56 (avg=175.29, threshold=140.23)
[FILTER] Vol=27.9593 (avg=68.3382, threshold=41.0029)
[BTC] Last streaks: [1, 2, 3, 1, 2]
[MARKOV] Filtered=27 candles, 16 states
[MARKOV] State=2312, last_dir=UP, p̂=0.000 (n=1)
[POLY] YES=0.515, NO=0.485
[SIGNAL] UP, p̂=0.000, q=0.485, Δ=-0.485 → Low Vol (27.9593 < 41.0029)

✓ #361 p̂=0.000, Signal=False
⏰ Next: 14:53:37
---
=== Tue May 26 14:53:37 UTC 2026 ===
BTC 5m Bot v3 - ATR+Vol Filter
MIN_PROB=0.87, ATR>0.8x avg, Vol>0.6x avg
Cycle 361/50

============================================================
Cycle #362 | 14:53:38 UTC
[BTC] 1440 candles
[FILTER] ATR=305.69 (avg=175.39, threshold=140.31)
[FILTER] Vol=46.2564 (avg=69.2530, threshold=41.5518)
[BTC] Last streaks: [1, 2, 3, 1, 2]
[MARKOV] Filtered=27 candles, 16 states
[MARKOV] State=2312, last_dir=UP, p̂=0.000 (n=1)
[POLY] YES=0.515, NO=0.485
[SIGNAL] UP, p̂=0.000, q=0.485, Δ=-0.485 → p̂ 0.000 < 0.87

✓ #362 p̂=0.000, Signal=False
⏰ Next: 14:55:02
---
=== Tue May 26 14:55:02 UTC 2026 ===
BTC 5m Bot v3 - ATR+Vol Filter
MIN_PROB=0.87, ATR>0.8x avg, Vol>0.6x avg
Cycle 362/50

============================================================
Cycle #363 | 14:55:02 UTC
[BTC] 1440 candles
[FILTER] ATR=271.88 (avg=185.28, threshold=148.22)
[FILTER] Vol=0.1313 (avg=69.8194, threshold=41.8917)
[BTC] Last streaks: [2, 3, 1, 2, 1]
[MARKOV] Filtered=25 candles, 16 states
[MARKOV] State=3121, last_dir=DOWN, p̂=0.500 (n=0)
[POLY] YES=0.505, NO=0.495
[SIGNAL] DOWN, p̂=0.500, q=0.505, Δ=-0.005 → Low Vol (0.1313 < 41.8917)

✓ #363 p̂=0.500, Signal=False
⏰ Next: 14:56:26
---
=== Tue May 26 14:56:26 UTC 2026 ===
BTC 5m Bot v3 - ATR+Vol Filter
MIN_PROB=0.87, ATR>0.8x avg, Vol>0.6x avg
Cycle 363/50

============================================================
Cycle #364 | 14:56:26 UTC
[BTC] 1440 candles
[FILTER] ATR=276.15 (avg=185.49, threshold=148.39)
[FILTER] Vol=11.9839 (avg=70.4121, threshold=42.2472)
[BTC] Last streaks: [2, 3, 1, 2, 1]
[MARKOV] Filtered=25 candles, 16 states
[MARKOV] State=3121, last_dir=DOWN, p̂=0.500 (n=0)
[POLY] YES=0.505, NO=0.495
[SIGNAL] DOWN, p̂=0.500, q=0.505, Δ=-0.005 → Low Vol (11.9839 < 42.2472)

✓ #364 p̂=0.500, Signal=False
⏰ Next: 14:57:50
---
=== Tue May 26 14:57:51 UTC 2026 ===
BTC 5m Bot v3 - ATR+Vol Filter
MIN_PROB=0.87, ATR>0.8x avg, Vol>0.6x avg
Cycle 364/50

============================================================
Cycle #365 | 14:57:51 UTC
[BTC] 1440 candles
[FILTER] ATR=281.86 (avg=185.78, threshold=148.62)
[FILTER] Vol=19.2879 (avg=70.7773, threshold=42.4664)
[BTC] Last streaks: [2, 3, 1, 2, 1]
[MARKOV] Filtered=23 candles, 14 states
[MARKOV] State=3121, last_dir=DOWN, p̂=0.500 (n=0)
[POLY] YES=0.505, NO=0.495
[SIGNAL] DOWN, p̂=0.500, q=0.505, Δ=-0.005 → Low Vol (19.2879 < 42.4664)

✓ #365 p̂=0.500, Signal=False
⏰ Next: 14:59:15
---
=== Tue May 26 14:59:15 UTC 2026 ===
BTC 5m Bot v3 - ATR+Vol Filter
MIN_PROB=0.87, ATR>0.8x avg, Vol>0.6x avg
Cycle 365/50

============================================================
Cycle #366 | 14:59:15 UTC
[BTC] 1440 candles
[FILTER] ATR=282.28 (avg=185.80, threshold=148.64)
[FILTER] Vol=24.4882 (avg=71.0373, threshold=42.6224)
[BTC] Last streaks: [2, 3, 1, 2, 1]
[MARKOV] Filtered=22 candles, 14 states
[MARKOV] State=3121, last_dir=DOWN, p̂=0.500 (n=0)
[POLY] YES=0.505, NO=0.495
[SIGNAL] DOWN, p̂=0.500, q=0.505, Δ=-0.005 → Low Vol (24.4882 < 42.6224)

✓ #366 p̂=0.500, Signal=False
⏰ Next: 15:00:39
---
=== Tue May 26 15:00:39 UTC 2026 ===
BTC 5m Bot v3 - ATR+Vol Filter
MIN_PROB=0.87, ATR>0.8x avg, Vol>0.6x avg
Cycle 366/50

============================================================
Cycle #367 | 15:00:39 UTC
[BTC] 1440 candles
[FILTER] ATR=268.59 (avg=195.34, threshold=156.28)
[FILTER] Vol=10.4297 (avg=68.6934, threshold=41.2160)
[BTC] Last streaks: [3, 1, 2, 1, 1]
[MARKOV] Filtered=18 candles, 14 states
[MARKOV] State=1211, last_dir=UP, p̂=0.500 (n=0)
[POLY] YES=0.505, NO=0.495
[SIGNAL] UP, p̂=0.500, q=0.495, Δ=0.005 → Low Vol (10.4297 < 41.2160)

✓ #367 p̂=0.500, Signal=False
⏰ Next: 15:02:03
---
=== Tue May 26 15:02:03 UTC 2026 ===
BTC 5m Bot v3 - ATR+Vol Filter
MIN_PROB=0.87, ATR>0.8x avg, Vol>0.6x avg
Cycle 367/50

============================================================
Cycle #368 | 15:02:03 UTC
[BTC] 1440 candles
[FILTER] ATR=269.91 (avg=195.41, threshold=156.33)
[FILTER] Vol=21.0767 (avg=69.2257, threshold=41.5354)
[BTC] Last streaks: [3, 1, 2, 1, 1]
[MARKOV] Filtered=18 candles, 14 states
[MARKOV] State=1211, last_dir=UP, p̂=0.500 (n=0)
[POLY] YES=0.505, NO=0.495
[SIGNAL] UP, p̂=0.500, q=0.495, Δ=0.005 → Low Vol (21.0767 < 41.5354)

✓ #368 p̂=0.500, Signal=False
⏰ Next: 15:03:27
---
=== Tue May 26 15:03:28 UTC 2026 ===
BTC 5m Bot v3 - ATR+Vol Filter
MIN_PROB=0.87, ATR>0.8x avg, Vol>0.6x avg
Cycle 368/50

============================================================
Cycle #369 | 15:03:28 UTC
[BTC] 1440 candles
[FILTER] ATR=282.53 (avg=196.04, threshold=156.83)
[FILTER] Vol=54.9714 (avg=70.9204, threshold=42.5523)
[BTC] Last streaks: [3, 1, 2, 1, 2]
[MARKOV] Filtered=17 candles, 13 states
[MARKOV] State=1212, last_dir=DOWN, p̂=0.500 (n=0)
[POLY] YES=0.505, NO=0.495
[SIGNAL] DOWN, p̂=0.500, q=0.505, Δ=-0.005 → p̂ 0.500 < 0.87

✓ #369 p̂=0.500, Signal=False
⏰ Next: 15:04:52
---
=== Tue May 26 15:04:52 UTC 2026 ===
BTC 5m Bot v3 - ATR+Vol Filter
MIN_PROB=0.87, ATR>0.8x avg, Vol>0.6x avg
Cycle 369/50

============================================================
Cycle #370 | 15:04:52 UTC
[BTC] 1440 candles
[FILTER] ATR=284.33 (avg=196.13, threshold=156.91)
[FILTER] Vol=83.4982 (avg=72.3468, threshold=43.4081)
[BTC] Last streaks: [3, 1, 2, 1, 2]
[MARKOV] Filtered=16 candles, 12 states
[MARKOV] State=1212, last_dir=DOWN, p̂=0.500 (n=0)
[POLY] YES=0.505, NO=0.495
[SIGNAL] DOWN, p̂=0.500, q=0.505, Δ=-0.005 → p̂ 0.500 < 0.87

✓ #370 p̂=0.500, Signal=False
⏰ Next: 15:06:16
---
=== Tue May 26 15:06:16 UTC 2026 ===
BTC 5m Bot v3 - ATR+Vol Filter
MIN_PROB=0.87, ATR>0.8x avg, Vol>0.6x avg
Cycle 370/50

============================================================
Cycle #371 | 15:06:17 UTC
[BTC] 1440 candles
[FILTER] ATR=279.77 (avg=206.17, threshold=164.94)
[FILTER] Vol=5.4300 (avg=72.1245, threshold=43.2747)
[BTC] Last streaks: [1, 2, 1, 2, 1]
[MARKOV] Filtered=16 candles, 13 states
[MARKOV] State=2121, last_dir=UP, p̂=0.500 (n=0)
[POLY] YES=0.505, NO=0.495
[SIGNAL] UP, p̂=0.500, q=0.495, Δ=0.005 → Low Vol (5.4300 < 43.2747)

✓ #371 p̂=0.500, Signal=False
⏰ Next: 15:07:40
---
=== Tue May 26 15:07:41 UTC 2026 ===
BTC 5m Bot v3 - ATR+Vol Filter
MIN_PROB=0.87, ATR>0.8x avg, Vol>0.6x avg
Cycle 371/50

============================================================
Cycle #372 | 15:07:41 UTC
[BTC] 1440 candles
[FILTER] ATR=282.99 (avg=206.33, threshold=165.07)
[FILTER] Vol=14.6478 (avg=72.5854, threshold=43.5512)
[BTC] Last streaks: [1, 2, 1, 2, 3]
[MARKOV] Filtered=16 candles, 13 states
[MARKOV] State=2123, last_dir=DOWN, p̂=0.500 (n=0)
[POLY] YES=0.505, NO=0.495
[SIGNAL] DOWN, p̂=0.500, q=0.505, Δ=-0.005 → Low Vol (14.6478 < 43.5512)

✓ #372 p̂=0.500, Signal=False
⏰ Next: 15:09:05
---
=== Tue May 26 15:09:05 UTC 2026 ===
BTC 5m Bot v3 - ATR+Vol Filter
MIN_PROB=0.87, ATR>0.8x avg, Vol>0.6x avg
Cycle 372/50

============================================================
Cycle #373 | 15:09:05 UTC
[BTC] 1440 candles
[FILTER] ATR=285.78 (avg=206.47, threshold=165.18)
[FILTER] Vol=20.4281 (avg=72.8744, threshold=43.7246)
[BTC] Last streaks: [1, 2, 1, 2, 1]
[MARKOV] Filtered=16 candles, 13 states
[MARKOV] State=2121, last_dir=UP, p̂=0.500 (n=0)
[POLY] YES=0.505, NO=0.495
[SIGNAL] UP, p̂=0.500, q=0.495, Δ=0.005 → Low Vol (20.4281 < 43.7246)

✓ #373 p̂=0.500, Signal=False
⏰ Next: 15:10:29
---
=== Tue May 26 15:10:29 UTC 2026 ===
BTC 5m Bot v3 - ATR+Vol Filter
MIN_PROB=0.87, ATR>0.8x avg, Vol>0.6x avg
Cycle 373/50

============================================================
Cycle #374 | 15:10:30 UTC
[BTC] 1440 candles
[FILTER] ATR=278.64 (avg=216.15, threshold=172.92)
[FILTER] Vol=0.7288 (avg=71.2555, threshold=42.7533)
[BTC] Last streaks: [2, 1, 2, 1, 2]
[MARKOV] Filtered=15 candles, 12 states
[MARKOV] State=1212, last_dir=UP, p̂=0.500 (n=0)
[POLY] YES=0.515, NO=0.485
[SIGNAL] UP, p̂=0.500, q=0.485, Δ=0.015 → Low Vol (0.7288 < 42.7533)

✓ #374 p̂=0.500, Signal=False
⏰ Next: 15:11:54
---
=== Tue May 26 15:11:54 UTC 2026 ===
BTC 5m Bot v3 - ATR+Vol Filter
MIN_PROB=0.87, ATR>0.8x avg, Vol>0.6x avg
Cycle 374/50

============================================================
Cycle #375 | 15:11:54 UTC
[BTC] 1440 candles
[FILTER] ATR=281.36 (avg=216.28, threshold=173.03)
[FILTER] Vol=9.5598 (avg=71.6971, threshold=43.0182)
[BTC] Last streaks: [2, 1, 2, 1, 2]
[MARKOV] Filtered=15 candles, 12 states
[MARKOV] State=1212, last_dir=UP, p̂=0.500 (n=0)
[POLY] YES=0.515, NO=0.485
[SIGNAL] UP, p̂=0.500, q=0.485, Δ=0.015 → Low Vol (9.5598 < 43.0182)

✓ #375 p̂=0.500, Signal=False
⏰ Next: 15:13:18
---
=== Tue May 26 15:13:18 UTC 2026 ===
BTC 5m Bot v3 - ATR+Vol Filter
MIN_PROB=0.87, ATR>0.8x avg, Vol>0.6x avg
Cycle 375/50

============================================================
Cycle #376 | 15:13:18 UTC
[BTC] 1440 candles
[FILTER] ATR=284.92 (avg=216.46, threshold=173.17)
[FILTER] Vol=13.9916 (avg=71.9186, threshold=43.1512)
[BTC] Last streaks: [2, 1, 2, 1, 2]
[MARKOV] Filtered=15 candles, 12 states
[MARKOV] State=1212, last_dir=UP, p̂=0.500 (n=0)
[POLY] YES=0.515, NO=0.485
[SIGNAL] UP, p̂=0.500, q=0.485, Δ=0.015 → Low Vol (13.9916 < 43.1512)

✓ #376 p̂=0.500, Signal=False
⏰ Next: 15:14:42
---
=== Tue May 26 15:14:42 UTC 2026 ===
BTC 5m Bot v3 - ATR+Vol Filter
MIN_PROB=0.87, ATR>0.8x avg, Vol>0.6x avg
Cycle 376/50

============================================================
Cycle #377 | 15:14:43 UTC
[BTC] 1440 candles
[FILTER] ATR=284.92 (avg=216.46, threshold=173.17)
[FILTER] Vol=15.1731 (avg=71.9777, threshold=43.1866)
[BTC] Last streaks: [2, 1, 2, 1, 2]
[MARKOV] Filtered=15 candles, 12 states
[MARKOV] State=1212, last_dir=UP, p̂=0.500 (n=0)
[POLY] YES=0.515, NO=0.485
[SIGNAL] UP, p̂=0.500, q=0.485, Δ=0.015 → Low Vol (15.1731 < 43.1866)

✓ #377 p̂=0.500, Signal=False
⏰ Next: 15:16:06
---
=== Tue May 26 15:16:07 UTC 2026 ===
BTC 5m Bot v3 - ATR+Vol Filter
MIN_PROB=0.87, ATR>0.8x avg, Vol>0.6x avg
Cycle 377/50

============================================================
Cycle #378 | 15:16:07 UTC
[BTC] 1440 candles
[FILTER] ATR=281.54 (avg=225.89, threshold=180.71)
[FILTER] Vol=3.3586 (avg=71.2989, threshold=42.7793)
[BTC] Last streaks: [1, 2, 1, 2, 1]
[MARKOV] Filtered=14 candles, 12 states
[MARKOV] State=2121, last_dir=DOWN, p̂=0.500 (n=0)
[POLY] YES=0.505, NO=0.495
[SIGNAL] DOWN, p̂=0.500, q=0.505, Δ=-0.005 → Low Vol (3.3586 < 42.7793)

✓ #378 p̂=0.500, Signal=False
⏰ Next: 15:17:31
---
=== Tue May 26 15:17:31 UTC 2026 ===
BTC 5m Bot v3 - ATR+Vol Filter
MIN_PROB=0.87, ATR>0.8x avg, Vol>0.6x avg
Cycle 378/50

============================================================
Cycle #379 | 15:17:31 UTC
[BTC] 1440 candles
[FILTER] ATR=284.41 (avg=226.04, threshold=180.83)
[FILTER] Vol=6.8905 (avg=71.4755, threshold=42.8853)
[BTC] Last streaks: [1, 2, 1, 2, 1]
[MARKOV] Filtered=14 candles, 12 states
[MARKOV] State=2121, last_dir=DOWN, p̂=0.500 (n=0)
[POLY] YES=0.505, NO=0.495
[SIGNAL] DOWN, p̂=0.500, q=0.505, Δ=-0.005 → Low Vol (6.8905 < 42.8853)

✓ #379 p̂=0.500, Signal=False
⏰ Next: 15:18:55
---
=== Tue May 26 15:18:55 UTC 2026 ===
BTC 5m Bot v3 - ATR+Vol Filter
MIN_PROB=0.87, ATR>0.8x avg, Vol>0.6x avg
Cycle 379/50

============================================================
Cycle #380 | 15:18:55 UTC
[BTC] 1440 candles
[FILTER] ATR=284.41 (avg=226.04, threshold=180.83)
[FILTER] Vol=11.6467 (avg=71.7133, threshold=43.0280)
[BTC] Last streaks: [1, 2, 1, 2, 1]
[MARKOV] Filtered=14 candles, 12 states
[MARKOV] State=2121, last_dir=DOWN, p̂=0.500 (n=0)
[POLY] YES=0.505, NO=0.495
[SIGNAL] DOWN, p̂=0.500, q=0.505, Δ=-0.005 → Low Vol (11.6467 < 43.0280)

✓ #380 p̂=0.500, Signal=False
⏰ Next: 15:20:19
---
=== Tue May 26 15:20:19 UTC 2026 ===
BTC 5m Bot v3 - ATR+Vol Filter
MIN_PROB=0.87, ATR>0.8x avg, Vol>0.6x avg
Cycle 380/50

============================================================
Cycle #381 | 15:20:19 UTC
[BTC] 1440 candles
[FILTER] ATR=273.83 (avg=234.84, threshold=187.87)
[FILTER] Vol=0.4419 (avg=70.5787, threshold=42.3472)
[BTC] Last streaks: [2, 1, 2, 1, 2]
[MARKOV] Filtered=13 candles, 11 states
[MARKOV] State=1212, last_dir=DOWN, p̂=0.500 (n=0)
[POLY] YES=0.505, NO=0.495
[SIGNAL] DOWN, p̂=0.500, q=0.505, Δ=-0.005 → Low Vol (0.4419 < 42.3472)

✓ #381 p̂=0.500, Signal=False
⏰ Next: 15:21:43
---
=== Tue May 26 15:21:43 UTC 2026 ===
BTC 5m Bot v3 - ATR+Vol Filter
MIN_PROB=0.87, ATR>0.8x avg, Vol>0.6x avg
Cycle 381/50

============================================================
Cycle #382 | 15:21:43 UTC
[BTC] 1440 candles
[FILTER] ATR=283.92 (avg=235.34, threshold=188.27)
[FILTER] Vol=12.5990 (avg=71.1866, threshold=42.7119)
[BTC] Last streaks: [2, 1, 2, 1, 2]
[MARKOV] Filtered=13 candles, 11 states
[MARKOV] State=1212, last_dir=DOWN, p̂=0.500 (n=0)
[POLY] YES=0.505, NO=0.495
[SIGNAL] DOWN, p̂=0.500, q=0.505, Δ=-0.005 → Low Vol (12.5990 < 42.7119)

✓ #382 p̂=0.500, Signal=False
⏰ Next: 15:23:07
---
=== Tue May 26 15:23:07 UTC 2026 ===
BTC 5m Bot v3 - ATR+Vol Filter
MIN_PROB=0.87, ATR>0.8x avg, Vol>0.6x avg
Cycle 382/50

============================================================
Cycle #383 | 15:23:08 UTC
[BTC] 1440 candles
[FILTER] ATR=295.41 (avg=235.92, threshold=188.73)
[FILTER] Vol=32.7917 (avg=72.1962, threshold=43.3177)
[BTC] Last streaks: [2, 1, 2, 1, 2]
[MARKOV] Filtered=13 candles, 11 states
[MARKOV] State=1212, last_dir=DOWN, p̂=0.500 (n=0)
[POLY] YES=0.505, NO=0.495
[SIGNAL] DOWN, p̂=0.500, q=0.505, Δ=-0.005 → Low Vol (32.7917 < 43.3177)

✓ #383 p̂=0.500, Signal=False
⏰ Next: 15:24:32
---
=== Tue May 26 15:24:32 UTC 2026 ===
BTC 5m Bot v3 - ATR+Vol Filter
MIN_PROB=0.87, ATR>0.8x avg, Vol>0.6x avg
Cycle 383/50

============================================================
Cycle #384 | 15:24:32 UTC
[BTC] 1440 candles
[FILTER] ATR=295.41 (avg=235.92, threshold=188.73)
[FILTER] Vol=41.2476 (avg=72.6190, threshold=43.5714)
[BTC] Last streaks: [2, 1, 2, 1, 2]
[MARKOV] Filtered=13 candles, 11 states
[MARKOV] State=1212, last_dir=DOWN, p̂=0.500 (n=0)
[POLY] YES=0.505, NO=0.495
[SIGNAL] DOWN, p̂=0.500, q=0.505, Δ=-0.005 → Low Vol (41.2476 < 43.5714)

✓ #384 p̂=0.500, Signal=False
⏰ Next: 15:25:56
---
=== Tue May 26 15:25:56 UTC 2026 ===
BTC 5m Bot v3 - ATR+Vol Filter
MIN_PROB=0.87, ATR>0.8x avg, Vol>0.6x avg
Cycle 384/50

============================================================
Cycle #385 | 15:25:56 UTC
[BTC] 1440 candles
[FILTER] ATR=275.78 (avg=243.18, threshold=194.54)
[FILTER] Vol=2.7998 (avg=69.5133, threshold=41.7080)
[BTC] Last streaks: [1, 2, 1, 2, 1]
[MARKOV] Filtered=12 candles, 11 states
[MARKOV] State=2121, last_dir=UP, p̂=1.000 (n=1)
[POLY] YES=0.505, NO=0.495
[SIGNAL] UP, p̂=1.000, q=0.495, Δ=0.505 → Low Vol (2.7998 < 41.7080)

✓ #385 p̂=1.000, Signal=False
⏰ Next: 15:27:20
---
=== Tue May 26 15:27:20 UTC 2026 ===
BTC 5m Bot v3 - ATR+Vol Filter
MIN_PROB=0.87, ATR>0.8x avg, Vol>0.6x avg
Cycle 385/50

============================================================
Cycle #386 | 15:27:21 UTC
[BTC] 1440 candles
[FILTER] ATR=275.78 (avg=243.18, threshold=194.54)
[FILTER] Vol=4.9591 (avg=69.6212, threshold=41.7727)
[BTC] Last streaks: [1, 2, 1, 2, 1]
[MARKOV] Filtered=12 candles, 11 states
[MARKOV] State=2121, last_dir=UP, p̂=1.000 (n=1)
[POLY] YES=0.505, NO=0.495
[SIGNAL] UP, p̂=1.000, q=0.495, Δ=0.505 → Low Vol (4.9591 < 41.7727)

✓ #386 p̂=1.000, Signal=False
⏰ Next: 15:28:44
---
=== Tue May 26 15:28:45 UTC 2026 ===
BTC 5m Bot v3 - ATR+Vol Filter
MIN_PROB=0.87, ATR>0.8x avg, Vol>0.6x avg
Cycle 386/50

============================================================
Cycle #387 | 15:28:45 UTC
[BTC] 1440 candles
[FILTER] ATR=276.18 (avg=243.20, threshold=194.56)
[FILTER] Vol=10.1310 (avg=69.8798, threshold=41.9279)
[BTC] Last streaks: [1, 2, 1, 2, 1]
[MARKOV] Filtered=12 candles, 11 states
[MARKOV] State=2121, last_dir=UP, p̂=1.000 (n=1)
[POLY] YES=0.505, NO=0.495
[SIGNAL] UP, p̂=1.000, q=0.495, Δ=0.505 → Low Vol (10.1310 < 41.9279)

✓ #387 p̂=1.000, Signal=False
⏰ Next: 15:30:09
---
=== Tue May 26 15:30:09 UTC 2026 ===
BTC 5m Bot v3 - ATR+Vol Filter
MIN_PROB=0.87, ATR>0.8x avg, Vol>0.6x avg
Cycle 387/50

============================================================
Cycle #388 | 15:30:09 UTC
[BTC] 1440 candles
[FILTER] ATR=260.00 (avg=248.97, threshold=199.18)
[FILTER] Vol=1.8365 (avg=67.7976, threshold=40.6786)
[BTC] Last streaks: [2, 1, 2, 3, 1]
[MARKOV] Filtered=11 candles, 10 states
[MARKOV] State=1231, last_dir=UP, p̂=0.000 (n=2)
[POLY] YES=0.505, NO=0.495
[SIGNAL] UP, p̂=0.000, q=0.495, Δ=-0.495 → Low Vol (1.8365 < 40.6786)

✓ #388 p̂=0.000, Signal=False
⏰ Next: 15:31:33
---
=== Tue May 26 15:31:33 UTC 2026 ===
BTC 5m Bot v3 - ATR+Vol Filter
MIN_PROB=0.87, ATR>0.8x avg, Vol>0.6x avg
Cycle 388/50

============================================================
Cycle #389 | 15:31:33 UTC
[BTC] 1440 candles
[FILTER] ATR=280.71 (avg=250.01, threshold=200.00)
[FILTER] Vol=97.2190 (avg=72.5667, threshold=43.5400)
[BTC] Last streaks: [2, 1, 2, 3, 4]
[MARKOV] Filtered=10 candles, 9 states
[MARKOV] State=1234, last_dir=DOWN, p̂=1.000 (n=1)
[POLY] YES=0.505, NO=0.495
[SIGNAL] DOWN, p̂=1.000, q=0.505, Δ=0.495 → OK

✓ #389 p̂=1.000, Signal=True
⏰ Next: 15:32:57
---
=== Tue May 26 15:32:58 UTC 2026 ===
BTC 5m Bot v3 - ATR+Vol Filter
MIN_PROB=0.87, ATR>0.8x avg, Vol>0.6x avg
Cycle 389/50

============================================================
Cycle #390 | 15:32:58 UTC
[BTC] 1440 candles
[FILTER] ATR=280.71 (avg=250.01, threshold=200.00)
[FILTER] Vol=118.1755 (avg=73.6145, threshold=44.1687)
[BTC] Last streaks: [2, 1, 2, 3, 4]
[MARKOV] Filtered=10 candles, 9 states
[MARKOV] State=1234, last_dir=DOWN, p̂=1.000 (n=1)
[POLY] YES=0.505, NO=0.495
[SIGNAL] DOWN, p̂=1.000, q=0.505, Δ=0.495 → OK

✓ #390 p̂=1.000, Signal=True
⏰ Next: 15:34:22
---
=== Tue May 26 15:34:22 UTC 2026 ===
BTC 5m Bot v3 - ATR+Vol Filter
MIN_PROB=0.87, ATR>0.8x avg, Vol>0.6x avg
Cycle 390/50

============================================================
Cycle #391 | 15:34:22 UTC
[BTC] 1440 candles
[FILTER] ATR=280.71 (avg=250.01, threshold=200.00)
[FILTER] Vol=137.9083 (avg=74.6012, threshold=44.7607)
[BTC] Last streaks: [2, 1, 2, 3, 4]
[MARKOV] Filtered=10 candles, 9 states
[MARKOV] State=1234, last_dir=DOWN, p̂=1.000 (n=1)
[POLY] YES=0.505, NO=0.495
[SIGNAL] DOWN, p̂=1.000, q=0.505, Δ=0.495 → OK

✓ #391 p̂=1.000, Signal=True
⏰ Next: 15:35:46
---
=== Tue May 26 15:35:47 UTC 2026 ===
BTC 5m Bot v3 - ATR+Vol Filter
MIN_PROB=0.87, ATR>0.8x avg, Vol>0.6x avg
Cycle 392/50

============================================================
Cycle #393 | 15:35:47 UTC
[BTC] 1440 candles
[FILTER] ATR=267.36 (avg=255.62, threshold=204.50)
[FILTER] Vol=20.6968 (avg=75.3676, threshold=45.2206)
[BTC] Last streaks: [1, 2, 3, 4, 5]
[MARKOV] Filtered=10 candles, 10 states
[MARKOV] State=2345, last_dir=DOWN, p̂=1.000 (n=1)
[POLY] YES=0.505, NO=0.495
[SIGNAL] DOWN, p̂=1.000, q=0.505, Δ=0.495 → Low Vol (20.6968 < 45.2206)

✓ #393 p̂=1.000, Signal=False
⏰ Next: 15:37:11
---
=== Tue May 26 15:36:09 UTC 2026 ===
BTC 5m Bot v3 - ATR+Vol Filter
MIN_PROB=0.87, ATR>0.8x avg, Vol>0.6x avg
Cycle 0/50

============================================================
Cycle #1 | 15:36:09 UTC
[BTC] 1440 candles
[FILTER] ATR=268.56 (avg=255.68, threshold=204.55)
[FILTER] Vol=27.2142 (avg=75.6935, threshold=45.4161)
[BTC] Last streaks: [1, 2, 3, 4, 1]
[MARKOV] Filtered=10 candles, 10 states
[MARKOV] State=2341, last_dir=UP, p̂=0.500 (n=0)
[POLY] YES=0.505, NO=0.495
[SIGNAL] UP, p̂=0.500, q=0.495, Δ=0.005 → Low Vol (27.2142 < 45.4161)

✓ #1 p̂=0.500, Signal=False
⏰ Next: 15:37:35
---
=== Tue May 26 15:37:35 UTC 2026 ===
BTC 5m Bot v3 - ATR+Vol Filter
MIN_PROB=0.87, ATR>0.8x avg, Vol>0.6x avg
Cycle 1/50

============================================================
Cycle #2 | 15:37:35 UTC
[BTC] 1440 candles
[FILTER] ATR=268.56 (avg=255.68, threshold=204.55)
[FILTER] Vol=44.0906 (avg=76.5373, threshold=45.9224)
[BTC] Last streaks: [1, 2, 3, 4, 1]
[MARKOV] Filtered=10 candles, 10 states
[MARKOV] State=2341, last_dir=UP, p̂=0.500 (n=0)
[POLY] YES=0.505, NO=0.495
[SIGNAL] UP, p̂=0.500, q=0.495, Δ=0.005 → Low Vol (44.0906 < 45.9224)

✓ #2 p̂=0.500, Signal=False
⏰ Next: 15:38:59
---
=== Tue May 26 15:38:59 UTC 2026 ===
BTC 5m Bot v3 - ATR+Vol Filter
MIN_PROB=0.87, ATR>0.8x avg, Vol>0.6x avg
Cycle 2/50

============================================================
Cycle #3 | 15:38:59 UTC
[BTC] 1440 candles
[FILTER] ATR=268.56 (avg=255.68, threshold=204.55)
[FILTER] Vol=59.1907 (avg=77.2923, threshold=46.3754)
[BTC] Last streaks: [1, 2, 3, 4, 1]
[MARKOV] Filtered=10 candles, 10 states
[MARKOV] State=2341, last_dir=UP, p̂=0.500 (n=0)
[POLY] YES=0.505, NO=0.495
[SIGNAL] UP, p̂=0.500, q=0.495, Δ=0.005 → p̂ 0.500 < 0.87

✓ #3 p̂=0.500, Signal=False
⏰ Next: 15:40:23
---
=== Tue May 26 15:40:23 UTC 2026 ===
BTC 5m Bot v3 - ATR+Vol Filter
MIN_PROB=0.87, ATR>0.8x avg, Vol>0.6x avg
Cycle 3/50

============================================================
Cycle #4 | 15:40:24 UTC
[BTC] 1440 candles
[FILTER] ATR=239.77 (avg=259.69, threshold=207.75)
[FILTER] Vol=6.8691 (avg=78.0270, threshold=46.8162)
[BTC] Last streaks: [2, 3, 4, 1, 1]
[MARKOV] Filtered=11 candles, 10 states
[MARKOV] State=3411, last_dir=DOWN, p̂=0.500 (n=0)
[POLY] YES=0.505, NO=0.495
[SIGNAL] DOWN, p̂=0.500, q=0.505, Δ=-0.005 → Low Vol (6.8691 < 46.8162)

✓ #4 p̂=0.500, Signal=False
⏰ Next: 15:41:47
---
=== Tue May 26 15:41:47 UTC 2026 ===
BTC 5m Bot v3 - ATR+Vol Filter
MIN_PROB=0.87, ATR>0.8x avg, Vol>0.6x avg
Cycle 4/50

============================================================
Cycle #5 | 15:41:48 UTC
[BTC] 1440 candles
[FILTER] ATR=247.90 (avg=260.09, threshold=208.08)
[FILTER] Vol=19.9852 (avg=78.6828, threshold=47.2097)
[BTC] Last streaks: [2, 3, 4, 1, 2]
[MARKOV] Filtered=11 candles, 10 states
[MARKOV] State=3412, last_dir=UP, p̂=0.500 (n=0)
[POLY] YES=0.505, NO=0.495
[SIGNAL] UP, p̂=0.500, q=0.495, Δ=0.005 → Low Vol (19.9852 < 47.2097)

✓ #5 p̂=0.500, Signal=False
⏰ Next: 15:43:12
---
=== Tue May 26 15:43:12 UTC 2026 ===
BTC 5m Bot v3 - ATR+Vol Filter
MIN_PROB=0.87, ATR>0.8x avg, Vol>0.6x avg
Cycle 5/50

============================================================
Cycle #6 | 15:43:12 UTC
[BTC] 1440 candles
[FILTER] ATR=250.99 (avg=260.25, threshold=208.20)
[FILTER] Vol=32.0136 (avg=79.2843, threshold=47.5706)
[BTC] Last streaks: [2, 3, 4, 1, 2]
[MARKOV] Filtered=11 candles, 10 states
[MARKOV] State=3412, last_dir=UP, p̂=0.500 (n=0)
[POLY] YES=0.505, NO=0.495
[SIGNAL] UP, p̂=0.500, q=0.495, Δ=0.005 → Low Vol (32.0136 < 47.5706)

✓ #6 p̂=0.500, Signal=False
⏰ Next: 15:44:36
---
=== Tue May 26 15:44:36 UTC 2026 ===
BTC 5m Bot v3 - ATR+Vol Filter
MIN_PROB=0.87, ATR>0.8x avg, Vol>0.6x avg
Cycle 6/50

============================================================
Cycle #7 | 15:44:36 UTC
[BTC] 1440 candles
[FILTER] ATR=252.51 (avg=260.33, threshold=208.26)
[FILTER] Vol=39.0509 (avg=79.6361, threshold=47.7817)
[BTC] Last streaks: [2, 3, 4, 1, 2]
[MARKOV] Filtered=11 candles, 10 states
[MARKOV] State=3412, last_dir=UP, p̂=0.500 (n=0)
[POLY] YES=0.505, NO=0.495
[SIGNAL] UP, p̂=0.500, q=0.495, Δ=0.005 → Low Vol (39.0509 < 47.7817)

✓ #7 p̂=0.500, Signal=False
⏰ Next: 15:46:00
---
=== Tue May 26 15:46:00 UTC 2026 ===
BTC 5m Bot v3 - ATR+Vol Filter
MIN_PROB=0.87, ATR>0.8x avg, Vol>0.6x avg
Cycle 7/50

============================================================
Cycle #8 | 15:46:01 UTC
[BTC] 1440 candles
[FILTER] ATR=210.38 (avg=262.52, threshold=210.01)
[FILTER] Vol=5.4738 (avg=78.9641, threshold=47.3785)
[BTC] Last streaks: [3, 4, 1, 2, 1]
[MARKOV] Filtered=11 candles, 10 states
[MARKOV] State=4121, last_dir=DOWN, p̂=0.500 (n=0)
[POLY] YES=0.505, NO=0.495
[SIGNAL] DOWN, p̂=0.500, q=0.505, Δ=-0.005 → Low Vol (5.4738 < 47.3785)

✓ #8 p̂=0.500, Signal=False
⏰ Next: 15:47:24
---
=== Tue May 26 15:47:25 UTC 2026 ===
BTC 5m Bot v3 - ATR+Vol Filter
MIN_PROB=0.87, ATR>0.8x avg, Vol>0.6x avg
Cycle 8/50

============================================================
Cycle #9 | 15:47:25 UTC
[BTC] 1440 candles
[FILTER] ATR=215.09 (avg=262.75, threshold=210.20)
[FILTER] Vol=17.0822 (avg=79.5445, threshold=47.7267)
[BTC] Last streaks: [3, 4, 1, 2, 1]
[MARKOV] Filtered=11 candles, 10 states
[MARKOV] State=4121, last_dir=DOWN, p̂=0.500 (n=0)
[POLY] YES=0.505, NO=0.495
[SIGNAL] DOWN, p̂=0.500, q=0.505, Δ=-0.005 → Low Vol (17.0822 < 47.7267)

✓ #9 p̂=0.500, Signal=False
⏰ Next: 15:48:49
---
=== Tue May 26 15:48:49 UTC 2026 ===
BTC 5m Bot v3 - ATR+Vol Filter
MIN_PROB=0.87, ATR>0.8x avg, Vol>0.6x avg
Cycle 9/50

============================================================
Cycle #10 | 15:48:49 UTC
[BTC] 1440 candles
[FILTER] ATR=215.09 (avg=262.75, threshold=210.20)
[FILTER] Vol=23.2085 (avg=79.8508, threshold=47.9105)
[BTC] Last streaks: [3, 4, 1, 2, 1]
[MARKOV] Filtered=11 candles, 10 states
[MARKOV] State=4121, last_dir=DOWN, p̂=0.500 (n=0)
[POLY] YES=0.505, NO=0.495
[SIGNAL] DOWN, p̂=0.500, q=0.505, Δ=-0.005 → Low Vol (23.2085 < 47.9105)

✓ #10 p̂=0.500, Signal=False
⏰ Next: 15:50:13
---
=== Tue May 26 15:50:13 UTC 2026 ===
BTC 5m Bot v3 - ATR+Vol Filter
MIN_PROB=0.87, ATR>0.8x avg, Vol>0.6x avg
Cycle 10/50

============================================================
Cycle #11 | 15:50:13 UTC
[BTC] 1440 candles
[FILTER] ATR=200.01 (avg=264.07, threshold=211.25)
[FILTER] Vol=1.1902 (avg=79.8091, threshold=47.8855)
[BTC] Last streaks: [4, 1, 2, 1, 1]
[MARKOV] Filtered=11 candles, 10 states
[MARKOV] State=1211, last_dir=UP, p̂=0.500 (n=0)
[POLY] YES=0.505, NO=0.495
[SIGNAL] UP, p̂=0.500, q=0.495, Δ=0.005 → Low ATR (200.01 < 211.25)

✓ #11 p̂=0.500, Signal=False
⏰ Next: 15:51:37
---
=== Tue May 26 15:51:37 UTC 2026 ===
BTC 5m Bot v3 - ATR+Vol Filter
MIN_PROB=0.87, ATR>0.8x avg, Vol>0.6x avg
Cycle 11/50

============================================================
Cycle #12 | 15:51:37 UTC
[BTC] 1440 candles
[FILTER] ATR=203.01 (avg=264.22, threshold=211.37)
[FILTER] Vol=24.5709 (avg=80.9781, threshold=48.5869)
[BTC] Last streaks: [4, 1, 2, 1, 2]
[MARKOV] Filtered=11 candles, 10 states
[MARKOV] State=1212, last_dir=DOWN, p̂=0.500 (n=0)
[POLY] YES=0.505, NO=0.495
[SIGNAL] DOWN, p̂=0.500, q=0.505, Δ=-0.005 → Low ATR (203.01 < 211.37)

✓ #12 p̂=0.500, Signal=False
⏰ Next: 15:53:01
---
=== Tue May 26 15:53:02 UTC 2026 ===
BTC 5m Bot v3 - ATR+Vol Filter
MIN_PROB=0.87, ATR>0.8x avg, Vol>0.6x avg
Cycle 12/50

============================================================
Cycle #13 | 15:53:02 UTC
[BTC] 1440 candles
[FILTER] ATR=210.66 (avg=264.60, threshold=211.68)
[FILTER] Vol=41.9226 (avg=81.8457, threshold=49.1074)
[BTC] Last streaks: [4, 1, 2, 1, 2]
[MARKOV] Filtered=11 candles, 10 states
[MARKOV] State=1212, last_dir=DOWN, p̂=0.500 (n=0)
[POLY] YES=0.505, NO=0.495
[SIGNAL] DOWN, p̂=0.500, q=0.505, Δ=-0.005 → Low ATR (210.66 < 211.68)

✓ #13 p̂=0.500, Signal=False
⏰ Next: 15:54:26
---
=== Tue May 26 15:54:26 UTC 2026 ===
BTC 5m Bot v3 - ATR+Vol Filter
MIN_PROB=0.87, ATR>0.8x avg, Vol>0.6x avg
Cycle 13/50

============================================================
Cycle #14 | 15:54:26 UTC
[BTC] 1440 candles
[FILTER] ATR=211.94 (avg=264.66, threshold=211.73)
[FILTER] Vol=54.6367 (avg=82.4814, threshold=49.4889)
[BTC] Last streaks: [4, 1, 2, 1, 2]
[MARKOV] Filtered=11 candles, 10 states
[MARKOV] State=1212, last_dir=DOWN, p̂=0.500 (n=0)
[POLY] YES=0.505, NO=0.495
[SIGNAL] DOWN, p̂=0.500, q=0.505, Δ=-0.005 → p̂ 0.500 < 0.87

✓ #14 p̂=0.500, Signal=False
⏰ Next: 15:55:50
---
=== Tue May 26 15:55:50 UTC 2026 ===
BTC 5m Bot v3 - ATR+Vol Filter
MIN_PROB=0.87, ATR>0.8x avg, Vol>0.6x avg
Cycle 14/50

============================================================
Cycle #15 | 15:55:50 UTC
[BTC] 1440 candles
[FILTER] ATR=196.84 (avg=264.83, threshold=211.87)
[FILTER] Vol=19.3456 (avg=78.9347, threshold=47.3608)
[BTC] Last streaks: [1, 2, 1, 2, 1]
[MARKOV] Filtered=12 candles, 11 states
[MARKOV] State=2121, last_dir=UP, p̂=0.500 (n=0)
[POLY] YES=0.505, NO=0.495
[SIGNAL] UP, p̂=0.500, q=0.495, Δ=0.005 → Low ATR (196.84 < 211.87)

✓ #15 p̂=0.500, Signal=False
⏰ Next: 15:57:14
---
=== Tue May 26 15:57:14 UTC 2026 ===
BTC 5m Bot v3 - ATR+Vol Filter
MIN_PROB=0.87, ATR>0.8x avg, Vol>0.6x avg
Cycle 15/50

============================================================
Cycle #16 | 15:57:14 UTC
[BTC] 1440 candles
[FILTER] ATR=202.25 (avg=265.10, threshold=212.08)
[FILTER] Vol=32.4990 (avg=79.5924, threshold=47.7554)
[BTC] Last streaks: [1, 2, 1, 2, 1]
[MARKOV] Filtered=12 candles, 11 states
[MARKOV] State=2121, last_dir=UP, p̂=0.500 (n=0)
[POLY] YES=0.505, NO=0.495
[SIGNAL] UP, p̂=0.500, q=0.495, Δ=0.005 → Low ATR (202.25 < 212.08)

✓ #16 p̂=0.500, Signal=False
⏰ Next: 15:58:39
---
=== Tue May 26 15:58:39 UTC 2026 ===
BTC 5m Bot v3 - ATR+Vol Filter
MIN_PROB=0.87, ATR>0.8x avg, Vol>0.6x avg
Cycle 16/50

============================================================
Cycle #17 | 15:58:39 UTC
[BTC] 1440 candles
[FILTER] ATR=207.14 (avg=265.35, threshold=212.28)
[FILTER] Vol=37.1699 (avg=79.8259, threshold=47.8956)
[BTC] Last streaks: [1, 2, 1, 2, 1]
[MARKOV] Filtered=12 candles, 11 states
[MARKOV] State=2121, last_dir=UP, p̂=0.500 (n=0)
[POLY] YES=0.505, NO=0.495
[SIGNAL] UP, p̂=0.500, q=0.495, Δ=0.005 → Low ATR (207.14 < 212.28)

✓ #17 p̂=0.500, Signal=False
⏰ Next: 16:00:03
---
=== Tue May 26 16:00:03 UTC 2026 ===
BTC 5m Bot v3 - ATR+Vol Filter
MIN_PROB=0.87, ATR>0.8x avg, Vol>0.6x avg
Cycle 17/50

============================================================
Cycle #18 | 16:00:04 UTC
[BTC] 1440 candles
[FILTER] ATR=193.83 (avg=264.48, threshold=211.58)
[FILTER] Vol=0.0287 (avg=75.8238, threshold=45.4943)
[BTC] Last streaks: [2, 1, 2, 1, 2]
[MARKOV] Filtered=12 candles, 11 states
[MARKOV] State=1212, last_dir=UP, p̂=0.500 (n=0)
[POLY] YES=0.505, NO=0.495
[SIGNAL] UP, p̂=0.500, q=0.495, Δ=0.005 → Low ATR (193.83 < 211.58)

✓ #18 p̂=0.500, Signal=False
⏰ Next: 16:01:27
---
=== Tue May 26 16:01:27 UTC 2026 ===
BTC 5m Bot v3 - ATR+Vol Filter
MIN_PROB=0.87, ATR>0.8x avg, Vol>0.6x avg
Cycle 18/50

============================================================
Cycle #19 | 16:01:28 UTC
[BTC] 1440 candles
[FILTER] ATR=199.02 (avg=264.74, threshold=211.79)
[FILTER] Vol=5.1827 (avg=76.0815, threshold=45.6489)
[BTC] Last streaks: [2, 1, 2, 1, 1]
[MARKOV] Filtered=12 candles, 11 states
[MARKOV] State=1211, last_dir=DOWN, p̂=0.500 (n=0)
[POLY] YES=0.505, NO=0.495
[SIGNAL] DOWN, p̂=0.500, q=0.505, Δ=-0.005 → Low ATR (199.02 < 211.79)

✓ #19 p̂=0.500, Signal=False
⏰ Next: 16:02:52
---
=== Tue May 26 16:02:52 UTC 2026 ===
BTC 5m Bot v3 - ATR+Vol Filter
MIN_PROB=0.87, ATR>0.8x avg, Vol>0.6x avg
Cycle 19/50

============================================================
Cycle #20 | 16:02:52 UTC
[BTC] 1440 candles
[FILTER] ATR=200.52 (avg=264.81, threshold=211.85)
[FILTER] Vol=15.7171 (avg=76.6083, threshold=45.9650)
[BTC] Last streaks: [2, 1, 2, 1, 2]
[MARKOV] Filtered=12 candles, 11 states
[MARKOV] State=1212, last_dir=UP, p̂=0.500 (n=0)
[POLY] YES=0.505, NO=0.495
[SIGNAL] UP, p̂=0.500, q=0.495, Δ=0.005 → Low ATR (200.52 < 211.85)

✓ #20 p̂=0.500, Signal=False
⏰ Next: 16:04:16
---
=== Tue May 26 16:04:16 UTC 2026 ===
BTC 5m Bot v3 - ATR+Vol Filter
MIN_PROB=0.87, ATR>0.8x avg, Vol>0.6x avg
Cycle 20/50

============================================================
Cycle #21 | 16:04:16 UTC
[BTC] 1440 candles
[FILTER] ATR=201.46 (avg=264.86, threshold=211.89)
[FILTER] Vol=18.6139 (avg=76.7531, threshold=46.0519)
[BTC] Last streaks: [2, 1, 2, 1, 1]
[MARKOV] Filtered=12 candles, 11 states
[MARKOV] State=1211, last_dir=DOWN, p̂=0.500 (n=0)
[POLY] YES=0.505, NO=0.495
[SIGNAL] DOWN, p̂=0.500, q=0.505, Δ=-0.005 → Low ATR (201.46 < 211.89)

✓ #21 p̂=0.500, Signal=False
⏰ Next: 16:05:40
---
=== Tue May 26 16:05:40 UTC 2026 ===
BTC 5m Bot v3 - ATR+Vol Filter
MIN_PROB=0.87, ATR>0.8x avg, Vol>0.6x avg
Cycle 21/50

============================================================
Cycle #22 | 16:05:40 UTC
[BTC] 1440 candles
[FILTER] ATR=193.64 (avg=263.20, threshold=210.56)
[FILTER] Vol=2.0924 (avg=62.9655, threshold=37.7793)
[BTC] Last streaks: [1, 2, 1, 1, 2]
[MARKOV] Filtered=15 candles, 14 states
[MARKOV] State=2112, last_dir=DOWN, p̂=0.500 (n=0)
[POLY] YES=0.505, NO=0.495
[SIGNAL] DOWN, p̂=0.500, q=0.505, Δ=-0.005 → Low ATR (193.64 < 210.56)

✓ #22 p̂=0.500, Signal=False
⏰ Next: 16:07:04
---
=== Tue May 26 16:07:04 UTC 2026 ===
BTC 5m Bot v3 - ATR+Vol Filter
MIN_PROB=0.87, ATR>0.8x avg, Vol>0.6x avg
Cycle 22/50

============================================================
Cycle #23 | 16:07:05 UTC
[BTC] 1440 candles
[FILTER] ATR=195.46 (avg=263.29, threshold=210.64)
[FILTER] Vol=12.7708 (avg=63.4994, threshold=38.0997)
[BTC] Last streaks: [1, 2, 1, 1, 2]
[MARKOV] Filtered=15 candles, 14 states
[MARKOV] State=2112, last_dir=DOWN, p̂=0.500 (n=0)
[POLY] YES=0.505, NO=0.495
[SIGNAL] DOWN, p̂=0.500, q=0.505, Δ=-0.005 → Low ATR (195.46 < 210.64)

✓ #23 p̂=0.500, Signal=False
⏰ Next: 16:08:28
---
=== Tue May 26 16:08:29 UTC 2026 ===
BTC 5m Bot v3 - ATR+Vol Filter
MIN_PROB=0.87, ATR>0.8x avg, Vol>0.6x avg
Cycle 23/50

============================================================
Cycle #24 | 16:08:29 UTC
[BTC] 1440 candles
[FILTER] ATR=196.14 (avg=263.33, threshold=210.66)
[FILTER] Vol=28.0425 (avg=64.2630, threshold=38.5578)
[BTC] Last streaks: [1, 2, 1, 1, 2]
[MARKOV] Filtered=15 candles, 14 states
[MARKOV] State=2112, last_dir=DOWN, p̂=0.500 (n=0)
[POLY] YES=0.505, NO=0.495
[SIGNAL] DOWN, p̂=0.500, q=0.505, Δ=-0.005 → Low ATR (196.14 < 210.66)

✓ #24 p̂=0.500, Signal=False
⏰ Next: 16:09:53
---
=== Tue May 26 16:09:53 UTC 2026 ===
BTC 5m Bot v3 - ATR+Vol Filter
MIN_PROB=0.87, ATR>0.8x avg, Vol>0.6x avg
Cycle 24/50

============================================================
Cycle #25 | 16:09:53 UTC
[BTC] 1440 candles
[FILTER] ATR=196.16 (avg=263.33, threshold=210.66)
[FILTER] Vol=33.7460 (avg=64.5482, threshold=38.7289)
[BTC] Last streaks: [1, 2, 1, 1, 1]
[MARKOV] Filtered=15 candles, 14 states
[MARKOV] State=2111, last_dir=UP, p̂=0.500 (n=0)
[POLY] YES=0.505, NO=0.495
[SIGNAL] UP, p̂=0.500, q=0.495, Δ=0.005 → Low ATR (196.16 < 210.66)

✓ #25 p̂=0.500, Signal=False
⏰ Next: 16:11:17
---
=== Tue May 26 16:11:17 UTC 2026 ===
BTC 5m Bot v3 - ATR+Vol Filter
MIN_PROB=0.87, ATR>0.8x avg, Vol>0.6x avg
Cycle 25/50

============================================================
Cycle #26 | 16:11:17 UTC
[BTC] 1440 candles
[FILTER] ATR=178.84 (avg=260.08, threshold=208.07)
[FILTER] Vol=10.4403 (avg=59.4240, threshold=35.6544)
[BTC] Last streaks: [2, 1, 1, 2, 3]
[MARKOV] Filtered=16 candles, 15 states
[MARKOV] State=1123, last_dir=DOWN, p̂=0.000 (n=1)
[POLY] YES=0.505, NO=0.495
[SIGNAL] DOWN, p̂=0.000, q=0.505, Δ=-0.505 → Low ATR (178.84 < 208.07)

✓ #26 p̂=0.000, Signal=False
⏰ Next: 16:12:41
---
=== Tue May 26 16:12:42 UTC 2026 ===
BTC 5m Bot v3 - ATR+Vol Filter
MIN_PROB=0.87, ATR>0.8x avg, Vol>0.6x avg
Cycle 26/50

============================================================
Cycle #27 | 16:12:42 UTC
[BTC] 1440 candles
[FILTER] ATR=179.81 (avg=260.13, threshold=208.10)
[FILTER] Vol=20.9839 (avg=59.9512, threshold=35.9707)
[BTC] Last streaks: [2, 1, 1, 2, 3]
[MARKOV] Filtered=16 candles, 15 states
[MARKOV] State=1123, last_dir=DOWN, p̂=0.000 (n=1)
[POLY] YES=0.505, NO=0.495
[SIGNAL] DOWN, p̂=0.000, q=0.505, Δ=-0.505 → Low ATR (179.81 < 208.10)

✓ #27 p̂=0.000, Signal=False
⏰ Next: 16:14:06
---
=== Tue May 26 16:14:06 UTC 2026 ===
BTC 5m Bot v3 - ATR+Vol Filter
MIN_PROB=0.87, ATR>0.8x avg, Vol>0.6x avg
Cycle 27/50

============================================================
Cycle #28 | 16:14:06 UTC
[BTC] 1440 candles
[FILTER] ATR=190.80 (avg=260.68, threshold=208.54)
[FILTER] Vol=71.2216 (avg=62.4631, threshold=37.4779)
[BTC] Last streaks: [2, 1, 1, 2, 3]
[MARKOV] Filtered=16 candles, 15 states
[MARKOV] State=1123, last_dir=DOWN, p̂=0.000 (n=1)
[POLY] YES=0.505, NO=0.495
[SIGNAL] DOWN, p̂=0.000, q=0.505, Δ=-0.505 → Low ATR (190.80 < 208.54)

✓ #28 p̂=0.000, Signal=False
⏰ Next: 16:15:30
---
=== Tue May 26 16:15:30 UTC 2026 ===
BTC 5m Bot v3 - ATR+Vol Filter
MIN_PROB=0.87, ATR>0.8x avg, Vol>0.6x avg
Cycle 28/50

============================================================
Cycle #29 | 16:15:30 UTC
[BTC] 1440 candles
[FILTER] ATR=183.81 (avg=255.58, threshold=204.47)
[FILTER] Vol=9.0676 (avg=52.9146, threshold=31.7488)
[BTC] Last streaks: [1, 1, 2, 3, 1]
[MARKOV] Filtered=18 candles, 17 states
[MARKOV] State=1231, last_dir=UP, p̂=0.000 (n=1)
[POLY] YES=0.505, NO=0.495
[SIGNAL] UP, p̂=0.000, q=0.495, Δ=-0.495 → Low ATR (183.81 < 204.47)

✓ #29 p̂=0.000, Signal=False
⏰ Next: 16:16:54
---
=== Tue May 26 16:16:54 UTC 2026 ===
BTC 5m Bot v3 - ATR+Vol Filter
MIN_PROB=0.87, ATR>0.8x avg, Vol>0.6x avg
Cycle 29/50

============================================================
Cycle #30 | 16:16:54 UTC
[BTC] 1440 candles
[FILTER] ATR=190.14 (avg=255.90, threshold=204.72)
[FILTER] Vol=14.5060 (avg=53.1865, threshold=31.9119)
[BTC] Last streaks: [1, 1, 2, 3, 1]
[MARKOV] Filtered=18 candles, 17 states
[MARKOV] State=1231, last_dir=UP, p̂=0.000 (n=1)
[POLY] YES=0.505, NO=0.495
[SIGNAL] UP, p̂=0.000, q=0.495, Δ=-0.495 → Low ATR (190.14 < 204.72)

✓ #30 p̂=0.000, Signal=False
⏰ Next: 16:18:18
---
=== Tue May 26 16:18:18 UTC 2026 ===
BTC 5m Bot v3 - ATR+Vol Filter
MIN_PROB=0.87, ATR>0.8x avg, Vol>0.6x avg
Cycle 30/50

============================================================
Cycle #31 | 16:18:18 UTC
[BTC] 1440 candles
[FILTER] ATR=191.29 (avg=255.96, threshold=204.77)
[FILTER] Vol=18.7473 (avg=53.3986, threshold=32.0392)
[BTC] Last streaks: [1, 1, 2, 3, 1]
[MARKOV] Filtered=18 candles, 17 states
[MARKOV] State=1231, last_dir=UP, p̂=0.000 (n=1)
[POLY] YES=0.505, NO=0.495
[SIGNAL] UP, p̂=0.000, q=0.495, Δ=-0.495 → Low ATR (191.29 < 204.77)

✓ #31 p̂=0.000, Signal=False
⏰ Next: 16:19:43
---
=== Tue May 26 16:19:43 UTC 2026 ===
BTC 5m Bot v3 - ATR+Vol Filter
MIN_PROB=0.87, ATR>0.8x avg, Vol>0.6x avg
Cycle 31/50

============================================================
Cycle #32 | 16:19:43 UTC
[BTC] 1440 candles
[FILTER] ATR=191.29 (avg=255.96, threshold=204.77)
[FILTER] Vol=23.6430 (avg=53.6434, threshold=32.1860)
[BTC] Last streaks: [1, 1, 2, 3, 1]
[MARKOV] Filtered=18 candles, 17 states
[MARKOV] State=1231, last_dir=UP, p̂=0.000 (n=1)
[POLY] YES=0.515, NO=0.485
[SIGNAL] UP, p̂=0.000, q=0.485, Δ=-0.485 → Low ATR (191.29 < 204.77)

✓ #32 p̂=0.000, Signal=False
⏰ Next: 16:21:07
---
=== Tue May 26 16:21:07 UTC 2026 ===
BTC 5m Bot v3 - ATR+Vol Filter
MIN_PROB=0.87, ATR>0.8x avg, Vol>0.6x avg
Cycle 32/50

============================================================
Cycle #33 | 16:21:07 UTC
[BTC] 1440 candles
[FILTER] ATR=186.06 (avg=250.68, threshold=200.54)
[FILTER] Vol=8.0729 (avg=47.2648, threshold=28.3589)
[BTC] Last streaks: [1, 2, 3, 1, 1]
[MARKOV] Filtered=22 candles, 20 states
[MARKOV] State=2311, last_dir=DOWN, p̂=0.500 (n=0)
[POLY] YES=0.505, NO=0.495
[SIGNAL] DOWN, p̂=0.500, q=0.505, Δ=-0.005 → Low ATR (186.06 < 200.54)

✓ #33 p̂=0.500, Signal=False
⏰ Next: 16:22:31
---
=== Tue May 26 16:22:31 UTC 2026 ===
BTC 5m Bot v3 - ATR+Vol Filter
MIN_PROB=0.87, ATR>0.8x avg, Vol>0.6x avg
Cycle 33/50

============================================================
Cycle #34 | 16:22:31 UTC
[BTC] 1440 candles
[FILTER] ATR=188.04 (avg=250.77, threshold=200.62)
[FILTER] Vol=16.8101 (avg=47.7017, threshold=28.6210)
[BTC] Last streaks: [1, 2, 3, 1, 2]
[MARKOV] Filtered=21 candles, 20 states
[MARKOV] State=2312, last_dir=UP, p̂=1.000 (n=1)
[POLY] YES=0.505, NO=0.495
[SIGNAL] UP, p̂=1.000, q=0.495, Δ=0.505 → Low ATR (188.04 < 200.62)

✓ #34 p̂=1.000, Signal=False
⏰ Next: 16:23:55
---
=== Tue May 26 16:23:55 UTC 2026 ===
BTC 5m Bot v3 - ATR+Vol Filter
MIN_PROB=0.87, ATR>0.8x avg, Vol>0.6x avg
Cycle 34/50

============================================================
Cycle #35 | 16:23:56 UTC
[BTC] 1440 candles
[FILTER] ATR=191.35 (avg=250.94, threshold=200.75)
[FILTER] Vol=37.3827 (avg=48.7303, threshold=29.2382)
[BTC] Last streaks: [1, 2, 3, 1, 2]
[MARKOV] Filtered=20 candles, 19 states
[MARKOV] State=2312, last_dir=UP, p̂=1.000 (n=1)
[POLY] YES=0.505, NO=0.495
[SIGNAL] UP, p̂=1.000, q=0.495, Δ=0.505 → Low ATR (191.35 < 200.75)

✓ #35 p̂=1.000, Signal=False
⏰ Next: 16:25:19
---
=== Tue May 26 16:25:20 UTC 2026 ===
BTC 5m Bot v3 - ATR+Vol Filter
MIN_PROB=0.87, ATR>0.8x avg, Vol>0.6x avg
Cycle 35/50

============================================================
Cycle #36 | 16:25:20 UTC
[BTC] 1440 candles
[FILTER] ATR=184.81 (avg=245.19, threshold=196.15)
[FILTER] Vol=2.3477 (avg=45.2986, threshold=27.1792)
[BTC] Last streaks: [2, 3, 1, 2, 1]
[MARKOV] Filtered=25 candles, 22 states
[MARKOV] State=3121, last_dir=DOWN, p̂=1.000 (n=1)
[POLY] YES=0.505, NO=0.495
[SIGNAL] DOWN, p̂=1.000, q=0.505, Δ=0.495 → Low ATR (184.81 < 196.15)

✓ #36 p̂=1.000, Signal=False
⏰ Next: 16:26:44
---
=== Tue May 26 16:26:44 UTC 2026 ===
BTC 5m Bot v3 - ATR+Vol Filter
MIN_PROB=0.87, ATR>0.8x avg, Vol>0.6x avg
Cycle 36/50

============================================================
Cycle #37 | 16:26:44 UTC
[BTC] 1440 candles
[FILTER] ATR=186.69 (avg=245.28, threshold=196.23)
[FILTER] Vol=9.6605 (avg=45.6642, threshold=27.3985)
[BTC] Last streaks: [2, 3, 1, 2, 3]
[MARKOV] Filtered=25 candles, 22 states
[MARKOV] State=3123, last_dir=UP, p̂=1.000 (n=1)
[POLY] YES=0.505, NO=0.495
[SIGNAL] UP, p̂=1.000, q=0.495, Δ=0.505 → Low ATR (186.69 < 196.23)

✓ #37 p̂=1.000, Signal=False
⏰ Next: 16:28:08
---
=== Tue May 26 16:28:08 UTC 2026 ===
BTC 5m Bot v3 - ATR+Vol Filter
MIN_PROB=0.87, ATR>0.8x avg, Vol>0.6x avg
Cycle 37/50

============================================================
Cycle #38 | 16:28:08 UTC
[BTC] 1440 candles
[FILTER] ATR=188.58 (avg=245.38, threshold=196.30)
[FILTER] Vol=25.8106 (avg=46.4717, threshold=27.8830)
[BTC] Last streaks: [2, 3, 1, 2, 1]
[MARKOV] Filtered=25 candles, 22 states
[MARKOV] State=3121, last_dir=DOWN, p̂=1.000 (n=1)
[POLY] YES=0.505, NO=0.495
[SIGNAL] DOWN, p̂=1.000, q=0.505, Δ=0.495 → Low ATR (188.58 < 196.30)

✓ #38 p̂=1.000, Signal=False
⏰ Next: 16:29:32
---
=== Tue May 26 16:29:33 UTC 2026 ===
BTC 5m Bot v3 - ATR+Vol Filter
MIN_PROB=0.87, ATR>0.8x avg, Vol>0.6x avg
Cycle 38/50

============================================================
Cycle #39 | 16:29:33 UTC
[BTC] 1440 candles
[FILTER] ATR=189.31 (avg=245.42, threshold=196.33)
[FILTER] Vol=37.1057 (avg=47.0365, threshold=28.2219)
[BTC] Last streaks: [2, 3, 1, 2, 3]
[MARKOV] Filtered=25 candles, 22 states
[MARKOV] State=3123, last_dir=UP, p̂=1.000 (n=1)
[POLY] YES=0.505, NO=0.495
[SIGNAL] UP, p̂=1.000, q=0.495, Δ=0.505 → Low ATR (189.31 < 196.33)

✓ #39 p̂=1.000, Signal=False
⏰ Next: 16:30:57
---
=== Tue May 26 16:30:57 UTC 2026 ===
BTC 5m Bot v3 - ATR+Vol Filter
MIN_PROB=0.87, ATR>0.8x avg, Vol>0.6x avg
Cycle 39/50

============================================================
Cycle #40 | 16:30:57 UTC
[BTC] 1440 candles
[FILTER] ATR=170.81 (avg=238.67, threshold=190.94)
[FILTER] Vol=6.9567 (avg=44.1321, threshold=26.4793)
[BTC] Last streaks: [3, 1, 2, 3, 4]
[MARKOV] Filtered=28 candles, 22 states
[MARKOV] State=1234, last_dir=UP, p̂=0.500 (n=2)
[POLY] YES=0.505, NO=0.495
[SIGNAL] UP, p̂=0.500, q=0.495, Δ=0.005 → Low ATR (170.81 < 190.94)

✓ #40 p̂=0.500, Signal=False
⏰ Next: 16:32:21
---
=== Tue May 26 16:32:21 UTC 2026 ===
BTC 5m Bot v3 - ATR+Vol Filter
MIN_PROB=0.87, ATR>0.8x avg, Vol>0.6x avg
Cycle 40/50

============================================================
Cycle #41 | 16:32:21 UTC
[BTC] 1440 candles
[FILTER] ATR=172.60 (avg=238.76, threshold=191.01)
[FILTER] Vol=13.5213 (avg=44.4604, threshold=26.6762)
[BTC] Last streaks: [3, 1, 2, 3, 1]
[MARKOV] Filtered=28 candles, 22 states
[MARKOV] State=1231, last_dir=DOWN, p̂=0.500 (n=4)
[POLY] YES=0.505, NO=0.495
[SIGNAL] DOWN, p̂=0.500, q=0.505, Δ=-0.005 → Low ATR (172.60 < 191.01)

✓ #41 p̂=0.500, Signal=False
⏰ Next: 16:33:45
---
=== Tue May 26 16:33:45 UTC 2026 ===
BTC 5m Bot v3 - ATR+Vol Filter
MIN_PROB=0.87, ATR>0.8x avg, Vol>0.6x avg
Cycle 41/50

============================================================
Cycle #42 | 16:33:45 UTC
[BTC] 1440 candles
[FILTER] ATR=172.60 (avg=238.76, threshold=191.01)
[FILTER] Vol=21.9449 (avg=44.8815, threshold=26.9289)
[BTC] Last streaks: [3, 1, 2, 3, 4]
[MARKOV] Filtered=28 candles, 22 states
[MARKOV] State=1234, last_dir=UP, p̂=0.500 (n=2)
[POLY] YES=0.505, NO=0.495
[SIGNAL] UP, p̂=0.500, q=0.495, Δ=0.005 → Low ATR (172.60 < 191.01)

✓ #42 p̂=0.500, Signal=False
⏰ Next: 16:35:09
---
=== Tue May 26 16:35:09 UTC 2026 ===
BTC 5m Bot v3 - ATR+Vol Filter
MIN_PROB=0.87, ATR>0.8x avg, Vol>0.6x avg
Cycle 42/50

============================================================
Cycle #43 | 16:35:09 UTC
[BTC] 1440 candles
[FILTER] ATR=166.62 (avg=233.03, threshold=186.43)
[FILTER] Vol=0.2587 (avg=43.8903, threshold=26.3342)
[BTC] Last streaks: [1, 2, 3, 4, 5]
[MARKOV] Filtered=31 candles, 23 states
[MARKOV] State=2345, last_dir=UP, p̂=1.000 (n=1)
[POLY] YES=0.505, NO=0.495
[SIGNAL] UP, p̂=1.000, q=0.495, Δ=0.505 → Low ATR (166.62 < 186.43)

✓ #43 p̂=1.000, Signal=False
⏰ Next: 16:36:33
---
=== Tue May 26 16:36:34 UTC 2026 ===
BTC 5m Bot v3 - ATR+Vol Filter
MIN_PROB=0.87, ATR>0.8x avg, Vol>0.6x avg
Cycle 43/50

============================================================
Cycle #44 | 16:36:34 UTC
[BTC] 1440 candles
[FILTER] ATR=173.05 (avg=233.35, threshold=186.68)
[FILTER] Vol=12.5079 (avg=44.5028, threshold=26.7017)
[BTC] Last streaks: [1, 2, 3, 4, 5]
[MARKOV] Filtered=31 candles, 23 states
[MARKOV] State=2345, last_dir=UP, p̂=1.000 (n=1)
[POLY] YES=0.505, NO=0.495
[SIGNAL] UP, p̂=1.000, q=0.495, Δ=0.505 → Low ATR (173.05 < 186.68)

✓ #44 p̂=1.000, Signal=False
⏰ Next: 16:37:58
---
=== Tue May 26 16:37:58 UTC 2026 ===
BTC 5m Bot v3 - ATR+Vol Filter
MIN_PROB=0.87, ATR>0.8x avg, Vol>0.6x avg
Cycle 44/50

============================================================
Cycle #45 | 16:37:58 UTC
[BTC] 1440 candles
[FILTER] ATR=174.49 (avg=233.43, threshold=186.74)
[FILTER] Vol=18.5643 (avg=44.8056, threshold=26.8833)
[BTC] Last streaks: [1, 2, 3, 4, 5]
[MARKOV] Filtered=31 candles, 23 states
[MARKOV] State=2345, last_dir=UP, p̂=1.000 (n=1)
[POLY] YES=0.505, NO=0.495
[SIGNAL] UP, p̂=1.000, q=0.495, Δ=0.505 → Low ATR (174.49 < 186.74)

✓ #45 p̂=1.000, Signal=False
⏰ Next: 16:39:22
---
=== Tue May 26 16:39:22 UTC 2026 ===
BTC 5m Bot v3 - ATR+Vol Filter
MIN_PROB=0.87, ATR>0.8x avg, Vol>0.6x avg
Cycle 45/50

============================================================
Cycle #46 | 16:39:22 UTC
[BTC] 1440 candles
[FILTER] ATR=174.49 (avg=233.43, threshold=186.74)
[FILTER] Vol=24.1647 (avg=45.0856, threshold=27.0514)
[BTC] Last streaks: [1, 2, 3, 4, 5]
[MARKOV] Filtered=31 candles, 23 states
[MARKOV] State=2345, last_dir=UP, p̂=1.000 (n=1)
[POLY] YES=0.505, NO=0.495
[SIGNAL] UP, p̂=1.000, q=0.495, Δ=0.505 → Low ATR (174.49 < 186.74)

✓ #46 p̂=1.000, Signal=False
⏰ Next: 16:40:46
---
=== Tue May 26 16:40:46 UTC 2026 ===
BTC 5m Bot v3 - ATR+Vol Filter
MIN_PROB=0.87, ATR>0.8x avg, Vol>0.6x avg
Cycle 46/50

============================================================
Cycle #47 | 16:40:46 UTC
[BTC] 1440 candles
[FILTER] ATR=152.75 (avg=226.85, threshold=181.48)
[FILTER] Vol=1.8306 (avg=41.0438, threshold=24.6263)
[BTC] Last streaks: [2, 3, 4, 5, 1]
[MARKOV] Filtered=38 candles, 25 states
[MARKOV] State=3451, last_dir=DOWN, p̂=0.000 (n=1)
[POLY] YES=0.515, NO=0.485
[SIGNAL] DOWN, p̂=0.000, q=0.515, Δ=-0.515 → Low ATR (152.75 < 181.48)

✓ #47 p̂=0.000, Signal=False
⏰ Next: 16:42:10
---
=== Tue May 26 16:42:11 UTC 2026 ===
BTC 5m Bot v3 - ATR+Vol Filter
MIN_PROB=0.87, ATR>0.8x avg, Vol>0.6x avg
Cycle 47/50

============================================================
Cycle #48 | 16:42:11 UTC
[BTC] 1440 candles
[FILTER] ATR=155.46 (avg=226.98, threshold=181.59)
[FILTER] Vol=7.2871 (avg=41.3166, threshold=24.7900)
[BTC] Last streaks: [2, 3, 4, 5, 1]
[MARKOV] Filtered=38 candles, 25 states
[MARKOV] State=3451, last_dir=DOWN, p̂=0.000 (n=1)
[POLY] YES=0.515, NO=0.485
[SIGNAL] DOWN, p̂=0.000, q=0.515, Δ=-0.515 → Low ATR (155.46 < 181.59)

✓ #48 p̂=0.000, Signal=False
⏰ Next: 16:43:35
---
=== Tue May 26 16:43:35 UTC 2026 ===
BTC 5m Bot v3 - ATR+Vol Filter
MIN_PROB=0.87, ATR>0.8x avg, Vol>0.6x avg
Cycle 48/50

============================================================
Cycle #49 | 16:43:35 UTC
[BTC] 1440 candles
[FILTER] ATR=155.46 (avg=226.98, threshold=181.59)
[FILTER] Vol=10.3504 (avg=41.4698, threshold=24.8819)
[BTC] Last streaks: [2, 3, 4, 5, 1]
[MARKOV] Filtered=38 candles, 25 states
[MARKOV] State=3451, last_dir=DOWN, p̂=0.000 (n=1)
[POLY] YES=0.515, NO=0.485
[SIGNAL] DOWN, p̂=0.000, q=0.515, Δ=-0.515 → Low ATR (155.46 < 181.59)

✓ #49 p̂=0.000, Signal=False
⏰ Next: 16:44:59
---
=== Tue May 26 16:44:59 UTC 2026 ===
BTC 5m Bot v3 - ATR+Vol Filter
MIN_PROB=0.87, ATR>0.8x avg, Vol>0.6x avg
Cycle 49/50

============================================================
Cycle #50 | 16:44:59 UTC
[BTC] 1440 candles
[FILTER] ATR=155.46 (avg=226.98, threshold=181.59)
[FILTER] Vol=12.2870 (avg=41.5666, threshold=24.9400)
[BTC] Last streaks: [2, 3, 4, 5, 1]
[MARKOV] Filtered=38 candles, 25 states
[MARKOV] State=3451, last_dir=DOWN, p̂=0.000 (n=1)
[POLY] YES=0.505, NO=0.495
[SIGNAL] DOWN, p̂=0.000, q=0.505, Δ=-0.505 → Low ATR (155.46 < 181.59)

🌙 NIGHTLY REVIEW after 50 cycles
[REVIEW] max p̂=1.000, avg=0.490, MIN_PROB=0.87

✓ #50 p̂=0.000, Signal=False
⏰ Next: 16:46:24
---
=== Tue May 26 16:46:24 UTC 2026 ===
BTC 5m Bot v3 - ATR+Vol Filter
MIN_PROB=0.87, ATR>0.8x avg, Vol>0.6x avg
Cycle 50/50

============================================================
Cycle #51 | 16:46:24 UTC
[BTC] 1440 candles
[FILTER] ATR=149.24 (avg=220.16, threshold=176.13)
[FILTER] Vol=2.2104 (avg=40.5730, threshold=24.3438)
[BTC] Last streaks: [3, 4, 5, 1, 1]
[MARKOV] Filtered=43 candles, 25 states
[MARKOV] State=4511, last_dir=UP, p̂=0.500 (n=0)
[POLY] YES=0.505, NO=0.495
[SIGNAL] UP, p̂=0.500, q=0.495, Δ=0.005 → Low ATR (149.24 < 176.13)

✓ #51 p̂=0.500, Signal=False
⏰ Next: 16:47:48
---
=== Tue May 26 16:47:49 UTC 2026 ===
BTC 5m Bot v3 - ATR+Vol Filter
MIN_PROB=0.87, ATR>0.8x avg, Vol>0.6x avg
Cycle 51/50

============================================================
Cycle #52 | 16:47:49 UTC
[BTC] 1440 candles
[FILTER] ATR=150.31 (avg=220.21, threshold=176.17)
[FILTER] Vol=5.2943 (avg=40.7272, threshold=24.4363)
[BTC] Last streaks: [3, 4, 5, 1, 1]
[MARKOV] Filtered=43 candles, 25 states
[MARKOV] State=4511, last_dir=UP, p̂=0.500 (n=0)
[POLY] YES=0.505, NO=0.495
[SIGNAL] UP, p̂=0.500, q=0.495, Δ=0.005 → Low ATR (150.31 < 176.17)

✓ #52 p̂=0.500, Signal=False
⏰ Next: 16:49:13
---
=== Tue May 26 16:49:13 UTC 2026 ===
BTC 5m Bot v3 - ATR+Vol Filter
MIN_PROB=0.87, ATR>0.8x avg, Vol>0.6x avg
Cycle 52/50

============================================================
Cycle #53 | 16:49:13 UTC
[BTC] 1440 candles
[FILTER] ATR=151.48 (avg=220.27, threshold=176.22)
[FILTER] Vol=8.7250 (avg=40.8988, threshold=24.5393)
[BTC] Last streaks: [3, 4, 5, 1, 2]
[MARKOV] Filtered=42 candles, 25 states
[MARKOV] State=4512, last_dir=DOWN, p̂=0.000 (n=1)
[POLY] YES=0.505, NO=0.495
[SIGNAL] DOWN, p̂=0.000, q=0.505, Δ=-0.505 → Low ATR (151.48 < 176.22)

✓ #53 p̂=0.000, Signal=False
⏰ Next: 16:50:37
---
=== Tue May 26 16:50:37 UTC 2026 ===
BTC 5m Bot v3 - ATR+Vol Filter
MIN_PROB=0.87, ATR>0.8x avg, Vol>0.6x avg
Cycle 53/50

============================================================
Cycle #54 | 16:50:37 UTC
[BTC] 1440 candles
[FILTER] ATR=140.16 (avg=213.24, threshold=170.59)
[FILTER] Vol=1.5429 (avg=40.4786, threshold=24.2872)
[BTC] Last streaks: [4, 5, 1, 2, 3]
[MARKOV] Filtered=47 candles, 25 states
[MARKOV] State=5123, last_dir=DOWN, p̂=0.000 (n=1)
[POLY] YES=0.505, NO=0.495
[SIGNAL] DOWN, p̂=0.000, q=0.505, Δ=-0.505 → Low ATR (140.16 < 170.59)

✓ #54 p̂=0.000, Signal=False
⏰ Next: 16:52:01
---
=== Tue May 26 16:52:01 UTC 2026 ===
BTC 5m Bot v3 - ATR+Vol Filter
MIN_PROB=0.87, ATR>0.8x avg, Vol>0.6x avg
Cycle 54/50

============================================================
Cycle #55 | 16:52:02 UTC
[BTC] 1440 candles
[FILTER] ATR=143.47 (avg=213.40, threshold=170.72)
[FILTER] Vol=11.1727 (avg=40.9601, threshold=24.5761)
[BTC] Last streaks: [4, 5, 1, 2, 1]
[MARKOV] Filtered=45 candles, 25 states
[MARKOV] State=5121, last_dir=UP, p̂=0.500 (n=0)
[POLY] YES=0.505, NO=0.495
[SIGNAL] UP, p̂=0.500, q=0.495, Δ=0.005 → Low ATR (143.47 < 170.72)

✓ #55 p̂=0.500, Signal=False
⏰ Next: 16:53:25
---
=== Tue May 26 16:53:26 UTC 2026 ===
BTC 5m Bot v3 - ATR+Vol Filter
MIN_PROB=0.87, ATR>0.8x avg, Vol>0.6x avg
Cycle 55/50

============================================================
Cycle #56 | 16:53:26 UTC
[BTC] 1440 candles
[FILTER] ATR=145.13 (avg=213.48, threshold=170.79)
[FILTER] Vol=16.0307 (avg=41.2030, threshold=24.7218)
[BTC] Last streaks: [4, 5, 1, 2, 3]
[MARKOV] Filtered=44 candles, 25 states
[MARKOV] State=5123, last_dir=DOWN, p̂=0.000 (n=1)
[POLY] YES=0.505, NO=0.495
[SIGNAL] DOWN, p̂=0.000, q=0.505, Δ=-0.505 → Low ATR (145.13 < 170.79)

✓ #56 p̂=0.000, Signal=False
⏰ Next: 16:54:50
---
=== Tue May 26 16:54:50 UTC 2026 ===
BTC 5m Bot v3 - ATR+Vol Filter
MIN_PROB=0.87, ATR>0.8x avg, Vol>0.6x avg
Cycle 56/50

============================================================
Cycle #57 | 16:54:50 UTC
[BTC] 1440 candles
[FILTER] ATR=146.86 (avg=213.57, threshold=170.86)
[FILTER] Vol=20.4720 (avg=41.4251, threshold=24.8551)
[BTC] Last streaks: [4, 5, 1, 2, 1]
[MARKOV] Filtered=44 candles, 25 states
[MARKOV] State=5121, last_dir=UP, p̂=0.500 (n=0)
[POLY] YES=0.505, NO=0.495
[SIGNAL] UP, p̂=0.500, q=0.495, Δ=0.005 → Low ATR (146.86 < 170.86)

✓ #57 p̂=0.500, Signal=False
⏰ Next: 16:56:14
---
=== Tue May 26 16:56:14 UTC 2026 ===
BTC 5m Bot v3 - ATR+Vol Filter
MIN_PROB=0.87, ATR>0.8x avg, Vol>0.6x avg
Cycle 57/50

============================================================
Cycle #58 | 16:56:14 UTC
[BTC] 1440 candles
[FILTER] ATR=138.65 (avg=206.26, threshold=165.01)
[FILTER] Vol=1.5620 (avg=40.5617, threshold=24.3370)
[BTC] Last streaks: [5, 1, 2, 1, 1]
[MARKOV] Filtered=49 candles, 25 states
[MARKOV] State=1211, last_dir=DOWN, p̂=0.500 (n=2)
[POLY] YES=0.505, NO=0.495
[SIGNAL] DOWN, p̂=0.500, q=0.505, Δ=-0.005 → Low ATR (138.65 < 165.01)

✓ #58 p̂=0.500, Signal=False
⏰ Next: 16:57:38
---
=== Tue May 26 16:57:38 UTC 2026 ===
BTC 5m Bot v3 - ATR+Vol Filter
MIN_PROB=0.87, ATR>0.8x avg, Vol>0.6x avg
Cycle 58/50

============================================================
Cycle #59 | 16:57:39 UTC
[BTC] 1440 candles
[FILTER] ATR=140.40 (avg=206.35, threshold=165.08)
[FILTER] Vol=3.3759 (avg=40.6524, threshold=24.3915)
[BTC] Last streaks: [5, 1, 2, 1, 1]
[MARKOV] Filtered=49 candles, 25 states
[MARKOV] State=1211, last_dir=DOWN, p̂=0.500 (n=2)
[POLY] YES=0.505, NO=0.495
[SIGNAL] DOWN, p̂=0.500, q=0.505, Δ=-0.005 → Low ATR (140.40 < 165.08)

✓ #59 p̂=0.500, Signal=False
⏰ Next: 16:59:06
---
=== Tue May 26 16:59:07 UTC 2026 ===
BTC 5m Bot v3 - ATR+Vol Filter
MIN_PROB=0.87, ATR>0.8x avg, Vol>0.6x avg
Cycle 59/50

============================================================
Cycle #60 | 16:59:07 UTC
[BTC] 1440 candles
[FILTER] ATR=141.60 (avg=206.41, threshold=165.13)
[FILTER] Vol=12.3963 (avg=41.1034, threshold=24.6621)
[BTC] Last streaks: [5, 1, 2, 1, 2]
[MARKOV] Filtered=47 candles, 25 states
[MARKOV] State=1212, last_dir=UP, p̂=1.000 (n=1)
[POLY] YES=0.505, NO=0.495
[SIGNAL] UP, p̂=1.000, q=0.495, Δ=0.505 → Low ATR (141.60 < 165.13)

✓ #60 p̂=1.000, Signal=False
⏰ Next: 17:00:31
---
=== Tue May 26 17:00:31 UTC 2026 ===
BTC 5m Bot v3 - ATR+Vol Filter
MIN_PROB=0.87, ATR>0.8x avg, Vol>0.6x avg
Cycle 60/50

============================================================
Cycle #61 | 17:00:31 UTC
[BTC] 1440 candles
[FILTER] ATR=127.24 (avg=198.03, threshold=158.43)
[FILTER] Vol=0.6464 (avg=39.0395, threshold=23.4237)
[BTC] Last streaks: [1, 2, 1, 2, 1]
[MARKOV] Filtered=55 candles, 25 states
[MARKOV] State=2121, last_dir=DOWN, p̂=0.333 (n=3)
[POLY] YES=0.515, NO=0.485
[SIGNAL] DOWN, p̂=0.333, q=0.515, Δ=-0.182 → Low ATR (127.24 < 158.43)

✓ #61 p̂=0.333, Signal=False
⏰ Next: 17:01:55
---
=== Tue May 26 17:01:55 UTC 2026 ===
BTC 5m Bot v3 - ATR+Vol Filter
MIN_PROB=0.87, ATR>0.8x avg, Vol>0.6x avg
Cycle 61/50

============================================================
Cycle #62 | 17:01:55 UTC
[BTC] 1440 candles
[FILTER] ATR=130.51 (avg=198.20, threshold=158.56)
[FILTER] Vol=6.3474 (avg=39.3246, threshold=23.5947)
[BTC] Last streaks: [1, 2, 1, 2, 3]
[MARKOV] Filtered=55 candles, 25 states
[MARKOV] State=2123, last_dir=UP, p̂=0.333 (n=3)
[POLY] YES=0.515, NO=0.485
[SIGNAL] UP, p̂=0.333, q=0.485, Δ=-0.152 → Low ATR (130.51 < 158.56)

✓ #62 p̂=0.333, Signal=False
⏰ Next: 17:03:19
---
=== Tue May 26 17:03:19 UTC 2026 ===
BTC 5m Bot v3 - ATR+Vol Filter
MIN_PROB=0.87, ATR>0.8x avg, Vol>0.6x avg
Cycle 62/50

============================================================
Cycle #63 | 17:03:20 UTC
[BTC] 1440 candles
[FILTER] ATR=131.34 (avg=198.24, threshold=158.59)
[FILTER] Vol=9.1646 (avg=39.4654, threshold=23.6793)
[BTC] Last streaks: [1, 2, 1, 2, 3]
[MARKOV] Filtered=55 candles, 25 states
[MARKOV] State=2123, last_dir=UP, p̂=0.333 (n=3)
[POLY] YES=0.515, NO=0.485
[SIGNAL] UP, p̂=0.333, q=0.485, Δ=-0.152 → Low ATR (131.34 < 158.59)

✓ #63 p̂=0.333, Signal=False
⏰ Next: 17:04:44
---
=== Tue May 26 17:04:44 UTC 2026 ===
BTC 5m Bot v3 - ATR+Vol Filter
MIN_PROB=0.87, ATR>0.8x avg, Vol>0.6x avg
Cycle 63/50

============================================================
Cycle #64 | 17:04:44 UTC
[BTC] 1440 candles
[FILTER] ATR=135.31 (avg=198.44, threshold=158.75)
[FILTER] Vol=15.6670 (avg=39.7906, threshold=23.8743)
[BTC] Last streaks: [1, 2, 1, 2, 3]
[MARKOV] Filtered=54 candles, 25 states
[MARKOV] State=2123, last_dir=UP, p̂=0.333 (n=3)
[POLY] YES=0.515, NO=0.485
[SIGNAL] UP, p̂=0.333, q=0.485, Δ=-0.152 → Low ATR (135.31 < 158.75)

✓ #64 p̂=0.333, Signal=False
⏰ Next: 17:06:08
---
=== Tue May 26 17:06:08 UTC 2026 ===
BTC 5m Bot v3 - ATR+Vol Filter
MIN_PROB=0.87, ATR>0.8x avg, Vol>0.6x avg
Cycle 64/50

============================================================
Cycle #65 | 17:06:08 UTC
[BTC] 1440 candles
[FILTER] ATR=121.19 (avg=190.49, threshold=152.39)
[FILTER] Vol=0.6581 (avg=39.1317, threshold=23.4790)
[BTC] Last streaks: [2, 1, 2, 3, 1]
[MARKOV] Filtered=59 candles, 26 states
[MARKOV] State=1231, last_dir=DOWN, p̂=0.500 (n=6)
[POLY] YES=0.525, NO=0.475
[SIGNAL] DOWN, p̂=0.500, q=0.525, Δ=-0.025 → Low ATR (121.19 < 152.39)

✓ #65 p̂=0.500, Signal=False
⏰ Next: 17:07:32
---
=== Tue May 26 17:07:32 UTC 2026 ===
BTC 5m Bot v3 - ATR+Vol Filter
MIN_PROB=0.87, ATR>0.8x avg, Vol>0.6x avg
Cycle 65/50

============================================================
Cycle #66 | 17:07:33 UTC
[BTC] 1440 candles
[FILTER] ATR=124.47 (avg=190.65, threshold=152.52)
[FILTER] Vol=7.8215 (avg=39.4899, threshold=23.6939)
[BTC] Last streaks: [2, 1, 2, 3, 1]
[MARKOV] Filtered=59 candles, 26 states
[MARKOV] State=1231, last_dir=DOWN, p̂=0.500 (n=6)
[POLY] YES=0.525, NO=0.475
[SIGNAL] DOWN, p̂=0.500, q=0.525, Δ=-0.025 → Low ATR (124.47 < 152.52)

✓ #66 p̂=0.500, Signal=False
⏰ Next: 17:08:56
---
=== Tue May 26 17:08:57 UTC 2026 ===
BTC 5m Bot v3 - ATR+Vol Filter
MIN_PROB=0.87, ATR>0.8x avg, Vol>0.6x avg
Cycle 66/50

============================================================
Cycle #67 | 17:08:57 UTC
[BTC] 1440 candles
[FILTER] ATR=124.47 (avg=190.65, threshold=152.52)
[FILTER] Vol=13.8152 (avg=39.7895, threshold=23.8737)
[BTC] Last streaks: [2, 1, 2, 3, 1]
[MARKOV] Filtered=58 candles, 26 states
[MARKOV] State=1231, last_dir=DOWN, p̂=0.500 (n=6)
[POLY] YES=0.525, NO=0.475
[SIGNAL] DOWN, p̂=0.500, q=0.525, Δ=-0.025 → Low ATR (124.47 < 152.52)

✓ #67 p̂=0.500, Signal=False
⏰ Next: 17:10:21
---
=== Tue May 26 17:10:21 UTC 2026 ===
BTC 5m Bot v3 - ATR+Vol Filter
MIN_PROB=0.87, ATR>0.8x avg, Vol>0.6x avg
Cycle 67/50

============================================================
Cycle #68 | 17:10:21 UTC
[BTC] 1440 candles
[FILTER] ATR=116.61 (avg=182.45, threshold=145.96)
[FILTER] Vol=0.2093 (avg=32.5426, threshold=19.5256)
[BTC] Last streaks: [1, 2, 3, 1, 2]
[MARKOV] Filtered=76 candles, 30 states
[MARKOV] State=2312, last_dir=DOWN, p̂=0.500 (n=4)
[POLY] YES=0.515, NO=0.485
[SIGNAL] DOWN, p̂=0.500, q=0.515, Δ=-0.015 → Low ATR (116.61 < 145.96)

✓ #68 p̂=0.500, Signal=False
⏰ Next: 17:11:45
---
=== Tue May 26 17:11:45 UTC 2026 ===
BTC 5m Bot v3 - ATR+Vol Filter
MIN_PROB=0.87, ATR>0.8x avg, Vol>0.6x avg
Cycle 68/50

============================================================
Cycle #69 | 17:11:45 UTC
[BTC] 1440 candles
[FILTER] ATR=118.88 (avg=182.56, threshold=146.05)
[FILTER] Vol=11.3469 (avg=33.0995, threshold=19.8597)
[BTC] Last streaks: [1, 2, 3, 1, 2]
[MARKOV] Filtered=74 candles, 29 states
[MARKOV] State=2312, last_dir=DOWN, p̂=0.500 (n=4)
[POLY] YES=0.515, NO=0.485
[SIGNAL] DOWN, p̂=0.500, q=0.515, Δ=-0.015 → Low ATR (118.88 < 146.05)

✓ #69 p̂=0.500, Signal=False
⏰ Next: 17:13:09
---
=== Tue May 26 17:13:09 UTC 2026 ===
BTC 5m Bot v3 - ATR+Vol Filter
MIN_PROB=0.87, ATR>0.8x avg, Vol>0.6x avg
Cycle 69/50

============================================================
Cycle #70 | 17:13:09 UTC
[BTC] 1440 candles
[FILTER] ATR=121.70 (avg=182.70, threshold=146.16)
[FILTER] Vol=20.9440 (avg=33.5793, threshold=20.1476)
[BTC] Last streaks: [1, 2, 3, 1, 2]
[MARKOV] Filtered=74 candles, 29 states
[MARKOV] State=2312, last_dir=DOWN, p̂=0.500 (n=4)
[POLY] YES=0.515, NO=0.485
[SIGNAL] DOWN, p̂=0.500, q=0.515, Δ=-0.015 → Low ATR (121.70 < 146.16)

✓ #70 p̂=0.500, Signal=False
⏰ Next: 17:14:33
---
=== Tue May 26 17:14:34 UTC 2026 ===
BTC 5m Bot v3 - ATR+Vol Filter
MIN_PROB=0.87, ATR>0.8x avg, Vol>0.6x avg
Cycle 70/50

============================================================
Cycle #71 | 17:14:34 UTC
[BTC] 1440 candles
[FILTER] ATR=121.70 (avg=182.70, threshold=146.16)
[FILTER] Vol=39.1782 (avg=34.4910, threshold=20.6946)
[BTC] Last streaks: [1, 2, 3, 1, 2]
[MARKOV] Filtered=71 candles, 29 states
[MARKOV] State=2312, last_dir=DOWN, p̂=0.500 (n=4)
[POLY] YES=0.515, NO=0.485
[SIGNAL] DOWN, p̂=0.500, q=0.515, Δ=-0.015 → Low ATR (121.70 < 146.16)

✓ #71 p̂=0.500, Signal=False
⏰ Next: 17:15:58
---
=== Tue May 26 17:15:58 UTC 2026 ===
BTC 5m Bot v3 - ATR+Vol Filter
MIN_PROB=0.87, ATR>0.8x avg, Vol>0.6x avg
Cycle 71/50

============================================================
Cycle #72 | 17:15:58 UTC
[BTC] 1440 candles
[FILTER] ATR=118.29 (avg=175.22, threshold=140.17)
[FILTER] Vol=2.4651 (avg=30.3689, threshold=18.2214)
[BTC] Last streaks: [2, 3, 1, 2, 3]
[MARKOV] Filtered=85 candles, 30 states
[MARKOV] State=3123, last_dir=DOWN, p̂=0.600 (n=5)
[POLY] YES=0.500, NO=0.500
[SIGNAL] DOWN, p̂=0.600, q=0.500, Δ=0.100 → Low ATR (118.29 < 140.17)

✓ #72 p̂=0.600, Signal=False
⏰ Next: 17:17:22
---
=== Tue May 26 17:17:22 UTC 2026 ===
BTC 5m Bot v3 - ATR+Vol Filter
MIN_PROB=0.87, ATR>0.8x avg, Vol>0.6x avg
Cycle 72/50

============================================================
Cycle #73 | 17:17:22 UTC
[BTC] 1440 candles
[FILTER] ATR=118.71 (avg=175.24, threshold=140.19)
[FILTER] Vol=7.6612 (avg=30.6287, threshold=18.3772)
[BTC] Last streaks: [2, 3, 1, 2, 3]
[MARKOV] Filtered=85 candles, 30 states
[MARKOV] State=3123, last_dir=DOWN, p̂=0.600 (n=5)
[POLY] YES=0.500, NO=0.500
[SIGNAL] DOWN, p̂=0.600, q=0.500, Δ=0.100 → Low ATR (118.71 < 140.19)

✓ #73 p̂=0.600, Signal=False
⏰ Next: 17:18:46
---
=== Tue May 26 17:18:47 UTC 2026 ===
BTC 5m Bot v3 - ATR+Vol Filter
MIN_PROB=0.87, ATR>0.8x avg, Vol>0.6x avg
Cycle 73/50

============================================================
Cycle #74 | 17:18:47 UTC
[BTC] 1440 candles
[FILTER] ATR=124.61 (avg=175.53, threshold=140.43)
[FILTER] Vol=18.1268 (avg=31.1520, threshold=18.6912)
[BTC] Last streaks: [2, 3, 1, 2, 3]
[MARKOV] Filtered=84 candles, 30 states
[MARKOV] State=3123, last_dir=DOWN, p̂=0.600 (n=5)
[POLY] YES=0.500, NO=0.500
[SIGNAL] DOWN, p̂=0.600, q=0.500, Δ=0.100 → Low ATR (124.61 < 140.43)

✓ #74 p̂=0.600, Signal=False
⏰ Next: 17:20:11
---
=== Tue May 26 17:20:11 UTC 2026 ===
BTC 5m Bot v3 - ATR+Vol Filter
MIN_PROB=0.87, ATR>0.8x avg, Vol>0.6x avg
Cycle 74/50

============================================================
Cycle #75 | 17:20:11 UTC
[BTC] 1440 candles
[FILTER] ATR=111.79 (avg=168.65, threshold=134.92)
[FILTER] Vol=1.2245 (avg=29.7873, threshold=17.8724)
[BTC] Last streaks: [3, 1, 2, 3, 4]
[MARKOV] Filtered=98 candles, 30 states
[MARKOV] State=1234, last_dir=DOWN, p̂=0.333 (n=6)
[POLY] YES=0.505, NO=0.495
[SIGNAL] DOWN, p̂=0.333, q=0.505, Δ=-0.172 → Low ATR (111.79 < 134.92)

✓ #75 p̂=0.333, Signal=False
⏰ Next: 17:21:35
---
=== Tue May 26 17:21:35 UTC 2026 ===
BTC 5m Bot v3 - ATR+Vol Filter
MIN_PROB=0.87, ATR>0.8x avg, Vol>0.6x avg
Cycle 75/50

============================================================
Cycle #76 | 17:21:35 UTC
[BTC] 1440 candles
[FILTER] ATR=119.08 (avg=169.01, threshold=135.21)
[FILTER] Vol=19.7640 (avg=30.7143, threshold=18.4286)
[BTC] Last streaks: [3, 1, 2, 3, 4]
[MARKOV] Filtered=93 candles, 30 states
[MARKOV] State=1234, last_dir=DOWN, p̂=0.333 (n=6)
[POLY] YES=0.505, NO=0.495
[SIGNAL] DOWN, p̂=0.333, q=0.505, Δ=-0.172 → Low ATR (119.08 < 135.21)

✓ #76 p̂=0.333, Signal=False
⏰ Next: 17:22:59
---
=== Tue May 26 17:22:59 UTC 2026 ===
BTC 5m Bot v3 - ATR+Vol Filter
MIN_PROB=0.87, ATR>0.8x avg, Vol>0.6x avg
Cycle 76/50

============================================================
Cycle #77 | 17:22:59 UTC
[BTC] 1440 candles
[FILTER] ATR=119.08 (avg=169.01, threshold=135.21)
[FILTER] Vol=33.0411 (avg=31.3781, threshold=18.8269)
[BTC] Last streaks: [3, 1, 2, 3, 4]
[MARKOV] Filtered=93 candles, 30 states
[MARKOV] State=1234, last_dir=DOWN, p̂=0.333 (n=6)
[POLY] YES=0.505, NO=0.495
[SIGNAL] DOWN, p̂=0.333, q=0.505, Δ=-0.172 → Low ATR (119.08 < 135.21)

✓ #77 p̂=0.333, Signal=False
⏰ Next: 17:24:23
---
=== Tue May 26 17:24:24 UTC 2026 ===
BTC 5m Bot v3 - ATR+Vol Filter
MIN_PROB=0.87, ATR>0.8x avg, Vol>0.6x avg
Cycle 77/50

============================================================
Cycle #78 | 17:24:24 UTC
[BTC] 1440 candles
[FILTER] ATR=119.08 (avg=169.01, threshold=135.21)
[FILTER] Vol=41.7050 (avg=31.8113, threshold=19.0868)
[BTC] Last streaks: [3, 1, 2, 3, 4]
[MARKOV] Filtered=91 candles, 30 states
[MARKOV] State=1234, last_dir=DOWN, p̂=0.333 (n=6)
[POLY] YES=0.505, NO=0.495
[SIGNAL] DOWN, p̂=0.333, q=0.505, Δ=-0.172 → Low ATR (119.08 < 135.21)

✓ #78 p̂=0.333, Signal=False
⏰ Next: 17:25:48
---
=== Tue May 26 17:25:48 UTC 2026 ===
BTC 5m Bot v3 - ATR+Vol Filter
MIN_PROB=0.87, ATR>0.8x avg, Vol>0.6x avg
Cycle 78/50

============================================================
Cycle #79 | 17:25:48 UTC
[BTC] 1440 candles
[FILTER] ATR=112.27 (avg=164.02, threshold=131.22)
[FILTER] Vol=4.0199 (avg=30.9132, threshold=18.5479)
[BTC] Last streaks: [1, 2, 3, 4, 5]
[MARKOV] Filtered=100 candles, 30 states
[MARKOV] State=2345, last_dir=DOWN, p̂=1.000 (n=3)
[POLY] YES=0.525, NO=0.475
[SIGNAL] DOWN, p̂=1.000, q=0.525, Δ=0.475 → Low ATR (112.27 < 131.22)

✓ #79 p̂=1.000, Signal=False
⏰ Next: 17:27:12
---
=== Tue May 26 17:27:12 UTC 2026 ===
BTC 5m Bot v3 - ATR+Vol Filter
MIN_PROB=0.87, ATR>0.8x avg, Vol>0.6x avg
Cycle 79/50

============================================================
Cycle #80 | 17:27:12 UTC
[BTC] 1440 candles
[FILTER] ATR=119.13 (avg=164.36, threshold=131.49)
[FILTER] Vol=41.6835 (avg=32.7963, threshold=19.6778)
[BTC] Last streaks: [1, 2, 3, 4, 5]
[MARKOV] Filtered=94 candles, 29 states
[MARKOV] State=2345, last_dir=DOWN, p̂=1.000 (n=3)
[POLY] YES=0.525, NO=0.475
[SIGNAL] DOWN, p̂=1.000, q=0.525, Δ=0.475 → Low ATR (119.13 < 131.49)

✓ #80 p̂=1.000, Signal=False
⏰ Next: 17:28:36
---
=== Tue May 26 17:28:36 UTC 2026 ===
BTC 5m Bot v3 - ATR+Vol Filter
MIN_PROB=0.87, ATR>0.8x avg, Vol>0.6x avg
Cycle 80/50

============================================================
Cycle #81 | 17:28:36 UTC
[BTC] 1440 candles
[FILTER] ATR=119.13 (avg=164.36, threshold=131.49)
[FILTER] Vol=47.7765 (avg=33.1010, threshold=19.8606)
[BTC] Last streaks: [1, 2, 3, 4, 5]
[MARKOV] Filtered=93 candles, 29 states
[MARKOV] State=2345, last_dir=DOWN, p̂=1.000 (n=3)
[POLY] YES=0.525, NO=0.475
[SIGNAL] DOWN, p̂=1.000, q=0.525, Δ=0.475 → Low ATR (119.13 < 131.49)

✓ #81 p̂=1.000, Signal=False
⏰ Next: 17:30:00
---
=== Tue May 26 17:30:01 UTC 2026 ===
BTC 5m Bot v3 - ATR+Vol Filter
MIN_PROB=0.87, ATR>0.8x avg, Vol>0.6x avg
Cycle 81/50

============================================================
Cycle #82 | 17:30:01 UTC
[BTC] 1440 candles
[FILTER] ATR=109.90 (avg=159.23, threshold=127.39)
[FILTER] Vol=0.0001 (avg=30.6259, threshold=18.3755)
[BTC] Last streaks: [2, 3, 4, 5, 6]
[MARKOV] Filtered=108 candles, 30 states
[MARKOV] State=3456, last_dir=DOWN, p̂=0.500 (n=0)
[POLY] YES=0.495, NO=0.505
[SIGNAL] DOWN, p̂=0.500, q=0.495, Δ=0.005 → Low ATR (109.90 < 127.39)

✓ #82 p̂=0.500, Signal=False
⏰ Next: 17:31:25
---
=== Tue May 26 17:31:25 UTC 2026 ===
BTC 5m Bot v3 - ATR+Vol Filter
MIN_PROB=0.87, ATR>0.8x avg, Vol>0.6x avg
Cycle 82/50

============================================================
Cycle #83 | 17:31:25 UTC
[BTC] 1440 candles
[FILTER] ATR=123.08 (avg=159.89, threshold=127.91)
[FILTER] Vol=70.1454 (avg=34.1332, threshold=20.4799)
[BTC] Last streaks: [2, 3, 4, 5, 6]
[MARKOV] Filtered=93 candles, 29 states
[MARKOV] State=3456, last_dir=DOWN, p̂=0.500 (n=0)
[POLY] YES=0.495, NO=0.505
[SIGNAL] DOWN, p̂=0.500, q=0.495, Δ=0.005 → Low ATR (123.08 < 127.91)

✓ #83 p̂=0.500, Signal=False
⏰ Next: 17:32:49
---
=== Tue May 26 17:32:49 UTC 2026 ===
BTC 5m Bot v3 - ATR+Vol Filter
MIN_PROB=0.87, ATR>0.8x avg, Vol>0.6x avg
Cycle 83/50

============================================================
Cycle #84 | 17:32:49 UTC
[BTC] 1440 candles
[FILTER] ATR=124.60 (avg=159.97, threshold=127.97)
[FILTER] Vol=217.9236 (avg=41.5221, threshold=24.9132)
[BTC] Last streaks: [2, 3, 4, 5, 6]
[MARKOV] Filtered=77 candles, 29 states
[MARKOV] State=3456, last_dir=DOWN, p̂=0.500 (n=0)
[POLY] YES=0.495, NO=0.505
[SIGNAL] DOWN, p̂=0.500, q=0.495, Δ=0.005 → Low ATR (124.60 < 127.97)

✓ #84 p̂=0.500, Signal=False
⏰ Next: 17:34:13
---
=== Tue May 26 17:34:13 UTC 2026 ===
BTC 5m Bot v3 - ATR+Vol Filter
MIN_PROB=0.87, ATR>0.8x avg, Vol>0.6x avg
Cycle 84/50

============================================================
Cycle #85 | 17:34:13 UTC
[BTC] 1440 candles
[FILTER] ATR=125.39 (avg=160.01, threshold=128.01)
[FILTER] Vol=247.3728 (avg=42.9945, threshold=25.7967)
[BTC] Last streaks: [2, 3, 4, 5, 6]
[MARKOV] Filtered=75 candles, 28 states
[MARKOV] State=3456, last_dir=DOWN, p̂=0.500 (n=0)
[POLY] YES=0.495, NO=0.505
[SIGNAL] DOWN, p̂=0.500, q=0.495, Δ=0.005 → Low ATR (125.39 < 128.01)

✓ #85 p̂=0.500, Signal=False
⏰ Next: 17:35:37
---
=== Tue May 26 17:35:37 UTC 2026 ===
BTC 5m Bot v3 - ATR+Vol Filter
MIN_PROB=0.87, ATR>0.8x avg, Vol>0.6x avg
Cycle 85/50

============================================================
Cycle #86 | 17:35:38 UTC
[BTC] 1440 candles
[FILTER] ATR=119.74 (avg=155.38, threshold=124.30)
[FILTER] Vol=4.2031 (avg=41.4772, threshold=24.8863)
[BTC] Last streaks: [3, 4, 5, 6, 7]
[MARKOV] Filtered=83 candles, 29 states
[MARKOV] State=4567, last_dir=DOWN, p̂=0.500 (n=0)
[POLY] YES=0.505, NO=0.495
[SIGNAL] DOWN, p̂=0.500, q=0.505, Δ=-0.005 → Low ATR (119.74 < 124.30)

✓ #86 p̂=0.500, Signal=False
⏰ Next: 17:37:02
---
=== Tue May 26 17:37:02 UTC 2026 ===
BTC 5m Bot v3 - ATR+Vol Filter
MIN_PROB=0.87, ATR>0.8x avg, Vol>0.6x avg
Cycle 86/50

============================================================
Cycle #87 | 17:37:02 UTC
[BTC] 1440 candles
[FILTER] ATR=127.71 (avg=155.77, threshold=124.62)
[FILTER] Vol=13.1951 (avg=41.9268, threshold=25.1561)
[BTC] Last streaks: [3, 4, 5, 6, 1]
[MARKOV] Filtered=82 candles, 29 states
[MARKOV] State=4561, last_dir=UP, p̂=0.500 (n=0)
[POLY] YES=0.505, NO=0.495
[SIGNAL] UP, p̂=0.500, q=0.495, Δ=0.005 → Low Vol (13.1951 < 25.1561)

✓ #87 p̂=0.500, Signal=False
⏰ Next: 17:38:26
---
=== Tue May 26 17:38:26 UTC 2026 ===
BTC 5m Bot v3 - ATR+Vol Filter
MIN_PROB=0.87, ATR>0.8x avg, Vol>0.6x avg
Cycle 87/50

============================================================
Cycle #88 | 17:38:26 UTC
[BTC] 1440 candles
[FILTER] ATR=129.00 (avg=155.84, threshold=124.67)
[FILTER] Vol=27.1558 (avg=42.6248, threshold=25.5749)
[BTC] Last streaks: [3, 4, 5, 6, 1]
[MARKOV] Filtered=82 candles, 29 states
[MARKOV] State=4561, last_dir=UP, p̂=0.500 (n=0)
[POLY] YES=0.505, NO=0.495
[SIGNAL] UP, p̂=0.500, q=0.495, Δ=0.005 → p̂ 0.500 < 0.87

✓ #88 p̂=0.500, Signal=False
⏰ Next: 17:39:50
---
=== Tue May 26 17:39:50 UTC 2026 ===
BTC 5m Bot v3 - ATR+Vol Filter
MIN_PROB=0.87, ATR>0.8x avg, Vol>0.6x avg
Cycle 88/50

============================================================
Cycle #89 | 17:39:50 UTC
[BTC] 1440 candles
[FILTER] ATR=129.00 (avg=155.84, threshold=124.67)
[FILTER] Vol=37.8097 (avg=43.1575, threshold=25.8945)
[BTC] Last streaks: [3, 4, 5, 6, 1]
[MARKOV] Filtered=79 candles, 28 states
[MARKOV] State=4561, last_dir=UP, p̂=0.500 (n=0)
[POLY] YES=0.505, NO=0.495
[SIGNAL] UP, p̂=0.500, q=0.495, Δ=0.005 → p̂ 0.500 < 0.87

✓ #89 p̂=0.500, Signal=False
⏰ Next: 17:41:14
---
=== Tue May 26 17:41:14 UTC 2026 ===
BTC 5m Bot v3 - ATR+Vol Filter
MIN_PROB=0.87, ATR>0.8x avg, Vol>0.6x avg
Cycle 89/50

============================================================
Cycle #90 | 17:41:15 UTC
[BTC] 1440 candles
[FILTER] ATR=128.29 (avg=152.17, threshold=121.73)
[FILTER] Vol=10.2331 (avg=42.3984, threshold=25.4390)
[BTC] Last streaks: [4, 5, 6, 1, 1]
[MARKOV] Filtered=87 candles, 31 states
[MARKOV] State=5611, last_dir=DOWN, p̂=0.500 (n=0)
[POLY] YES=0.505, NO=0.495
[SIGNAL] DOWN, p̂=0.500, q=0.505, Δ=-0.005 → Low Vol (10.2331 < 25.4390)

✓ #90 p̂=0.500, Signal=False
⏰ Next: 17:42:38
---
=== Tue May 26 17:42:39 UTC 2026 ===
BTC 5m Bot v3 - ATR+Vol Filter
MIN_PROB=0.87, ATR>0.8x avg, Vol>0.6x avg
Cycle 90/50

============================================================
Cycle #91 | 17:42:39 UTC
[BTC] 1440 candles
[FILTER] ATR=128.79 (avg=152.19, threshold=121.75)
[FILTER] Vol=35.0276 (avg=43.6381, threshold=26.1829)
[BTC] Last streaks: [4, 5, 6, 1, 1]
[MARKOV] Filtered=83 candles, 30 states
[MARKOV] State=5611, last_dir=DOWN, p̂=0.500 (n=0)
[POLY] YES=0.505, NO=0.495
[SIGNAL] DOWN, p̂=0.500, q=0.505, Δ=-0.005 → p̂ 0.500 < 0.87

✓ #91 p̂=0.500, Signal=False
⏰ Next: 17:44:03
---
=== Tue May 26 17:44:03 UTC 2026 ===
BTC 5m Bot v3 - ATR+Vol Filter
MIN_PROB=0.87, ATR>0.8x avg, Vol>0.6x avg
Cycle 91/50

============================================================
Cycle #92 | 17:44:03 UTC
[BTC] 1440 candles
[FILTER] ATR=131.79 (avg=152.34, threshold=121.87)
[FILTER] Vol=56.3356 (avg=44.7035, threshold=26.8221)
[BTC] Last streaks: [4, 5, 6, 1, 2]
[MARKOV] Filtered=83 candles, 30 states
[MARKOV] State=5612, last_dir=UP, p̂=0.500 (n=0)
[POLY] YES=0.505, NO=0.495
[SIGNAL] UP, p̂=0.500, q=0.495, Δ=0.005 → p̂ 0.500 < 0.87

✓ #92 p̂=0.500, Signal=False
⏰ Next: 17:45:27
---
=== Tue May 26 17:45:27 UTC 2026 ===
BTC 5m Bot v3 - ATR+Vol Filter
MIN_PROB=0.87, ATR>0.8x avg, Vol>0.6x avg
Cycle 92/50

============================================================
Cycle #93 | 17:45:27 UTC
[BTC] 1440 candles
[FILTER] ATR=126.71 (avg=148.88, threshold=119.10)
[FILTER] Vol=2.3727 (avg=43.2370, threshold=25.9422)
[BTC] Last streaks: [5, 6, 1, 2, 3]
[MARKOV] Filtered=90 candles, 31 states
[MARKOV] State=6123, last_dir=UP, p̂=0.500 (n=0)
[POLY] YES=0.505, NO=0.495
[SIGNAL] UP, p̂=0.500, q=0.495, Δ=0.005 → Low Vol (2.3727 < 25.9422)

✓ #93 p̂=0.500, Signal=False
⏰ Next: 17:46:51
---
=== Tue May 26 17:46:52 UTC 2026 ===
BTC 5m Bot v3 - ATR+Vol Filter
MIN_PROB=0.87, ATR>0.8x avg, Vol>0.6x avg
Cycle 93/50

============================================================
Cycle #94 | 17:46:52 UTC
[BTC] 1440 candles
[FILTER] ATR=128.04 (avg=148.94, threshold=119.16)
[FILTER] Vol=8.0734 (avg=43.5220, threshold=26.1132)
[BTC] Last streaks: [5, 6, 1, 2, 3]
[MARKOV] Filtered=88 candles, 31 states
[MARKOV] State=6123, last_dir=UP, p̂=0.500 (n=0)
[POLY] YES=0.505, NO=0.495
[SIGNAL] UP, p̂=0.500, q=0.495, Δ=0.005 → Low Vol (8.0734 < 26.1132)

✓ #94 p̂=0.500, Signal=False
⏰ Next: 17:48:16
---
=== Tue May 26 17:48:16 UTC 2026 ===
BTC 5m Bot v3 - ATR+Vol Filter
MIN_PROB=0.87, ATR>0.8x avg, Vol>0.6x avg
Cycle 94/50

============================================================
Cycle #95 | 17:48:16 UTC
[BTC] 1440 candles
[FILTER] ATR=129.01 (avg=148.99, threshold=119.19)
[FILTER] Vol=22.3627 (avg=44.2365, threshold=26.5419)
[BTC] Last streaks: [5, 6, 1, 2, 1]
[MARKOV] Filtered=88 candles, 31 states
[MARKOV] State=6121, last_dir=DOWN, p̂=0.500 (n=0)
[POLY] YES=0.505, NO=0.495
[SIGNAL] DOWN, p̂=0.500, q=0.505, Δ=-0.005 → Low Vol (22.3627 < 26.5419)

✓ #95 p̂=0.500, Signal=False
⏰ Next: 17:49:40
---
=== Tue May 26 17:49:40 UTC 2026 ===
BTC 5m Bot v3 - ATR+Vol Filter
MIN_PROB=0.87, ATR>0.8x avg, Vol>0.6x avg
Cycle 95/50

============================================================
Cycle #96 | 17:49:40 UTC
[BTC] 1440 candles
[FILTER] ATR=136.26 (avg=149.36, threshold=119.48)
[FILTER] Vol=36.8074 (avg=44.9587, threshold=26.9752)
[BTC] Last streaks: [5, 6, 1, 2, 3]
[MARKOV] Filtered=86 candles, 31 states
[MARKOV] State=6123, last_dir=UP, p̂=0.500 (n=0)
[POLY] YES=0.505, NO=0.495
[SIGNAL] UP, p̂=0.500, q=0.495, Δ=0.005 → p̂ 0.500 < 0.87

✓ #96 p̂=0.500, Signal=False
⏰ Next: 17:51:04
---
=== Tue May 26 17:51:04 UTC 2026 ===
BTC 5m Bot v3 - ATR+Vol Filter
MIN_PROB=0.87, ATR>0.8x avg, Vol>0.6x avg
Cycle 96/50

============================================================
Cycle #97 | 17:51:04 UTC
[BTC] 1440 candles
[FILTER] ATR=135.45 (avg=146.59, threshold=117.27)
[FILTER] Vol=2.2475 (avg=41.4295, threshold=24.8577)
[BTC] Last streaks: [6, 1, 2, 3, 1]
[MARKOV] Filtered=95 candles, 33 states
[MARKOV] State=1231, last_dir=DOWN, p̂=0.300 (n=10)
[POLY] YES=0.505, NO=0.495
[SIGNAL] DOWN, p̂=0.300, q=0.505, Δ=-0.205 → Low Vol (2.2475 < 24.8577)

✓ #97 p̂=0.300, Signal=False
⏰ Next: 17:52:28
---
=== Tue May 26 17:52:28 UTC 2026 ===
BTC 5m Bot v3 - ATR+Vol Filter
MIN_PROB=0.87, ATR>0.8x avg, Vol>0.6x avg
Cycle 97/50

============================================================
Cycle #98 | 17:52:28 UTC
[BTC] 1440 candles
[FILTER] ATR=135.70 (avg=146.60, threshold=117.28)
[FILTER] Vol=5.5760 (avg=41.5959, threshold=24.9575)
[BTC] Last streaks: [6, 1, 2, 3, 1]
[MARKOV] Filtered=95 candles, 33 states
[MARKOV] State=1231, last_dir=DOWN, p̂=0.300 (n=10)
[POLY] YES=0.505, NO=0.495
[SIGNAL] DOWN, p̂=0.300, q=0.505, Δ=-0.205 → Low Vol (5.5760 < 24.9575)

✓ #98 p̂=0.300, Signal=False
⏰ Next: 17:53:53
---
=== Tue May 26 17:53:53 UTC 2026 ===
BTC 5m Bot v3 - ATR+Vol Filter
MIN_PROB=0.87, ATR>0.8x avg, Vol>0.6x avg
Cycle 98/50

============================================================
Cycle #99 | 17:53:53 UTC
[BTC] 1440 candles
[FILTER] ATR=136.53 (avg=146.64, threshold=117.31)
[FILTER] Vol=8.1462 (avg=41.7244, threshold=25.0346)
[BTC] Last streaks: [6, 1, 2, 3, 1]
[MARKOV] Filtered=95 candles, 33 states
[MARKOV] State=1231, last_dir=DOWN, p̂=0.300 (n=10)
[POLY] YES=0.505, NO=0.495
[SIGNAL] DOWN, p̂=0.300, q=0.505, Δ=-0.205 → Low Vol (8.1462 < 25.0346)

✓ #99 p̂=0.300, Signal=False
⏰ Next: 17:55:17
---
=== Tue May 26 17:55:17 UTC 2026 ===
BTC 5m Bot v3 - ATR+Vol Filter
MIN_PROB=0.87, ATR>0.8x avg, Vol>0.6x avg
Cycle 99/50

============================================================
Cycle #100 | 17:55:17 UTC
[BTC] 1440 candles
[FILTER] ATR=128.17 (avg=143.49, threshold=114.79)
[FILTER] Vol=0.1198 (avg=40.6018, threshold=24.3611)
[BTC] Last streaks: [1, 2, 3, 1, 2]
[MARKOV] Filtered=101 candles, 34 states
[MARKOV] State=2312, last_dir=DOWN, p̂=0.667 (n=6)
[POLY] YES=0.505, NO=0.495
[SIGNAL] DOWN, p̂=0.667, q=0.505, Δ=0.162 → Low Vol (0.1198 < 24.3611)

🌙 NIGHTLY REVIEW after 50 cycles
[REVIEW] max p̂=1.000, avg=0.481, MIN_PROB=0.87

✓ #100 p̂=0.667, Signal=False
⏰ Next: 17:56:42
---
=== Tue May 26 17:56:42 UTC 2026 ===
BTC 5m Bot v3 - ATR+Vol Filter
MIN_PROB=0.87, ATR>0.8x avg, Vol>0.6x avg
Cycle 100/50

============================================================
Cycle #101 | 17:56:42 UTC
[BTC] 1440 candles
[FILTER] ATR=132.46 (avg=143.71, threshold=114.97)
[FILTER] Vol=6.2395 (avg=40.9078, threshold=24.5447)
[BTC] Last streaks: [1, 2, 3, 1, 1]
[MARKOV] Filtered=98 candles, 34 states
[MARKOV] State=2311, last_dir=UP, p̂=0.500 (n=2)
[POLY] YES=0.505, NO=0.495
[SIGNAL] UP, p̂=0.500, q=0.495, Δ=0.005 → Low Vol (6.2395 < 24.5447)

✓ #101 p̂=0.500, Signal=False
⏰ Next: 17:58:06
---
=== Tue May 26 17:58:06 UTC 2026 ===
BTC 5m Bot v3 - ATR+Vol Filter
MIN_PROB=0.87, ATR>0.8x avg, Vol>0.6x avg
Cycle 101/50

============================================================
Cycle #102 | 17:58:06 UTC
[BTC] 1440 candles
[FILTER] ATR=132.46 (avg=143.71, threshold=114.97)
[FILTER] Vol=11.8951 (avg=41.1906, threshold=24.7144)
[BTC] Last streaks: [1, 2, 3, 1, 1]
[MARKOV] Filtered=98 candles, 34 states
[MARKOV] State=2311, last_dir=UP, p̂=0.500 (n=2)
[POLY] YES=0.505, NO=0.495
[SIGNAL] UP, p̂=0.500, q=0.495, Δ=0.005 → Low Vol (11.8951 < 24.7144)

✓ #102 p̂=0.500, Signal=False
⏰ Next: 17:59:30
---
=== Tue May 26 17:59:30 UTC 2026 ===
BTC 5m Bot v3 - ATR+Vol Filter
MIN_PROB=0.87, ATR>0.8x avg, Vol>0.6x avg
Cycle 102/50

============================================================
Cycle #103 | 17:59:30 UTC
[BTC] 1440 candles
[FILTER] ATR=138.06 (avg=143.99, threshold=115.19)
[FILTER] Vol=27.4124 (avg=41.9665, threshold=25.1799)
[BTC] Last streaks: [1, 2, 3, 1, 2]
[MARKOV] Filtered=98 candles, 34 states
[MARKOV] State=2312, last_dir=DOWN, p̂=0.667 (n=6)
[POLY] YES=0.505, NO=0.495
[SIGNAL] DOWN, p̂=0.667, q=0.505, Δ=0.162 → p̂ 0.667 < 0.87

✓ #103 p̂=0.667, Signal=False
⏰ Next: 18:00:54
---
=== Tue May 26 18:00:54 UTC 2026 ===
BTC 5m Bot v3 - ATR+Vol Filter
MIN_PROB=0.87, ATR>0.8x avg, Vol>0.6x avg
Cycle 103/50

============================================================
Cycle #104 | 18:00:54 UTC
[BTC] 1440 candles
[FILTER] ATR=137.20 (avg=141.28, threshold=113.02)
[FILTER] Vol=19.0025 (avg=40.9147, threshold=24.5488)
[BTC] Last streaks: [2, 3, 1, 2, 1]
[MARKOV] Filtered=100 candles, 34 states
[MARKOV] State=3121, last_dir=UP, p̂=1.000 (n=2)
[POLY] YES=0.505, NO=0.495
[SIGNAL] UP, p̂=1.000, q=0.495, Δ=0.505 → Low Vol (19.0025 < 24.5488)

✓ #104 p̂=1.000, Signal=False
⏰ Next: 18:02:18
---
=== Tue May 26 18:02:18 UTC 2026 ===
BTC 5m Bot v3 - ATR+Vol Filter
MIN_PROB=0.87, ATR>0.8x avg, Vol>0.6x avg
Cycle 104/50

============================================================
Cycle #105 | 18:02:19 UTC
[BTC] 1440 candles
[FILTER] ATR=140.39 (avg=141.44, threshold=113.15)
[FILTER] Vol=34.9387 (avg=41.7115, threshold=25.0269)
[BTC] Last streaks: [2, 3, 1, 2, 1]
[MARKOV] Filtered=100 candles, 34 states
[MARKOV] State=3121, last_dir=UP, p̂=1.000 (n=2)
[POLY] YES=0.505, NO=0.495
[SIGNAL] UP, p̂=1.000, q=0.495, Δ=0.505 → OK

✓ #105 p̂=1.000, Signal=True
⏰ Next: 18:03:43
---
=== Tue May 26 18:03:43 UTC 2026 ===
BTC 5m Bot v3 - ATR+Vol Filter
MIN_PROB=0.87, ATR>0.8x avg, Vol>0.6x avg
Cycle 105/50

============================================================
Cycle #106 | 18:03:43 UTC
[BTC] 1440 candles
[FILTER] ATR=140.39 (avg=141.44, threshold=113.15)
[FILTER] Vol=41.1498 (avg=42.0221, threshold=25.2133)
[BTC] Last streaks: [2, 3, 1, 2, 1]
[MARKOV] Filtered=100 candles, 34 states
[MARKOV] State=3121, last_dir=UP, p̂=1.000 (n=2)
[POLY] YES=0.505, NO=0.495
[SIGNAL] UP, p̂=1.000, q=0.495, Δ=0.505 → OK

✓ #106 p̂=1.000, Signal=True
⏰ Next: 18:05:07
---
=== Tue May 26 18:05:07 UTC 2026 ===
BTC 5m Bot v3 - ATR+Vol Filter
MIN_PROB=0.87, ATR>0.8x avg, Vol>0.6x avg
Cycle 106/50

============================================================
Cycle #107 | 18:05:08 UTC
[BTC] 1440 candles
[FILTER] ATR=135.98 (avg=138.77, threshold=111.02)
[FILTER] Vol=0.1987 (avg=40.3242, threshold=24.1945)
[BTC] Last streaks: [3, 1, 2, 1, 2]
[MARKOV] Filtered=105 candles, 34 states
[MARKOV] State=1212, last_dir=UP, p̂=0.800 (n=5)
[POLY] YES=0.505, NO=0.495
[SIGNAL] UP, p̂=0.800, q=0.495, Δ=0.305 → Low Vol (0.1987 < 24.1945)

✓ #107 p̂=0.800, Signal=False
⏰ Next: 18:06:32
---
=== Tue May 26 18:06:32 UTC 2026 ===
BTC 5m Bot v3 - ATR+Vol Filter
MIN_PROB=0.87, ATR>0.8x avg, Vol>0.6x avg
Cycle 107/50

============================================================
Cycle #108 | 18:06:32 UTC
[BTC] 1440 candles
[FILTER] ATR=139.61 (avg=138.95, threshold=111.16)
[FILTER] Vol=3.2419 (avg=40.4764, threshold=24.2858)
[BTC] Last streaks: [3, 1, 2, 1, 1]
[MARKOV] Filtered=104 candles, 34 states
[MARKOV] State=1211, last_dir=DOWN, p̂=0.400 (n=5)
[POLY] YES=0.505, NO=0.495
[SIGNAL] DOWN, p̂=0.400, q=0.505, Δ=-0.105 → Low Vol (3.2419 < 24.2858)

✓ #108 p̂=0.400, Signal=False
⏰ Next: 18:07:56
---
=== Tue May 26 18:07:56 UTC 2026 ===
BTC 5m Bot v3 - ATR+Vol Filter
MIN_PROB=0.87, ATR>0.8x avg, Vol>0.6x avg
Cycle 108/50

============================================================
Cycle #109 | 18:07:56 UTC
[BTC] 1440 candles
[FILTER] ATR=139.61 (avg=138.95, threshold=111.16)
[FILTER] Vol=4.1435 (avg=40.5215, threshold=24.3129)
[BTC] Last streaks: [3, 1, 2, 1, 1]
[MARKOV] Filtered=104 candles, 34 states
[MARKOV] State=1211, last_dir=DOWN, p̂=0.400 (n=5)
[POLY] YES=0.505, NO=0.495
[SIGNAL] DOWN, p̂=0.400, q=0.505, Δ=-0.105 → Low Vol (4.1435 < 24.3129)

✓ #109 p̂=0.400, Signal=False
⏰ Next: 18:09:20
---
=== Tue May 26 18:09:20 UTC 2026 ===
BTC 5m Bot v3 - ATR+Vol Filter
MIN_PROB=0.87, ATR>0.8x avg, Vol>0.6x avg
Cycle 109/50

============================================================
Cycle #110 | 18:09:21 UTC
[BTC] 1440 candles
[FILTER] ATR=142.45 (avg=139.10, threshold=111.28)
[FILTER] Vol=8.1795 (avg=40.7233, threshold=24.4340)
[BTC] Last streaks: [3, 1, 2, 1, 2]
[MARKOV] Filtered=104 candles, 34 states
[MARKOV] State=1212, last_dir=UP, p̂=0.800 (n=5)
[POLY] YES=0.505, NO=0.495
[SIGNAL] UP, p̂=0.800, q=0.495, Δ=0.305 → Low Vol (8.1795 < 24.4340)

✓ #110 p̂=0.800, Signal=False
⏰ Next: 18:10:44
---
=== Tue May 26 18:10:45 UTC 2026 ===
BTC 5m Bot v3 - ATR+Vol Filter
MIN_PROB=0.87, ATR>0.8x avg, Vol>0.6x avg
Cycle 110/50

============================================================
Cycle #111 | 18:10:45 UTC
[BTC] 1440 candles
[FILTER] ATR=138.36 (avg=137.25, threshold=109.80)
[FILTER] Vol=1.0071 (avg=39.4774, threshold=23.6865)
[BTC] Last streaks: [1, 2, 1, 2, 1]
[MARKOV] Filtered=110 candles, 34 states
[MARKOV] State=2121, last_dir=DOWN, p̂=0.200 (n=5)
[POLY] YES=0.505, NO=0.495
[SIGNAL] DOWN, p̂=0.200, q=0.505, Δ=-0.305 → Low Vol (1.0071 < 23.6865)

✓ #111 p̂=0.200, Signal=False
⏰ Next: 18:12:09
---
=== Tue May 26 18:12:09 UTC 2026 ===
BTC 5m Bot v3 - ATR+Vol Filter
MIN_PROB=0.87, ATR>0.8x avg, Vol>0.6x avg
Cycle 111/50

============================================================
Cycle #112 | 18:12:09 UTC
[BTC] 1440 candles
[FILTER] ATR=140.62 (avg=137.36, threshold=109.89)
[FILTER] Vol=5.8905 (avg=39.7216, threshold=23.8330)
[BTC] Last streaks: [1, 2, 1, 2, 1]
[MARKOV] Filtered=110 candles, 34 states
[MARKOV] State=2121, last_dir=DOWN, p̂=0.200 (n=5)
[POLY] YES=0.505, NO=0.495
[SIGNAL] DOWN, p̂=0.200, q=0.505, Δ=-0.305 → Low Vol (5.8905 < 23.8330)

✓ #112 p̂=0.200, Signal=False
⏰ Next: 18:13:33
---
=== Tue May 26 18:13:33 UTC 2026 ===
BTC 5m Bot v3 - ATR+Vol Filter
MIN_PROB=0.87, ATR>0.8x avg, Vol>0.6x avg
Cycle 112/50

============================================================
Cycle #113 | 18:13:33 UTC
[BTC] 1440 candles
[FILTER] ATR=140.99 (avg=137.38, threshold=109.90)
[FILTER] Vol=8.2342 (avg=39.8388, threshold=23.9033)
[BTC] Last streaks: [1, 2, 1, 2, 1]
[MARKOV] Filtered=108 candles, 34 states
[MARKOV] State=2121, last_dir=DOWN, p̂=0.200 (n=5)
[POLY] YES=0.505, NO=0.495
[SIGNAL] DOWN, p̂=0.200, q=0.505, Δ=-0.305 → Low Vol (8.2342 < 23.9033)

✓ #113 p̂=0.200, Signal=False
⏰ Next: 18:14:57
---
=== Tue May 26 18:14:57 UTC 2026 ===
BTC 5m Bot v3 - ATR+Vol Filter
MIN_PROB=0.87, ATR>0.8x avg, Vol>0.6x avg
Cycle 113/50

============================================================
Cycle #114 | 18:14:57 UTC
[BTC] 1440 candles
[FILTER] ATR=142.94 (avg=137.48, threshold=109.98)
[FILTER] Vol=14.6877 (avg=40.1615, threshold=24.0969)
[BTC] Last streaks: [1, 2, 1, 2, 3]
[MARKOV] Filtered=108 candles, 34 states
[MARKOV] State=2123, last_dir=UP, p̂=0.333 (n=3)
[POLY] YES=0.505, NO=0.495
[SIGNAL] UP, p̂=0.333, q=0.495, Δ=-0.162 → Low Vol (14.6877 < 24.0969)

✓ #114 p̂=0.333, Signal=False
⏰ Next: 18:16:21
---
=== Tue May 26 18:16:22 UTC 2026 ===
BTC 5m Bot v3 - ATR+Vol Filter
MIN_PROB=0.87, ATR>0.8x avg, Vol>0.6x avg
Cycle 114/50

============================================================
Cycle #115 | 18:16:22 UTC
[BTC] 1440 candles
[FILTER] ATR=135.68 (avg=135.54, threshold=108.43)
[FILTER] Vol=4.5231 (avg=39.0983, threshold=23.4590)
[BTC] Last streaks: [2, 1, 2, 3, 4]
[MARKOV] Filtered=115 candles, 36 states
[MARKOV] State=1234, last_dir=UP, p̂=0.444 (n=9)
[POLY] YES=0.505, NO=0.495
[SIGNAL] UP, p̂=0.444, q=0.495, Δ=-0.051 → Low Vol (4.5231 < 23.4590)

✓ #115 p̂=0.444, Signal=False
⏰ Next: 18:17:46
---
=== Tue May 26 18:17:46 UTC 2026 ===
BTC 5m Bot v3 - ATR+Vol Filter
MIN_PROB=0.87, ATR>0.8x avg, Vol>0.6x avg
Cycle 115/50

============================================================
Cycle #116 | 18:17:46 UTC
[BTC] 1440 candles
[FILTER] ATR=138.94 (avg=135.70, threshold=108.56)
[FILTER] Vol=11.2261 (avg=39.4334, threshold=23.6600)
[BTC] Last streaks: [2, 1, 2, 3, 4]
[MARKOV] Filtered=115 candles, 36 states
[MARKOV] State=1234, last_dir=UP, p̂=0.444 (n=9)
[POLY] YES=0.505, NO=0.495
[SIGNAL] UP, p̂=0.444, q=0.495, Δ=-0.051 → Low Vol (11.2261 < 23.6600)

✓ #116 p̂=0.444, Signal=False
⏰ Next: 18:19:10
---
=== Tue May 26 18:19:10 UTC 2026 ===
BTC 5m Bot v3 - ATR+Vol Filter
MIN_PROB=0.87, ATR>0.8x avg, Vol>0.6x avg
Cycle 116/50

============================================================
Cycle #117 | 18:19:10 UTC
[BTC] 1440 candles
[FILTER] ATR=142.08 (avg=135.86, threshold=108.68)
[FILTER] Vol=17.7337 (avg=39.7588, threshold=23.8553)
[BTC] Last streaks: [2, 1, 2, 3, 4]
[MARKOV] Filtered=113 candles, 36 states
[MARKOV] State=1234, last_dir=UP, p̂=0.444 (n=9)
[POLY] YES=0.505, NO=0.495
[SIGNAL] UP, p̂=0.444, q=0.495, Δ=-0.051 → Low Vol (17.7337 < 23.8553)

✓ #117 p̂=0.444, Signal=False
⏰ Next: 18:20:34
---
=== Tue May 26 18:20:35 UTC 2026 ===
BTC 5m Bot v3 - ATR+Vol Filter
MIN_PROB=0.87, ATR>0.8x avg, Vol>0.6x avg
Cycle 117/50

============================================================
Cycle #118 | 18:20:35 UTC
[BTC] 1440 candles
[FILTER] ATR=139.79 (avg=135.17, threshold=108.13)
[FILTER] Vol=0.9623 (avg=39.5215, threshold=23.7129)
[BTC] Last streaks: [1, 2, 3, 4, 5]
[MARKOV] Filtered=117 candles, 36 states
[MARKOV] State=2345, last_dir=UP, p̂=0.667 (n=3)
[POLY] YES=0.505, NO=0.495
[SIGNAL] UP, p̂=0.667, q=0.495, Δ=0.172 → Low Vol (0.9623 < 23.7129)

✓ #118 p̂=0.667, Signal=False
⏰ Next: 18:21:59
---
=== Tue May 26 18:21:59 UTC 2026 ===
BTC 5m Bot v3 - ATR+Vol Filter
MIN_PROB=0.87, ATR>0.8x avg, Vol>0.6x avg
Cycle 118/50

============================================================
Cycle #119 | 18:21:59 UTC
[BTC] 1440 candles
[FILTER] ATR=146.45 (avg=135.50, threshold=108.40)
[FILTER] Vol=14.3073 (avg=40.1888, threshold=24.1133)
[BTC] Last streaks: [1, 2, 3, 4, 5]
[MARKOV] Filtered=114 candles, 36 states
[MARKOV] State=2345, last_dir=UP, p̂=0.667 (n=3)
[POLY] YES=0.505, NO=0.495
[SIGNAL] UP, p̂=0.667, q=0.495, Δ=0.172 → Low Vol (14.3073 < 24.1133)

✓ #119 p̂=0.667, Signal=False
⏰ Next: 18:23:23
---
=== Tue May 26 18:23:23 UTC 2026 ===
BTC 5m Bot v3 - ATR+Vol Filter
MIN_PROB=0.87, ATR>0.8x avg, Vol>0.6x avg
Cycle 119/50

============================================================
Cycle #120 | 18:23:23 UTC
[BTC] 1440 candles
[FILTER] ATR=150.09 (avg=135.68, threshold=108.54)
[FILTER] Vol=39.0043 (avg=41.4236, threshold=24.8542)
[BTC] Last streaks: [1, 2, 3, 4, 5]
[MARKOV] Filtered=108 candles, 36 states
[MARKOV] State=2345, last_dir=UP, p̂=0.500 (n=2)
[POLY] YES=0.505, NO=0.495
[SIGNAL] UP, p̂=0.500, q=0.495, Δ=0.005 → p̂ 0.500 < 0.87

✓ #120 p̂=0.500, Signal=False
⏰ Next: 18:24:47
---
=== Tue May 26 18:24:47 UTC 2026 ===
BTC 5m Bot v3 - ATR+Vol Filter
MIN_PROB=0.87, ATR>0.8x avg, Vol>0.6x avg
Cycle 120/50

============================================================
Cycle #121 | 18:24:48 UTC
[BTC] 1440 candles
[FILTER] ATR=150.09 (avg=135.68, threshold=108.54)
[FILTER] Vol=45.9982 (avg=41.7733, threshold=25.0640)
[BTC] Last streaks: [1, 2, 3, 4, 5]
[MARKOV] Filtered=107 candles, 36 states
[MARKOV] State=2345, last_dir=UP, p̂=0.500 (n=2)
[POLY] YES=0.505, NO=0.495
[SIGNAL] UP, p̂=0.500, q=0.495, Δ=0.005 → p̂ 0.500 < 0.87

✓ #121 p̂=0.500, Signal=False
⏰ Next: 18:26:12
---
=== Tue May 26 18:26:12 UTC 2026 ===
BTC 5m Bot v3 - ATR+Vol Filter
MIN_PROB=0.87, ATR>0.8x avg, Vol>0.6x avg
Cycle 121/50

============================================================
Cycle #122 | 18:26:12 UTC
[BTC] 1440 candles
[FILTER] ATR=140.02 (avg=134.89, threshold=107.91)
[FILTER] Vol=2.8821 (avg=41.1635, threshold=24.6981)
[BTC] Last streaks: [2, 3, 4, 5, 1]
[MARKOV] Filtered=110 candles, 36 states
[MARKOV] State=3451, last_dir=DOWN, p̂=0.000 (n=1)
[POLY] YES=0.505, NO=0.495
[SIGNAL] DOWN, p̂=0.000, q=0.505, Δ=-0.505 → Low Vol (2.8821 < 24.6981)

✓ #122 p̂=0.000, Signal=False
⏰ Next: 18:27:36
---
=== Tue May 26 18:27:36 UTC 2026 ===
BTC 5m Bot v3 - ATR+Vol Filter
MIN_PROB=0.87, ATR>0.8x avg, Vol>0.6x avg
Cycle 122/50

============================================================
Cycle #123 | 18:27:36 UTC
[BTC] 1440 candles
[FILTER] ATR=144.38 (avg=135.11, threshold=108.09)
[FILTER] Vol=7.2581 (avg=41.3823, threshold=24.8294)
[BTC] Last streaks: [2, 3, 4, 5, 1]
[MARKOV] Filtered=110 candles, 36 states
[MARKOV] State=3451, last_dir=DOWN, p̂=0.000 (n=1)
[POLY] YES=0.505, NO=0.495
[SIGNAL] DOWN, p̂=0.000, q=0.505, Δ=-0.505 → Low Vol (7.2581 < 24.8294)

✓ #123 p̂=0.000, Signal=False
⏰ Next: 18:29:00
---
=== Tue May 26 18:29:00 UTC 2026 ===
BTC 5m Bot v3 - ATR+Vol Filter
MIN_PROB=0.87, ATR>0.8x avg, Vol>0.6x avg
Cycle 123/50

============================================================
Cycle #124 | 18:29:00 UTC
[BTC] 1440 candles
[FILTER] ATR=150.91 (avg=135.44, threshold=108.35)
[FILTER] Vol=12.3420 (avg=41.6364, threshold=24.9819)
[BTC] Last streaks: [2, 3, 4, 5, 1]
[MARKOV] Filtered=110 candles, 36 states
[MARKOV] State=3451, last_dir=DOWN, p̂=0.000 (n=1)
[POLY] YES=0.505, NO=0.495
[SIGNAL] DOWN, p̂=0.000, q=0.505, Δ=-0.505 → Low Vol (12.3420 < 24.9819)

✓ #124 p̂=0.000, Signal=False
⏰ Next: 18:30:24
---
=== Tue May 26 18:30:24 UTC 2026 ===
BTC 5m Bot v3 - ATR+Vol Filter
MIN_PROB=0.87, ATR>0.8x avg, Vol>0.6x avg
Cycle 124/50

============================================================
Cycle #125 | 18:30:25 UTC
[BTC] 1440 candles
[FILTER] ATR=142.98 (avg=135.28, threshold=108.22)
[FILTER] Vol=0.9874 (avg=40.7781, threshold=24.4669)
[BTC] Last streaks: [3, 4, 5, 1, 2]
[MARKOV] Filtered=113 candles, 36 states
[MARKOV] State=4512, last_dir=DOWN, p̂=0.000 (n=2)
[POLY] YES=0.505, NO=0.495
[SIGNAL] DOWN, p̂=0.000, q=0.505, Δ=-0.505 → Low Vol (0.9874 < 24.4669)

✓ #125 p̂=0.000, Signal=False
⏰ Next: 18:31:48
---
=== Tue May 26 18:31:49 UTC 2026 ===
BTC 5m Bot v3 - ATR+Vol Filter
MIN_PROB=0.87, ATR>0.8x avg, Vol>0.6x avg
Cycle 125/50

============================================================
Cycle #126 | 18:31:49 UTC
[BTC] 1440 candles
[FILTER] ATR=145.09 (avg=135.38, threshold=108.31)
[FILTER] Vol=6.3164 (avg=41.0446, threshold=24.6267)
[BTC] Last streaks: [3, 4, 5, 1, 1]
[MARKOV] Filtered=110 candles, 36 states
[MARKOV] State=4511, last_dir=UP, p̂=0.000 (n=1)
[POLY] YES=0.505, NO=0.495
[SIGNAL] UP, p̂=0.000, q=0.495, Δ=-0.495 → Low Vol (6.3164 < 24.6267)

✓ #126 p̂=0.000, Signal=False
⏰ Next: 18:33:13
---
=== Tue May 26 18:33:13 UTC 2026 ===
BTC 5m Bot v3 - ATR+Vol Filter
MIN_PROB=0.87, ATR>0.8x avg, Vol>0.6x avg
Cycle 126/50

============================================================
Cycle #127 | 18:33:13 UTC
[BTC] 1440 candles
[FILTER] ATR=145.09 (avg=135.38, threshold=108.31)
[FILTER] Vol=7.4934 (avg=41.1034, threshold=24.6620)
[BTC] Last streaks: [3, 4, 5, 1, 2]
[MARKOV] Filtered=110 candles, 36 states
[MARKOV] State=4512, last_dir=DOWN, p̂=0.000 (n=2)
[POLY] YES=0.505, NO=0.495
[SIGNAL] DOWN, p̂=0.000, q=0.505, Δ=-0.505 → Low Vol (7.4934 < 24.6620)

✓ #127 p̂=0.000, Signal=False
⏰ Next: 18:34:37
---
=== Tue May 26 18:34:37 UTC 2026 ===
BTC 5m Bot v3 - ATR+Vol Filter
MIN_PROB=0.87, ATR>0.8x avg, Vol>0.6x avg
Cycle 127/50

============================================================
Cycle #128 | 18:34:38 UTC
[BTC] 1440 candles
[FILTER] ATR=146.80 (avg=135.47, threshold=108.38)
[FILTER] Vol=12.6645 (avg=41.3620, threshold=24.8172)
[BTC] Last streaks: [3, 4, 5, 1, 1]
[MARKOV] Filtered=110 candles, 36 states
[MARKOV] State=4511, last_dir=UP, p̂=0.000 (n=1)
[POLY] YES=0.505, NO=0.495
[SIGNAL] UP, p̂=0.000, q=0.495, Δ=-0.495 → Low Vol (12.6645 < 24.8172)

✓ #128 p̂=0.000, Signal=False
⏰ Next: 18:36:02
---
=== Tue May 26 18:36:02 UTC 2026 ===
BTC 5m Bot v3 - ATR+Vol Filter
MIN_PROB=0.87, ATR>0.8x avg, Vol>0.6x avg
Cycle 128/50

============================================================
Cycle #129 | 18:36:02 UTC
[BTC] 1440 candles
[FILTER] ATR=138.94 (avg=135.30, threshold=108.24)
[FILTER] Vol=1.6667 (avg=40.7788, threshold=24.4673)
[BTC] Last streaks: [4, 5, 1, 1, 1]
[MARKOV] Filtered=113 candles, 36 states
[MARKOV] State=5111, last_dir=DOWN, p̂=0.000 (n=1)
[POLY] YES=0.505, NO=0.495
[SIGNAL] DOWN, p̂=0.000, q=0.505, Δ=-0.505 → Low Vol (1.6667 < 24.4673)

✓ #129 p̂=0.000, Signal=False
⏰ Next: 18:37:26
---
=== Tue May 26 18:37:26 UTC 2026 ===
BTC 5m Bot v3 - ATR+Vol Filter
MIN_PROB=0.87, ATR>0.8x avg, Vol>0.6x avg
Cycle 129/50

============================================================
Cycle #130 | 18:37:26 UTC
[BTC] 1440 candles
[FILTER] ATR=142.64 (avg=135.49, threshold=108.39)
[FILTER] Vol=6.8173 (avg=41.0363, threshold=24.6218)
[BTC] Last streaks: [4, 5, 1, 1, 1]
[MARKOV] Filtered=110 candles, 36 states
[MARKOV] State=5111, last_dir=DOWN, p̂=0.000 (n=1)
[POLY] YES=0.505, NO=0.495
[SIGNAL] DOWN, p̂=0.000, q=0.505, Δ=-0.505 → Low Vol (6.8173 < 24.6218)

✓ #130 p̂=0.000, Signal=False
⏰ Next: 18:38:50
---
=== Tue May 26 18:38:50 UTC 2026 ===
BTC 5m Bot v3 - ATR+Vol Filter
MIN_PROB=0.87, ATR>0.8x avg, Vol>0.6x avg
Cycle 130/50

============================================================
Cycle #131 | 18:38:50 UTC
[BTC] 1440 candles
[FILTER] ATR=143.30 (avg=135.52, threshold=108.41)
[FILTER] Vol=8.5468 (avg=41.1228, threshold=24.6737)
[BTC] Last streaks: [4, 5, 1, 1, 1]
[MARKOV] Filtered=109 candles, 36 states
[MARKOV] State=5111, last_dir=DOWN, p̂=0.000 (n=1)
[POLY] YES=0.505, NO=0.495
[SIGNAL] DOWN, p̂=0.000, q=0.505, Δ=-0.505 → Low Vol (8.5468 < 24.6737)

✓ #131 p̂=0.000, Signal=False
⏰ Next: 18:40:14
---
=== Tue May 26 18:40:14 UTC 2026 ===
BTC 5m Bot v3 - ATR+Vol Filter
MIN_PROB=0.87, ATR>0.8x avg, Vol>0.6x avg
Cycle 131/50

============================================================
Cycle #132 | 18:40:15 UTC
[BTC] 1440 candles
[FILTER] ATR=129.70 (avg=135.24, threshold=108.19)
[FILTER] Vol=1.5208 (avg=40.5712, threshold=24.3427)
[BTC] Last streaks: [5, 1, 1, 1, 2]
[MARKOV] Filtered=113 candles, 36 states
[MARKOV] State=1112, last_dir=DOWN, p̂=0.600 (n=5)
[POLY] YES=0.505, NO=0.495
[SIGNAL] DOWN, p̂=0.600, q=0.505, Δ=0.095 → Low Vol (1.5208 < 24.3427)

✓ #132 p̂=0.600, Signal=False
⏰ Next: 18:41:38
---
=== Tue May 26 18:41:39 UTC 2026 ===
BTC 5m Bot v3 - ATR+Vol Filter
MIN_PROB=0.87, ATR>0.8x avg, Vol>0.6x avg
Cycle 132/50

============================================================
Cycle #133 | 18:41:39 UTC
[BTC] 1440 candles
[FILTER] ATR=133.89 (avg=135.45, threshold=108.36)
[FILTER] Vol=12.4411 (avg=41.1172, threshold=24.6703)
[BTC] Last streaks: [5, 1, 1, 1, 2]
[MARKOV] Filtered=109 candles, 36 states
[MARKOV] State=1112, last_dir=DOWN, p̂=0.600 (n=5)
[POLY] YES=0.505, NO=0.495
[SIGNAL] DOWN, p̂=0.600, q=0.505, Δ=0.095 → Low Vol (12.4411 < 24.6703)

✓ #133 p̂=0.600, Signal=False
⏰ Next: 18:43:03
---
=== Tue May 26 18:43:03 UTC 2026 ===
BTC 5m Bot v3 - ATR+Vol Filter
MIN_PROB=0.87, ATR>0.8x avg, Vol>0.6x avg
Cycle 133/50

============================================================
Cycle #134 | 18:43:03 UTC
[BTC] 1440 candles
[FILTER] ATR=135.56 (avg=135.53, threshold=108.42)
[FILTER] Vol=16.1807 (avg=41.3042, threshold=24.7825)
[BTC] Last streaks: [5, 1, 1, 1, 2]
[MARKOV] Filtered=108 candles, 36 states
[MARKOV] State=1112, last_dir=DOWN, p̂=0.600 (n=5)
[POLY] YES=0.505, NO=0.495
[SIGNAL] DOWN, p̂=0.600, q=0.505, Δ=0.095 → Low Vol (16.1807 < 24.7825)

✓ #134 p̂=0.600, Signal=False
⏰ Next: 18:44:27
---
=== Tue May 26 18:44:27 UTC 2026 ===
BTC 5m Bot v3 - ATR+Vol Filter
MIN_PROB=0.87, ATR>0.8x avg, Vol>0.6x avg
Cycle 134/50

============================================================
Cycle #135 | 18:44:27 UTC
[BTC] 1440 candles
[FILTER] ATR=141.56 (avg=135.83, threshold=108.66)
[FILTER] Vol=23.5707 (avg=41.6737, threshold=25.0042)
[BTC] Last streaks: [5, 1, 1, 1, 2]
[MARKOV] Filtered=108 candles, 36 states
[MARKOV] State=1112, last_dir=DOWN, p̂=0.600 (n=5)
[POLY] YES=0.505, NO=0.495
[SIGNAL] DOWN, p̂=0.600, q=0.505, Δ=0.095 → Low Vol (23.5707 < 25.0042)

✓ #135 p̂=0.600, Signal=False
⏰ Next: 18:45:51
---
=== Tue May 26 18:45:51 UTC 2026 ===
BTC 5m Bot v3 - ATR+Vol Filter
MIN_PROB=0.87, ATR>0.8x avg, Vol>0.6x avg
Cycle 135/50

============================================================
Cycle #136 | 18:45:52 UTC
[BTC] 1440 candles
[FILTER] ATR=133.69 (avg=136.29, threshold=109.03)
[FILTER] Vol=3.0014 (avg=41.1437, threshold=24.6862)
[BTC] Last streaks: [1, 1, 1, 2, 1]
[MARKOV] Filtered=106 candles, 36 states
[MARKOV] State=1121, last_dir=UP, p̂=0.667 (n=6)
[POLY] YES=0.505, NO=0.495
[SIGNAL] UP, p̂=0.667, q=0.495, Δ=0.172 → Low Vol (3.0014 < 24.6862)

✓ #136 p̂=0.667, Signal=False
⏰ Next: 18:47:16
---
=== Tue May 26 18:47:16 UTC 2026 ===
BTC 5m Bot v3 - ATR+Vol Filter
MIN_PROB=0.87, ATR>0.8x avg, Vol>0.6x avg
Cycle 136/50

============================================================
Cycle #137 | 18:47:16 UTC
[BTC] 1440 candles
[FILTER] ATR=135.63 (avg=136.39, threshold=109.11)
[FILTER] Vol=5.1274 (avg=41.2500, threshold=24.7500)
[BTC] Last streaks: [1, 1, 1, 2, 1]
[MARKOV] Filtered=106 candles, 36 states
[MARKOV] State=1121, last_dir=UP, p̂=0.667 (n=6)
[POLY] YES=0.505, NO=0.495
[SIGNAL] UP, p̂=0.667, q=0.495, Δ=0.172 → Low Vol (5.1274 < 24.7500)

✓ #137 p̂=0.667, Signal=False
⏰ Next: 18:48:40
---
=== Tue May 26 18:48:40 UTC 2026 ===
BTC 5m Bot v3 - ATR+Vol Filter
MIN_PROB=0.87, ATR>0.8x avg, Vol>0.6x avg
Cycle 137/50

============================================================
Cycle #138 | 18:48:40 UTC
[BTC] 1440 candles
[FILTER] ATR=138.54 (avg=136.54, threshold=109.23)
[FILTER] Vol=8.4514 (avg=41.4162, threshold=24.8497)
[BTC] Last streaks: [1, 1, 1, 2, 1]
[MARKOV] Filtered=105 candles, 36 states
[MARKOV] State=1121, last_dir=UP, p̂=0.667 (n=6)
[POLY] YES=0.505, NO=0.495
[SIGNAL] UP, p̂=0.667, q=0.495, Δ=0.172 → Low Vol (8.4514 < 24.8497)

✓ #138 p̂=0.667, Signal=False
⏰ Next: 18:50:04
---
=== Tue May 26 18:50:04 UTC 2026 ===
BTC 5m Bot v3 - ATR+Vol Filter
MIN_PROB=0.87, ATR>0.8x avg, Vol>0.6x avg
Cycle 138/50

============================================================
Cycle #139 | 18:50:04 UTC
[BTC] 1440 candles
[FILTER] ATR=127.11 (avg=136.78, threshold=109.42)
[FILTER] Vol=0.0088 (avg=39.6095, threshold=23.7657)
[BTC] Last streaks: [1, 1, 2, 1, 1]
[MARKOV] Filtered=112 candles, 35 states
[MARKOV] State=1211, last_dir=DOWN, p̂=0.500 (n=4)
[POLY] YES=0.505, NO=0.495
[SIGNAL] DOWN, p̂=0.500, q=0.505, Δ=-0.005 → Low Vol (0.0088 < 23.7657)

✓ #139 p̂=0.500, Signal=False
⏰ Next: 18:51:28
---
=== Tue May 26 18:51:28 UTC 2026 ===
BTC 5m Bot v3 - ATR+Vol Filter
MIN_PROB=0.87, ATR>0.8x avg, Vol>0.6x avg
Cycle 139/50

============================================================
Cycle #140 | 18:51:28 UTC
[BTC] 1440 candles
[FILTER] ATR=127.79 (avg=136.81, threshold=109.45)
[FILTER] Vol=1.4891 (avg=39.6836, threshold=23.8101)
[BTC] Last streaks: [1, 1, 2, 1, 1]
[MARKOV] Filtered=112 candles, 35 states
[MARKOV] State=1211, last_dir=DOWN, p̂=0.500 (n=4)
[POLY] YES=0.505, NO=0.495
[SIGNAL] DOWN, p̂=0.500, q=0.505, Δ=-0.005 → Low Vol (1.4891 < 23.8101)

✓ #140 p̂=0.500, Signal=False
⏰ Next: 18:52:53
---
=== Tue May 26 18:52:53 UTC 2026 ===
BTC 5m Bot v3 - ATR+Vol Filter
MIN_PROB=0.87, ATR>0.8x avg, Vol>0.6x avg
Cycle 140/50

============================================================
Cycle #141 | 18:52:53 UTC
[BTC] 1440 candles
[FILTER] ATR=130.46 (avg=136.94, threshold=109.56)
[FILTER] Vol=3.8819 (avg=39.8032, threshold=23.8819)
[BTC] Last streaks: [1, 1, 2, 1, 2]
[MARKOV] Filtered=110 candles, 35 states
[MARKOV] State=1212, last_dir=UP, p̂=0.800 (n=5)
[POLY] YES=0.505, NO=0.495
[SIGNAL] UP, p̂=0.800, q=0.495, Δ=0.305 → Low Vol (3.8819 < 23.8819)

✓ #141 p̂=0.800, Signal=False
⏰ Next: 18:54:17
---
=== Tue May 26 18:54:17 UTC 2026 ===
BTC 5m Bot v3 - ATR+Vol Filter
MIN_PROB=0.87, ATR>0.8x avg, Vol>0.6x avg
Cycle 141/50

============================================================
Cycle #142 | 18:54:17 UTC
[BTC] 1440 candles
[FILTER] ATR=130.46 (avg=136.94, threshold=109.56)
[FILTER] Vol=4.7755 (avg=39.8479, threshold=23.9087)
[BTC] Last streaks: [1, 1, 2, 1, 2]
[MARKOV] Filtered=110 candles, 35 states
[MARKOV] State=1212, last_dir=UP, p̂=0.800 (n=5)
[POLY] YES=0.505, NO=0.495
[SIGNAL] UP, p̂=0.800, q=0.495, Δ=0.305 → Low Vol (4.7755 < 23.9087)

✓ #142 p̂=0.800, Signal=False
⏰ Next: 18:55:41
---
=== Tue May 26 18:55:41 UTC 2026 ===
BTC 5m Bot v3 - ATR+Vol Filter
MIN_PROB=0.87, ATR>0.8x avg, Vol>0.6x avg
Cycle 142/50

============================================================
Cycle #143 | 18:55:42 UTC
[BTC] 1440 candles
[FILTER] ATR=120.56 (avg=136.59, threshold=109.27)
[FILTER] Vol=1.9993 (avg=38.6022, threshold=23.1613)
[BTC] Last streaks: [1, 2, 1, 1, 1]
[MARKOV] Filtered=115 candles, 36 states
[MARKOV] State=2111, last_dir=UP, p̂=0.250 (n=4)
[POLY] YES=0.505, NO=0.495
[SIGNAL] UP, p̂=0.250, q=0.495, Δ=-0.245 → Low Vol (1.9993 < 23.1613)

✓ #143 p̂=0.250, Signal=False
⏰ Next: 18:57:05
---
=== Tue May 26 18:57:06 UTC 2026 ===
BTC 5m Bot v3 - ATR+Vol Filter
MIN_PROB=0.87, ATR>0.8x avg, Vol>0.6x avg
Cycle 143/50

============================================================
Cycle #144 | 18:57:06 UTC
[BTC] 1440 candles
[FILTER] ATR=120.87 (avg=136.61, threshold=109.29)
[FILTER] Vol=17.7022 (avg=39.3874, threshold=23.6324)
[BTC] Last streaks: [1, 2, 1, 1, 2]
[MARKOV] Filtered=113 candles, 36 states
[MARKOV] State=2112, last_dir=DOWN, p̂=0.667 (n=3)
[POLY] YES=0.505, NO=0.495
[SIGNAL] DOWN, p̂=0.667, q=0.505, Δ=0.162 → Low Vol (17.7022 < 23.6324)

✓ #144 p̂=0.667, Signal=False
⏰ Next: 18:58:32
---
=== Tue May 26 18:58:32 UTC 2026 ===
BTC 5m Bot v3 - ATR+Vol Filter
MIN_PROB=0.87, ATR>0.8x avg, Vol>0.6x avg
Cycle 144/50

============================================================
Cycle #145 | 18:58:32 UTC
[BTC] 1440 candles
[FILTER] ATR=131.77 (avg=137.15, threshold=109.72)
[FILTER] Vol=58.9296 (avg=41.4487, threshold=24.8692)
[BTC] Last streaks: [1, 2, 1, 1, 2]
[MARKOV] Filtered=104 candles, 35 states
[MARKOV] State=2112, last_dir=DOWN, p̂=0.667 (n=3)
[POLY] YES=0.505, NO=0.495
[SIGNAL] DOWN, p̂=0.667, q=0.505, Δ=0.162 → p̂ 0.667 < 0.87

✓ #145 p̂=0.667, Signal=False
⏰ Next: 18:59:56
---
=== Tue May 26 18:59:56 UTC 2026 ===
BTC 5m Bot v3 - ATR+Vol Filter
MIN_PROB=0.87, ATR>0.8x avg, Vol>0.6x avg
Cycle 145/50

============================================================
Cycle #146 | 18:59:56 UTC
[BTC] 1440 candles
[FILTER] ATR=131.77 (avg=137.15, threshold=109.72)
[FILTER] Vol=69.6942 (avg=41.9870, threshold=25.1922)
[BTC] Last streaks: [1, 2, 1, 1, 2]
[MARKOV] Filtered=103 candles, 35 states
[MARKOV] State=2112, last_dir=DOWN, p̂=0.667 (n=3)
[POLY] YES=0.505, NO=0.495
[SIGNAL] DOWN, p̂=0.667, q=0.505, Δ=0.162 → p̂ 0.667 < 0.87

✓ #146 p̂=0.667, Signal=False
⏰ Next: 19:01:20
---
=== Tue May 26 19:01:20 UTC 2026 ===
BTC 5m Bot v3 - ATR+Vol Filter
MIN_PROB=0.87, ATR>0.8x avg, Vol>0.6x avg
Cycle 146/50

============================================================
Cycle #147 | 19:01:20 UTC
[BTC] 1440 candles
[FILTER] ATR=130.77 (avg=137.59, threshold=110.07)
[FILTER] Vol=20.0638 (avg=40.4308, threshold=24.2585)
[BTC] Last streaks: [2, 1, 1, 2, 1]
[MARKOV] Filtered=109 candles, 34 states
[MARKOV] State=1121, last_dir=UP, p̂=0.714 (n=7)
[POLY] YES=0.545, NO=0.455
[SIGNAL] UP, p̂=0.714, q=0.455, Δ=0.259 → Low Vol (20.0638 < 24.2585)

✓ #147 p̂=0.714, Signal=False
⏰ Next: 19:02:44
---
=== Tue May 26 19:02:44 UTC 2026 ===
BTC 5m Bot v3 - ATR+Vol Filter
MIN_PROB=0.87, ATR>0.8x avg, Vol>0.6x avg
Cycle 147/50

============================================================
Cycle #148 | 19:02:45 UTC
[BTC] 1440 candles
[FILTER] ATR=130.77 (avg=137.59, threshold=110.07)
[FILTER] Vol=26.5360 (avg=40.7544, threshold=24.4526)
[BTC] Last streaks: [2, 1, 1, 2, 1]
[MARKOV] Filtered=108 candles, 34 states
[MARKOV] State=1121, last_dir=UP, p̂=0.667 (n=6)
[POLY] YES=0.545, NO=0.455
[SIGNAL] UP, p̂=0.667, q=0.455, Δ=0.212 → p̂ 0.667 < 0.87

✓ #148 p̂=0.667, Signal=False
⏰ Next: 19:04:08
---
=== Tue May 26 19:04:08 UTC 2026 ===
BTC 5m Bot v3 - ATR+Vol Filter
MIN_PROB=0.87, ATR>0.8x avg, Vol>0.6x avg
Cycle 148/50

============================================================
Cycle #149 | 19:04:09 UTC
[BTC] 1440 candles
[FILTER] ATR=130.77 (avg=137.59, threshold=110.07)
[FILTER] Vol=52.0956 (avg=42.0324, threshold=25.2194)
[BTC] Last streaks: [2, 1, 1, 2, 1]
[MARKOV] Filtered=103 candles, 34 states
[MARKOV] State=1121, last_dir=UP, p̂=0.667 (n=6)
[POLY] YES=0.545, NO=0.455
[SIGNAL] UP, p̂=0.667, q=0.455, Δ=0.212 → p̂ 0.667 < 0.87

✓ #149 p̂=0.667, Signal=False
⏰ Next: 19:05:33
---
=== Tue May 26 19:05:33 UTC 2026 ===
BTC 5m Bot v3 - ATR+Vol Filter
MIN_PROB=0.87, ATR>0.8x avg, Vol>0.6x avg
Cycle 149/50

============================================================
Cycle #150 | 19:05:33 UTC
[BTC] 1440 candles
[FILTER] ATR=122.46 (avg=137.75, threshold=110.20)
[FILTER] Vol=1.8617 (avg=39.5283, threshold=23.7170)
[BTC] Last streaks: [1, 1, 2, 1, 2]
[MARKOV] Filtered=113 candles, 34 states
[MARKOV] State=1212, last_dir=UP, p̂=0.800 (n=5)
[POLY] YES=0.505, NO=0.495
[SIGNAL] UP, p̂=0.800, q=0.495, Δ=0.305 → Low Vol (1.8617 < 23.7170)

🌙 NIGHTLY REVIEW after 50 cycles
[REVIEW] max p̂=1.000, avg=0.475, MIN_PROB=0.87

✓ #150 p̂=0.800, Signal=False
⏰ Next: 19:06:58
---
=== Tue May 26 19:06:58 UTC 2026 ===
BTC 5m Bot v3 - ATR+Vol Filter
MIN_PROB=0.87, ATR>0.8x avg, Vol>0.6x avg
Cycle 150/50

============================================================
Cycle #151 | 19:06:58 UTC
[BTC] 1440 candles
[FILTER] ATR=123.80 (avg=137.82, threshold=110.26)
[FILTER] Vol=6.4350 (avg=39.7569, threshold=23.8542)
[BTC] Last streaks: [1, 1, 2, 1, 2]
[MARKOV] Filtered=112 candles, 34 states
[MARKOV] State=1212, last_dir=UP, p̂=0.800 (n=5)
[POLY] YES=0.505, NO=0.495
[SIGNAL] UP, p̂=0.800, q=0.495, Δ=0.305 → Low Vol (6.4350 < 23.8542)

✓ #151 p̂=0.800, Signal=False
⏰ Next: 19:08:22
---
=== Tue May 26 19:08:22 UTC 2026 ===
BTC 5m Bot v3 - ATR+Vol Filter
MIN_PROB=0.87, ATR>0.8x avg, Vol>0.6x avg
Cycle 151/50

============================================================
Cycle #152 | 19:08:22 UTC
[BTC] 1440 candles
[FILTER] ATR=123.80 (avg=137.82, threshold=110.26)
[FILTER] Vol=8.0860 (avg=39.8395, threshold=23.9037)
[BTC] Last streaks: [1, 1, 2, 1, 2]
[MARKOV] Filtered=111 candles, 34 states
[MARKOV] State=1212, last_dir=UP, p̂=0.800 (n=5)
[POLY] YES=0.505, NO=0.495
[SIGNAL] UP, p̂=0.800, q=0.495, Δ=0.305 → Low Vol (8.0860 < 23.9037)

✓ #152 p̂=0.800, Signal=False
⏰ Next: 19:09:46
---
=== Tue May 26 19:09:46 UTC 2026 ===
BTC 5m Bot v3 - ATR+Vol Filter
MIN_PROB=0.87, ATR>0.8x avg, Vol>0.6x avg
Cycle 152/50

============================================================
Cycle #153 | 19:09:47 UTC
[BTC] 1440 candles
[FILTER] ATR=126.56 (avg=137.96, threshold=110.37)
[FILTER] Vol=12.9604 (avg=40.0832, threshold=24.0499)
[BTC] Last streaks: [1, 1, 2, 1, 2]
[MARKOV] Filtered=111 candles, 34 states
[MARKOV] State=1212, last_dir=UP, p̂=0.800 (n=5)
[POLY] YES=0.505, NO=0.495
[SIGNAL] UP, p̂=0.800, q=0.495, Δ=0.305 → Low Vol (12.9604 < 24.0499)

✓ #153 p̂=0.800, Signal=False
⏰ Next: 19:11:10
---
=== Tue May 26 19:11:11 UTC 2026 ===
BTC 5m Bot v3 - ATR+Vol Filter
MIN_PROB=0.87, ATR>0.8x avg, Vol>0.6x avg
Cycle 153/50

============================================================
Cycle #154 | 19:11:11 UTC
[BTC] 1440 candles
[FILTER] ATR=120.50 (avg=137.71, threshold=110.17)
[FILTER] Vol=2.4866 (avg=27.4122, threshold=16.4473)
[BTC] Last streaks: [1, 2, 1, 2, 1]
[MARKOV] Filtered=154 candles, 37 states
[MARKOV] State=2121, last_dir=DOWN, p̂=0.200 (n=5)
[POLY] YES=0.505, NO=0.495
[SIGNAL] DOWN, p̂=0.200, q=0.505, Δ=-0.305 → Low Vol (2.4866 < 16.4473)

✓ #154 p̂=0.200, Signal=False
⏰ Next: 19:12:35
---
=== Tue May 26 19:12:35 UTC 2026 ===
BTC 5m Bot v3 - ATR+Vol Filter
MIN_PROB=0.87, ATR>0.8x avg, Vol>0.6x avg
Cycle 154/50

============================================================
Cycle #155 | 19:12:35 UTC
[BTC] 1440 candles
[FILTER] ATR=121.85 (avg=137.78, threshold=110.23)
[FILTER] Vol=3.4370 (avg=27.4597, threshold=16.4758)
[BTC] Last streaks: [1, 2, 1, 2, 1]
[MARKOV] Filtered=154 candles, 37 states
[MARKOV] State=2121, last_dir=DOWN, p̂=0.200 (n=5)
[POLY] YES=0.505, NO=0.495
[SIGNAL] DOWN, p̂=0.200, q=0.505, Δ=-0.305 → Low Vol (3.4370 < 16.4758)

✓ #155 p̂=0.200, Signal=False
⏰ Next: 19:13:59
---
=== Tue May 26 19:13:59 UTC 2026 ===
BTC 5m Bot v3 - ATR+Vol Filter
MIN_PROB=0.87, ATR>0.8x avg, Vol>0.6x avg
Cycle 155/50

============================================================
Cycle #156 | 19:13:59 UTC
[BTC] 1440 candles
[FILTER] ATR=121.85 (avg=137.78, threshold=110.23)
[FILTER] Vol=7.1214 (avg=27.6439, threshold=16.5863)
[BTC] Last streaks: [1, 2, 1, 2, 1]
[MARKOV] Filtered=154 candles, 37 states
[MARKOV] State=2121, last_dir=DOWN, p̂=0.200 (n=5)
[POLY] YES=0.505, NO=0.495
[SIGNAL] DOWN, p̂=0.200, q=0.505, Δ=-0.305 → Low Vol (7.1214 < 16.5863)

✓ #156 p̂=0.200, Signal=False
⏰ Next: 19:15:23
---
=== Tue May 26 19:15:24 UTC 2026 ===
BTC 5m Bot v3 - ATR+Vol Filter
MIN_PROB=0.87, ATR>0.8x avg, Vol>0.6x avg
Cycle 156/50

============================================================
Cycle #157 | 19:15:24 UTC
[BTC] 1440 candles
[FILTER] ATR=119.80 (avg=137.39, threshold=109.91)
[FILTER] Vol=0.5819 (avg=25.7960, threshold=15.4776)
[BTC] Last streaks: [2, 1, 2, 1, 2]
[MARKOV] Filtered=161 candles, 38 states
[MARKOV] State=1212, last_dir=DOWN, p̂=0.667 (n=9)
[POLY] YES=0.505, NO=0.495
[SIGNAL] DOWN, p̂=0.667, q=0.505, Δ=0.162 → Low Vol (0.5819 < 15.4776)

✓ #157 p̂=0.667, Signal=False
⏰ Next: 19:16:48
---
=== Tue May 26 19:16:48 UTC 2026 ===
BTC 5m Bot v3 - ATR+Vol Filter
MIN_PROB=0.87, ATR>0.8x avg, Vol>0.6x avg
Cycle 157/50

============================================================
Cycle #158 | 19:16:48 UTC
[BTC] 1440 candles
[FILTER] ATR=121.09 (avg=137.45, threshold=109.96)
[FILTER] Vol=5.8856 (avg=26.0612, threshold=15.6367)
[BTC] Last streaks: [2, 1, 2, 1, 1]
[MARKOV] Filtered=160 candles, 37 states
[MARKOV] State=1211, last_dir=UP, p̂=0.500 (n=8)
[POLY] YES=0.505, NO=0.495
[SIGNAL] UP, p̂=0.500, q=0.495, Δ=0.005 → Low Vol (5.8856 < 15.6367)

✓ #158 p̂=0.500, Signal=False
⏰ Next: 19:18:12
---
=== Tue May 26 19:18:12 UTC 2026 ===
BTC 5m Bot v3 - ATR+Vol Filter
MIN_PROB=0.87, ATR>0.8x avg, Vol>0.6x avg
Cycle 158/50

============================================================
Cycle #159 | 19:18:12 UTC
[BTC] 1440 candles
[FILTER] ATR=121.57 (avg=137.47, threshold=109.98)
[FILTER] Vol=9.3751 (avg=26.2357, threshold=15.7414)
[BTC] Last streaks: [2, 1, 2, 1, 2]
[MARKOV] Filtered=160 candles, 37 states
[MARKOV] State=1212, last_dir=DOWN, p̂=0.667 (n=9)
[POLY] YES=0.505, NO=0.495
[SIGNAL] DOWN, p̂=0.667, q=0.505, Δ=0.162 → Low Vol (9.3751 < 15.7414)

✓ #159 p̂=0.667, Signal=False
⏰ Next: 19:19:36
---
=== Tue May 26 19:19:36 UTC 2026 ===
BTC 5m Bot v3 - ATR+Vol Filter
MIN_PROB=0.87, ATR>0.8x avg, Vol>0.6x avg
Cycle 159/50

============================================================
Cycle #160 | 19:19:36 UTC
[BTC] 1440 candles
[FILTER] ATR=122.64 (avg=137.53, threshold=110.02)
[FILTER] Vol=13.8695 (avg=26.4604, threshold=15.8762)
[BTC] Last streaks: [2, 1, 2, 1, 1]
[MARKOV] Filtered=160 candles, 37 states
[MARKOV] State=1211, last_dir=UP, p̂=0.500 (n=8)
[POLY] YES=0.505, NO=0.495
[SIGNAL] UP, p̂=0.500, q=0.495, Δ=0.005 → Low Vol (13.8695 < 15.8762)

✓ #160 p̂=0.500, Signal=False
⏰ Next: 19:21:01
---
=== Tue May 26 19:21:01 UTC 2026 ===
BTC 5m Bot v3 - ATR+Vol Filter
MIN_PROB=0.87, ATR>0.8x avg, Vol>0.6x avg
Cycle 160/50

============================================================
Cycle #161 | 19:21:01 UTC
[BTC] 1440 candles
[FILTER] ATR=116.40 (avg=136.72, threshold=109.38)
[FILTER] Vol=1.6578 (avg=23.6326, threshold=14.1795)
[BTC] Last streaks: [1, 2, 1, 1, 2]
[MARKOV] Filtered=177 candles, 41 states
[MARKOV] State=2112, last_dir=UP, p̂=0.400 (n=5)
[POLY] YES=0.505, NO=0.495
[SIGNAL] UP, p̂=0.400, q=0.495, Δ=-0.095 → Low Vol (1.6578 < 14.1795)

✓ #161 p̂=0.400, Signal=False
⏰ Next: 19:22:25
---
=== Tue May 26 19:22:25 UTC 2026 ===
BTC 5m Bot v3 - ATR+Vol Filter
MIN_PROB=0.87, ATR>0.8x avg, Vol>0.6x avg
Cycle 161/50

============================================================
Cycle #162 | 19:22:25 UTC
[BTC] 1440 candles
[FILTER] ATR=117.41 (avg=136.77, threshold=109.42)
[FILTER] Vol=7.7182 (avg=23.9356, threshold=14.3613)
[BTC] Last streaks: [1, 2, 1, 1, 1]
[MARKOV] Filtered=173 candles, 40 states
[MARKOV] State=2111, last_dir=DOWN, p̂=0.250 (n=4)
[POLY] YES=0.505, NO=0.495
[SIGNAL] DOWN, p̂=0.250, q=0.505, Δ=-0.255 → Low Vol (7.7182 < 14.3613)

✓ #162 p̂=0.250, Signal=False
⏰ Next: 19:23:49
---
=== Tue May 26 19:23:49 UTC 2026 ===
BTC 5m Bot v3 - ATR+Vol Filter
MIN_PROB=0.87, ATR>0.8x avg, Vol>0.6x avg
Cycle 162/50

============================================================
Cycle #163 | 19:23:49 UTC
[BTC] 1440 candles
[FILTER] ATR=117.50 (avg=136.78, threshold=109.42)
[FILTER] Vol=8.3668 (avg=23.9680, threshold=14.3808)
[BTC] Last streaks: [1, 2, 1, 1, 1]
[MARKOV] Filtered=172 candles, 40 states
[MARKOV] State=2111, last_dir=DOWN, p̂=0.250 (n=4)
[POLY] YES=0.505, NO=0.495
[SIGNAL] DOWN, p̂=0.250, q=0.505, Δ=-0.255 → Low Vol (8.3668 < 14.3808)

✓ #163 p̂=0.250, Signal=False
⏰ Next: 19:25:13
---
=== Tue May 26 19:25:13 UTC 2026 ===
BTC 5m Bot v3 - ATR+Vol Filter
MIN_PROB=0.87, ATR>0.8x avg, Vol>0.6x avg
Cycle 163/50

============================================================
Cycle #164 | 19:25:14 UTC
[BTC] 1440 candles
[FILTER] ATR=108.29 (avg=135.38, threshold=108.30)
[FILTER] Vol=0.6403 (avg=22.1207, threshold=13.2724)
[BTC] Last streaks: [2, 1, 1, 2, 3]
[MARKOV] Filtered=193 candles, 41 states
[MARKOV] State=1123, last_dir=UP, p̂=0.250 (n=8)
[POLY] YES=0.505, NO=0.495
[SIGNAL] UP, p̂=0.250, q=0.495, Δ=-0.245 → Low ATR (108.29 < 108.30)

✓ #164 p̂=0.250, Signal=False
⏰ Next: 19:26:37
---
=== Tue May 26 19:26:38 UTC 2026 ===
BTC 5m Bot v3 - ATR+Vol Filter
MIN_PROB=0.87, ATR>0.8x avg, Vol>0.6x avg
Cycle 164/50

============================================================
Cycle #165 | 19:26:38 UTC
[BTC] 1440 candles
[FILTER] ATR=111.07 (avg=135.52, threshold=108.41)
[FILTER] Vol=3.9771 (avg=22.2876, threshold=13.3725)
[BTC] Last streaks: [2, 1, 1, 2, 3]
[MARKOV] Filtered=190 candles, 41 states
[MARKOV] State=1123, last_dir=UP, p̂=0.250 (n=8)
[POLY] YES=0.505, NO=0.495
[SIGNAL] UP, p̂=0.250, q=0.495, Δ=-0.245 → Low Vol (3.9771 < 13.3725)

✓ #165 p̂=0.250, Signal=False
⏰ Next: 19:28:02
---
=== Tue May 26 19:28:02 UTC 2026 ===
BTC 5m Bot v3 - ATR+Vol Filter
MIN_PROB=0.87, ATR>0.8x avg, Vol>0.6x avg
Cycle 165/50

============================================================
Cycle #166 | 19:28:02 UTC
[BTC] 1440 candles
[FILTER] ATR=111.07 (avg=135.52, threshold=108.41)
[FILTER] Vol=5.3501 (avg=22.3562, threshold=13.4137)
[BTC] Last streaks: [2, 1, 1, 2, 3]
[MARKOV] Filtered=189 candles, 41 states
[MARKOV] State=1123, last_dir=UP, p̂=0.250 (n=8)
[POLY] YES=0.505, NO=0.495
[SIGNAL] UP, p̂=0.250, q=0.495, Δ=-0.245 → Low Vol (5.3501 < 13.4137)

✓ #166 p̂=0.250, Signal=False
⏰ Next: 19:29:26
---
=== Tue May 26 19:29:26 UTC 2026 ===
BTC 5m Bot v3 - ATR+Vol Filter
MIN_PROB=0.87, ATR>0.8x avg, Vol>0.6x avg
Cycle 166/50

============================================================
Cycle #167 | 19:29:26 UTC
[BTC] 1440 candles
[FILTER] ATR=111.07 (avg=135.52, threshold=108.41)
[FILTER] Vol=7.0185 (avg=22.4396, threshold=13.4638)
[BTC] Last streaks: [2, 1, 1, 2, 3]
[MARKOV] Filtered=188 candles, 41 states
[MARKOV] State=1123, last_dir=UP, p̂=0.250 (n=8)
[POLY] YES=0.505, NO=0.495
[SIGNAL] UP, p̂=0.250, q=0.495, Δ=-0.245 → Low Vol (7.0185 < 13.4638)

✓ #167 p̂=0.250, Signal=False
⏰ Next: 19:30:50
---
=== Tue May 26 19:30:50 UTC 2026 ===
BTC 5m Bot v3 - ATR+Vol Filter
MIN_PROB=0.87, ATR>0.8x avg, Vol>0.6x avg
Cycle 167/50

============================================================
Cycle #168 | 19:30:51 UTC
[BTC] 1440 candles
[FILTER] ATR=102.01 (avg=133.79, threshold=107.03)
[FILTER] Vol=3.7369 (avg=22.1926, threshold=13.3156)
[BTC] Last streaks: [1, 1, 2, 3, 4]
[MARKOV] Filtered=196 candles, 41 states
[MARKOV] State=1234, last_dir=UP, p̂=0.385 (n=13)
[POLY] YES=0.505, NO=0.495
[SIGNAL] UP, p̂=0.385, q=0.495, Δ=-0.110 → Low ATR (102.01 < 107.03)

✓ #168 p̂=0.385, Signal=False
⏰ Next: 19:32:14
---
=== Tue May 26 19:32:15 UTC 2026 ===
BTC 5m Bot v3 - ATR+Vol Filter
MIN_PROB=0.87, ATR>0.8x avg, Vol>0.6x avg
Cycle 168/50

============================================================
Cycle #169 | 19:32:15 UTC
[BTC] 1440 candles
[FILTER] ATR=105.07 (avg=133.94, threshold=107.15)
[FILTER] Vol=8.2409 (avg=22.4178, threshold=13.4507)
[BTC] Last streaks: [1, 1, 2, 3, 4]
[MARKOV] Filtered=191 candles, 41 states
[MARKOV] State=1234, last_dir=UP, p̂=0.385 (n=13)
[POLY] YES=0.505, NO=0.495
[SIGNAL] UP, p̂=0.385, q=0.495, Δ=-0.110 → Low ATR (105.07 < 107.15)

✓ #169 p̂=0.385, Signal=False
⏰ Next: 19:33:39
---
=== Tue May 26 19:33:39 UTC 2026 ===
BTC 5m Bot v3 - ATR+Vol Filter
MIN_PROB=0.87, ATR>0.8x avg, Vol>0.6x avg
Cycle 169/50

============================================================
Cycle #170 | 19:33:39 UTC
[BTC] 1440 candles
[FILTER] ATR=105.34 (avg=133.95, threshold=107.16)
[FILTER] Vol=11.7803 (avg=22.5948, threshold=13.5569)
[BTC] Last streaks: [1, 1, 2, 3, 4]
[MARKOV] Filtered=191 candles, 41 states
[MARKOV] State=1234, last_dir=UP, p̂=0.385 (n=13)
[POLY] YES=0.505, NO=0.495
[SIGNAL] UP, p̂=0.385, q=0.495, Δ=-0.110 → Low ATR (105.34 < 107.16)

✓ #170 p̂=0.385, Signal=False
⏰ Next: 19:35:03
---
=== Tue May 26 19:35:03 UTC 2026 ===
BTC 5m Bot v3 - ATR+Vol Filter
MIN_PROB=0.87, ATR>0.8x avg, Vol>0.6x avg
Cycle 170/50

============================================================
Cycle #171 | 19:35:03 UTC
[BTC] 1440 candles
[FILTER] ATR=91.84 (avg=131.64, threshold=105.31)
[FILTER] Vol=0.3630 (avg=21.4425, threshold=12.8655)
[BTC] Last streaks: [1, 2, 3, 4, 1]
[MARKOV] Filtered=204 candles, 41 states
[MARKOV] State=2341, last_dir=DOWN, p̂=0.800 (n=5)
[POLY] YES=0.510, NO=0.490
[SIGNAL] DOWN, p̂=0.800, q=0.510, Δ=0.290 → Low ATR (91.84 < 105.31)

✓ #171 p̂=0.800, Signal=False
⏰ Next: 19:36:27
---
=== Tue May 26 19:36:27 UTC 2026 ===
BTC 5m Bot v3 - ATR+Vol Filter
MIN_PROB=0.87, ATR>0.8x avg, Vol>0.6x avg
Cycle 171/50

============================================================
Cycle #172 | 19:36:27 UTC
[BTC] 1440 candles
[FILTER] ATR=94.24 (avg=131.76, threshold=105.41)
[FILTER] Vol=4.0705 (avg=21.6278, threshold=12.9767)
[BTC] Last streaks: [1, 2, 3, 4, 1]
[MARKOV] Filtered=203 candles, 41 states
[MARKOV] State=2341, last_dir=DOWN, p̂=0.800 (n=5)
[POLY] YES=0.510, NO=0.490
[SIGNAL] DOWN, p̂=0.800, q=0.510, Δ=0.290 → Low ATR (94.24 < 105.41)

✓ #172 p̂=0.800, Signal=False
⏰ Next: 19:37:51
---
=== Tue May 26 19:37:52 UTC 2026 ===
BTC 5m Bot v3 - ATR+Vol Filter
MIN_PROB=0.87, ATR>0.8x avg, Vol>0.6x avg
Cycle 172/50

============================================================
Cycle #173 | 19:37:52 UTC
[BTC] 1440 candles
[FILTER] ATR=95.86 (avg=131.84, threshold=105.47)
[FILTER] Vol=6.5658 (avg=21.7526, threshold=13.0516)
[BTC] Last streaks: [1, 2, 3, 4, 5]
[MARKOV] Filtered=203 candles, 41 states
[MARKOV] State=2345, last_dir=UP, p̂=0.667 (n=6)
[POLY] YES=0.510, NO=0.490
[SIGNAL] UP, p̂=0.667, q=0.490, Δ=0.177 → Low ATR (95.86 < 105.47)

✓ #173 p̂=0.667, Signal=False
⏰ Next: 19:39:16
---
=== Tue May 26 19:39:16 UTC 2026 ===
BTC 5m Bot v3 - ATR+Vol Filter
MIN_PROB=0.87, ATR>0.8x avg, Vol>0.6x avg
Cycle 173/50

============================================================
Cycle #174 | 19:39:16 UTC
[BTC] 1440 candles
[FILTER] ATR=97.09 (avg=131.90, threshold=105.52)
[FILTER] Vol=8.3445 (avg=21.8415, threshold=13.1049)
[BTC] Last streaks: [1, 2, 3, 4, 5]
[MARKOV] Filtered=203 candles, 41 states
[MARKOV] State=2345, last_dir=UP, p̂=0.667 (n=6)
[POLY] YES=0.510, NO=0.490
[SIGNAL] UP, p̂=0.667, q=0.490, Δ=0.177 → Low ATR (97.09 < 105.52)

✓ #174 p̂=0.667, Signal=False
⏰ Next: 19:40:40
---
=== Tue May 26 19:40:40 UTC 2026 ===
BTC 5m Bot v3 - ATR+Vol Filter
MIN_PROB=0.87, ATR>0.8x avg, Vol>0.6x avg
Cycle 174/50

============================================================
Cycle #175 | 19:40:40 UTC
[BTC] 1440 candles
[FILTER] ATR=91.91 (avg=129.48, threshold=103.58)
[FILTER] Vol=1.0868 (avg=19.7502, threshold=11.8501)
[BTC] Last streaks: [2, 3, 4, 5, 6]
[MARKOV] Filtered=227 candles, 43 states
[MARKOV] State=3456, last_dir=UP, p̂=0.000 (n=2)
[POLY] YES=0.505, NO=0.495
[SIGNAL] UP, p̂=0.000, q=0.495, Δ=-0.495 → Low ATR (91.91 < 103.58)

✓ #175 p̂=0.000, Signal=False
⏰ Next: 19:42:04
---
=== Tue May 26 19:42:04 UTC 2026 ===
BTC 5m Bot v3 - ATR+Vol Filter
MIN_PROB=0.87, ATR>0.8x avg, Vol>0.6x avg
Cycle 175/50

============================================================
Cycle #176 | 19:42:04 UTC
[BTC] 1440 candles
[FILTER] ATR=94.54 (avg=129.61, threshold=103.69)
[FILTER] Vol=4.4353 (avg=19.9177, threshold=11.9506)
[BTC] Last streaks: [2, 3, 4, 5, 6]
[MARKOV] Filtered=226 candles, 43 states
[MARKOV] State=3456, last_dir=UP, p̂=0.000 (n=2)
[POLY] YES=0.505, NO=0.495
[SIGNAL] UP, p̂=0.000, q=0.495, Δ=-0.495 → Low ATR (94.54 < 103.69)

✓ #176 p̂=0.000, Signal=False
⏰ Next: 19:43:28
---
=== Tue May 26 19:43:28 UTC 2026 ===
BTC 5m Bot v3 - ATR+Vol Filter
MIN_PROB=0.87, ATR>0.8x avg, Vol>0.6x avg
Cycle 176/50

============================================================
Cycle #177 | 19:43:28 UTC
[BTC] 1440 candles
[FILTER] ATR=98.65 (avg=129.82, threshold=103.85)
[FILTER] Vol=11.0008 (avg=20.2459, threshold=12.1476)
[BTC] Last streaks: [2, 3, 4, 5, 6]
[MARKOV] Filtered=222 candles, 42 states
[MARKOV] State=3456, last_dir=UP, p̂=0.000 (n=2)
[POLY] YES=0.505, NO=0.495
[SIGNAL] UP, p̂=0.000, q=0.495, Δ=-0.495 → Low ATR (98.65 < 103.85)

✓ #177 p̂=0.000, Signal=False
⏰ Next: 19:44:53
---
=== Tue May 26 19:44:53 UTC 2026 ===
BTC 5m Bot v3 - ATR+Vol Filter
MIN_PROB=0.87, ATR>0.8x avg, Vol>0.6x avg
Cycle 177/50

============================================================
Cycle #178 | 19:44:53 UTC
[BTC] 1440 candles
[FILTER] ATR=98.65 (avg=129.82, threshold=103.85)
[FILTER] Vol=13.6675 (avg=20.3793, threshold=12.2276)
[BTC] Last streaks: [2, 3, 4, 5, 6]
[MARKOV] Filtered=221 candles, 42 states
[MARKOV] State=3456, last_dir=UP, p̂=0.000 (n=2)
[POLY] YES=0.505, NO=0.495
[SIGNAL] UP, p̂=0.000, q=0.495, Δ=-0.495 → Low ATR (98.65 < 103.85)

✓ #178 p̂=0.000, Signal=False
⏰ Next: 19:46:17
---
=== Tue May 26 19:46:17 UTC 2026 ===
BTC 5m Bot v3 - ATR+Vol Filter
MIN_PROB=0.87, ATR>0.8x avg, Vol>0.6x avg
Cycle 178/50

============================================================
Cycle #179 | 19:46:17 UTC
[BTC] 1440 candles
[FILTER] ATR=95.23 (avg=127.45, threshold=101.96)
[FILTER] Vol=3.5084 (avg=20.0492, threshold=12.0295)
[BTC] Last streaks: [3, 4, 5, 6, 1]
[MARKOV] Filtered=228 candles, 43 states
[MARKOV] State=4561, last_dir=DOWN, p̂=1.000 (n=1)
[POLY] YES=0.510, NO=0.490
[SIGNAL] DOWN, p̂=1.000, q=0.510, Δ=0.490 → Low ATR (95.23 < 101.96)

✓ #179 p̂=1.000, Signal=False
⏰ Next: 19:47:41
---
=== Tue May 26 19:47:41 UTC 2026 ===
BTC 5m Bot v3 - ATR+Vol Filter
MIN_PROB=0.87, ATR>0.8x avg, Vol>0.6x avg
Cycle 179/50

============================================================
Cycle #180 | 19:47:41 UTC
[BTC] 1440 candles
[FILTER] ATR=95.23 (avg=127.45, threshold=101.96)
[FILTER] Vol=6.2246 (avg=20.1851, threshold=12.1110)
[BTC] Last streaks: [3, 4, 5, 6, 1]
[MARKOV] Filtered=227 candles, 43 states
[MARKOV] State=4561, last_dir=DOWN, p̂=1.000 (n=1)
[POLY] YES=0.510, NO=0.490
[SIGNAL] DOWN, p̂=1.000, q=0.510, Δ=0.490 → Low ATR (95.23 < 101.96)

✓ #180 p̂=1.000, Signal=False
⏰ Next: 19:49:05
---
=== Tue May 26 19:49:05 UTC 2026 ===
BTC 5m Bot v3 - ATR+Vol Filter
MIN_PROB=0.87, ATR>0.8x avg, Vol>0.6x avg
Cycle 180/50

============================================================
Cycle #181 | 19:49:05 UTC
[BTC] 1440 candles
[FILTER] ATR=96.40 (avg=127.51, threshold=102.01)
[FILTER] Vol=8.9848 (avg=20.3231, threshold=12.1938)
[BTC] Last streaks: [3, 4, 5, 6, 1]
[MARKOV] Filtered=225 candles, 43 states
[MARKOV] State=4561, last_dir=DOWN, p̂=1.000 (n=1)
[POLY] YES=0.505, NO=0.495
[SIGNAL] DOWN, p̂=1.000, q=0.505, Δ=0.495 → Low ATR (96.40 < 102.01)

✓ #181 p̂=1.000, Signal=False
⏰ Next: 19:50:29
---
=== Tue May 26 19:50:29 UTC 2026 ===
BTC 5m Bot v3 - ATR+Vol Filter
MIN_PROB=0.87, ATR>0.8x avg, Vol>0.6x avg
Cycle 181/50

============================================================
Cycle #182 | 19:50:30 UTC
[BTC] 1440 candles
[FILTER] ATR=85.34 (avg=124.63, threshold=99.71)
[FILTER] Vol=1.7340 (avg=19.7103, threshold=11.8262)
[BTC] Last streaks: [4, 5, 6, 1, 1]
[MARKOV] Filtered=238 candles, 45 states
[MARKOV] State=5611, last_dir=UP, p̂=0.000 (n=1)
[POLY] YES=0.505, NO=0.495
[SIGNAL] UP, p̂=0.000, q=0.495, Δ=-0.495 → Low ATR (85.34 < 99.71)

✓ #182 p̂=0.000, Signal=False
⏰ Next: 19:51:54
---
=== Tue May 26 19:51:54 UTC 2026 ===
BTC 5m Bot v3 - ATR+Vol Filter
MIN_PROB=0.87, ATR>0.8x avg, Vol>0.6x avg
Cycle 182/50

============================================================
Cycle #183 | 19:51:54 UTC
[BTC] 1440 candles
[FILTER] ATR=86.08 (avg=124.67, threshold=99.74)
[FILTER] Vol=5.4617 (avg=19.8967, threshold=11.9380)
[BTC] Last streaks: [4, 5, 6, 1, 1]
[MARKOV] Filtered=236 candles, 45 states
[MARKOV] State=5611, last_dir=UP, p̂=0.000 (n=1)
[POLY] YES=0.505, NO=0.495
[SIGNAL] UP, p̂=0.000, q=0.495, Δ=-0.495 → Low ATR (86.08 < 99.74)

✓ #183 p̂=0.000, Signal=False
⏰ Next: 19:53:18
---
=== Tue May 26 19:53:18 UTC 2026 ===
BTC 5m Bot v3 - ATR+Vol Filter
MIN_PROB=0.87, ATR>0.8x avg, Vol>0.6x avg
Cycle 183/50

============================================================
Cycle #184 | 19:53:18 UTC
[BTC] 1440 candles
[FILTER] ATR=87.61 (avg=124.75, threshold=99.80)
[FILTER] Vol=10.1830 (avg=20.1328, threshold=12.0797)
[BTC] Last streaks: [4, 5, 6, 1, 1]
[MARKOV] Filtered=234 candles, 45 states
[MARKOV] State=5611, last_dir=UP, p̂=0.000 (n=1)
[POLY] YES=0.505, NO=0.495
[SIGNAL] UP, p̂=0.000, q=0.495, Δ=-0.495 → Low ATR (87.61 < 99.80)

✓ #184 p̂=0.000, Signal=False
⏰ Next: 19:54:43
---
=== Tue May 26 19:54:43 UTC 2026 ===
BTC 5m Bot v3 - ATR+Vol Filter
MIN_PROB=0.87, ATR>0.8x avg, Vol>0.6x avg
Cycle 184/50

============================================================
Cycle #185 | 19:54:43 UTC
[BTC] 1440 candles
[FILTER] ATR=88.86 (avg=124.81, threshold=99.85)
[FILTER] Vol=13.0165 (avg=20.2744, threshold=12.1647)
[BTC] Last streaks: [4, 5, 6, 1, 1]
[MARKOV] Filtered=232 candles, 45 states
[MARKOV] State=5611, last_dir=UP, p̂=0.000 (n=1)
[POLY] YES=0.505, NO=0.495
[SIGNAL] UP, p̂=0.000, q=0.495, Δ=-0.495 → Low ATR (88.86 < 99.85)

✓ #185 p̂=0.000, Signal=False
⏰ Next: 19:56:07
---
=== Tue May 26 19:56:07 UTC 2026 ===
BTC 5m Bot v3 - ATR+Vol Filter
MIN_PROB=0.87, ATR>0.8x avg, Vol>0.6x avg
Cycle 185/50

============================================================
Cycle #186 | 19:56:07 UTC
[BTC] 1440 candles
[FILTER] ATR=82.59 (avg=121.74, threshold=97.39)
[FILTER] Vol=2.8168 (avg=19.2017, threshold=11.5210)
[BTC] Last streaks: [5, 6, 1, 1, 2]
[MARKOV] Filtered=251 candles, 45 states
[MARKOV] State=6112, last_dir=UP, p̂=0.000 (n=1)
[POLY] YES=0.505, NO=0.495
[SIGNAL] UP, p̂=0.000, q=0.495, Δ=-0.495 → Low ATR (82.59 < 97.39)

✓ #186 p̂=0.000, Signal=False
⏰ Next: 19:57:31
---
=== Tue May 26 19:57:31 UTC 2026 ===
BTC 5m Bot v3 - ATR+Vol Filter
MIN_PROB=0.87, ATR>0.8x avg, Vol>0.6x avg
Cycle 186/50

============================================================
Cycle #187 | 19:57:31 UTC
[BTC] 1440 candles
[FILTER] ATR=83.23 (avg=121.77, threshold=97.42)
[FILTER] Vol=6.4166 (avg=19.3817, threshold=11.6290)
[BTC] Last streaks: [5, 6, 1, 1, 2]
[MARKOV] Filtered=251 candles, 45 states
[MARKOV] State=6112, last_dir=UP, p̂=0.000 (n=1)
[POLY] YES=0.505, NO=0.495
[SIGNAL] UP, p̂=0.000, q=0.495, Δ=-0.495 → Low ATR (83.23 < 97.42)

✓ #187 p̂=0.000, Signal=False
⏰ Next: 19:58:55
---
=== Tue May 26 19:58:55 UTC 2026 ===
BTC 5m Bot v3 - ATR+Vol Filter
MIN_PROB=0.87, ATR>0.8x avg, Vol>0.6x avg
Cycle 187/50

============================================================
Cycle #188 | 19:58:55 UTC
[BTC] 1440 candles
[FILTER] ATR=84.66 (avg=121.84, threshold=97.47)
[FILTER] Vol=9.7611 (avg=19.5489, threshold=11.7294)
[BTC] Last streaks: [5, 6, 1, 1, 1]
[MARKOV] Filtered=250 candles, 45 states
[MARKOV] State=6111, last_dir=DOWN, p̂=0.000 (n=1)
[POLY] YES=0.505, NO=0.495
[SIGNAL] DOWN, p̂=0.000, q=0.505, Δ=-0.505 → Low ATR (84.66 < 97.47)

✓ #188 p̂=0.000, Signal=False
⏰ Next: 20:00:19
---
=== Tue May 26 20:00:19 UTC 2026 ===
BTC 5m Bot v3 - ATR+Vol Filter
MIN_PROB=0.87, ATR>0.8x avg, Vol>0.6x avg
Cycle 188/50

============================================================
Cycle #189 | 20:00:20 UTC
[BTC] 1440 candles
[FILTER] ATR=83.54 (avg=118.60, threshold=94.88)
[FILTER] Vol=3.4564 (avg=17.7949, threshold=10.6770)
[BTC] Last streaks: [6, 1, 1, 1, 2]
[MARKOV] Filtered=271 candles, 45 states
[MARKOV] State=1112, last_dir=DOWN, p̂=0.765 (n=17)
[POLY] YES=0.545, NO=0.455
[SIGNAL] DOWN, p̂=0.765, q=0.545, Δ=0.220 → Low ATR (83.54 < 94.88)

✓ #189 p̂=0.765, Signal=False
⏰ Next: 20:01:44
---
=== Tue May 26 20:01:44 UTC 2026 ===
BTC 5m Bot v3 - ATR+Vol Filter
MIN_PROB=0.87, ATR>0.8x avg, Vol>0.6x avg
Cycle 189/50

============================================================
Cycle #190 | 20:01:44 UTC
[BTC] 1440 candles
[FILTER] ATR=85.97 (avg=118.72, threshold=94.98)
[FILTER] Vol=17.3021 (avg=18.4872, threshold=11.0923)
[BTC] Last streaks: [6, 1, 1, 1, 1]
[MARKOV] Filtered=261 candles, 45 states
[MARKOV] State=1111, last_dir=UP, p̂=0.333 (n=15)
[POLY] YES=0.545, NO=0.455
[SIGNAL] UP, p̂=0.333, q=0.455, Δ=-0.122 → Low ATR (85.97 < 94.98)

✓ #190 p̂=0.333, Signal=False
⏰ Next: 20:03:08
---
=== Tue May 26 20:03:08 UTC 2026 ===
BTC 5m Bot v3 - ATR+Vol Filter
MIN_PROB=0.87, ATR>0.8x avg, Vol>0.6x avg
Cycle 190/50

============================================================
Cycle #191 | 20:03:08 UTC
[BTC] 1440 candles
[FILTER] ATR=85.97 (avg=118.72, threshold=94.98)
[FILTER] Vol=19.7862 (avg=18.6114, threshold=11.1669)
[BTC] Last streaks: [6, 1, 1, 1, 1]
[MARKOV] Filtered=261 candles, 45 states
[MARKOV] State=1111, last_dir=UP, p̂=0.333 (n=15)
[POLY] YES=0.545, NO=0.455
[SIGNAL] UP, p̂=0.333, q=0.455, Δ=-0.122 → Low ATR (85.97 < 94.98)

✓ #191 p̂=0.333, Signal=False
⏰ Next: 20:04:32
---
=== Tue May 26 20:04:33 UTC 2026 ===
BTC 5m Bot v3 - ATR+Vol Filter
MIN_PROB=0.87, ATR>0.8x avg, Vol>0.6x avg
Cycle 191/50

============================================================
Cycle #192 | 20:04:33 UTC
[BTC] 1440 candles
[FILTER] ATR=86.04 (avg=118.73, threshold=94.98)
[FILTER] Vol=21.4941 (avg=18.6968, threshold=11.2181)
[BTC] Last streaks: [6, 1, 1, 1, 1]
[MARKOV] Filtered=259 candles, 45 states
[MARKOV] State=1111, last_dir=UP, p̂=0.333 (n=15)
[POLY] YES=0.545, NO=0.455
[SIGNAL] UP, p̂=0.333, q=0.455, Δ=-0.122 → Low ATR (86.04 < 94.98)

✓ #192 p̂=0.333, Signal=False
⏰ Next: 20:05:57
---
=== Tue May 26 20:05:57 UTC 2026 ===
BTC 5m Bot v3 - ATR+Vol Filter
MIN_PROB=0.87, ATR>0.8x avg, Vol>0.6x avg
Cycle 192/50

============================================================
Cycle #193 | 20:05:57 UTC
[BTC] 1440 candles
[FILTER] ATR=75.85 (avg=114.97, threshold=91.97)
[FILTER] Vol=3.8531 (avg=18.2107, threshold=10.9264)
[BTC] Last streaks: [1, 1, 1, 1, 1]
[MARKOV] Filtered=275 candles, 45 states
[MARKOV] State=1111, last_dir=DOWN, p̂=0.333 (n=15)
[POLY] YES=0.505, NO=0.495
[SIGNAL] DOWN, p̂=0.333, q=0.505, Δ=-0.172 → Low ATR (75.85 < 91.97)

✓ #193 p̂=0.333, Signal=False
⏰ Next: 20:07:21
---
=== Tue May 26 20:07:21 UTC 2026 ===
BTC 5m Bot v3 - ATR+Vol Filter
MIN_PROB=0.87, ATR>0.8x avg, Vol>0.6x avg
Cycle 193/50

============================================================
Cycle #194 | 20:07:21 UTC
[BTC] 1440 candles
[FILTER] ATR=76.74 (avg=115.01, threshold=92.01)
[FILTER] Vol=5.2133 (avg=18.2787, threshold=10.9672)
[BTC] Last streaks: [1, 1, 1, 1, 1]
[MARKOV] Filtered=275 candles, 45 states
[MARKOV] State=1111, last_dir=DOWN, p̂=0.333 (n=15)
[POLY] YES=0.505, NO=0.495
[SIGNAL] DOWN, p̂=0.333, q=0.505, Δ=-0.172 → Low ATR (76.74 < 92.01)

✓ #194 p̂=0.333, Signal=False
⏰ Next: 20:08:45
---
=== Tue May 26 20:08:45 UTC 2026 ===
BTC 5m Bot v3 - ATR+Vol Filter
MIN_PROB=0.87, ATR>0.8x avg, Vol>0.6x avg
Cycle 194/50

============================================================
Cycle #195 | 20:08:45 UTC
[BTC] 1440 candles
[FILTER] ATR=76.74 (avg=115.01, threshold=92.01)
[FILTER] Vol=6.7003 (avg=18.3530, threshold=11.0118)
[BTC] Last streaks: [1, 1, 1, 1, 2]
[MARKOV] Filtered=273 candles, 45 states
[MARKOV] State=1112, last_dir=UP, p̂=0.737 (n=19)
[POLY] YES=0.505, NO=0.495
[SIGNAL] UP, p̂=0.737, q=0.495, Δ=0.242 → Low ATR (76.74 < 92.01)

✓ #195 p̂=0.737, Signal=False
⏰ Next: 20:10:09
---
=== Tue May 26 20:10:09 UTC 2026 ===
BTC 5m Bot v3 - ATR+Vol Filter
MIN_PROB=0.87, ATR>0.8x avg, Vol>0.6x avg
Cycle 195/50

============================================================
Cycle #196 | 20:10:09 UTC
[BTC] 1440 candles
[FILTER] ATR=71.19 (avg=111.23, threshold=88.98)
[FILTER] Vol=0.1832 (avg=17.7736, threshold=10.6642)
[BTC] Last streaks: [1, 1, 1, 1, 1]
[MARKOV] Filtered=298 candles, 45 states
[MARKOV] State=1111, last_dir=UP, p̂=0.312 (n=16)
[POLY] YES=0.505, NO=0.495
[SIGNAL] UP, p̂=0.312, q=0.495, Δ=-0.182 → Low ATR (71.19 < 88.98)

✓ #196 p̂=0.312, Signal=False
⏰ Next: 20:11:33
---
=== Tue May 26 20:11:34 UTC 2026 ===
BTC 5m Bot v3 - ATR+Vol Filter
MIN_PROB=0.87, ATR>0.8x avg, Vol>0.6x avg
Cycle 196/50

============================================================
Cycle #197 | 20:11:34 UTC
[BTC] 1440 candles
[FILTER] ATR=74.39 (avg=111.39, threshold=89.11)
[FILTER] Vol=2.6602 (avg=17.8975, threshold=10.7385)
[BTC] Last streaks: [1, 1, 1, 1, 1]
[MARKOV] Filtered=294 candles, 45 states
[MARKOV] State=1111, last_dir=UP, p̂=0.312 (n=16)
[POLY] YES=0.505, NO=0.495
[SIGNAL] UP, p̂=0.312, q=0.495, Δ=-0.182 → Low ATR (74.39 < 89.11)

✓ #197 p̂=0.312, Signal=False
⏰ Next: 20:12:58
---
=== Tue May 26 20:12:58 UTC 2026 ===
BTC 5m Bot v3 - ATR+Vol Filter
MIN_PROB=0.87, ATR>0.8x avg, Vol>0.6x avg
Cycle 197/50

============================================================
Cycle #198 | 20:12:58 UTC
[BTC] 1440 candles
[FILTER] ATR=74.39 (avg=111.39, threshold=89.11)
[FILTER] Vol=4.3642 (avg=17.9827, threshold=10.7896)
[BTC] Last streaks: [1, 1, 1, 1, 1]
[MARKOV] Filtered=294 candles, 45 states
[MARKOV] State=1111, last_dir=UP, p̂=0.312 (n=16)
[POLY] YES=0.505, NO=0.495
[SIGNAL] UP, p̂=0.312, q=0.495, Δ=-0.182 → Low ATR (74.39 < 89.11)

✓ #198 p̂=0.312, Signal=False
⏰ Next: 20:14:22
---
=== Tue May 26 20:14:22 UTC 2026 ===
BTC 5m Bot v3 - ATR+Vol Filter
MIN_PROB=0.87, ATR>0.8x avg, Vol>0.6x avg
Cycle 198/50

============================================================
Cycle #199 | 20:14:22 UTC
[BTC] 1440 candles
[FILTER] ATR=74.39 (avg=111.39, threshold=89.11)
[FILTER] Vol=5.5428 (avg=18.0416, threshold=10.8250)
[BTC] Last streaks: [1, 1, 1, 1, 1]
[MARKOV] Filtered=293 candles, 45 states
[MARKOV] State=1111, last_dir=UP, p̂=0.333 (n=15)
[POLY] YES=0.505, NO=0.495
[SIGNAL] UP, p̂=0.333, q=0.495, Δ=-0.162 → Low ATR (74.39 < 89.11)

✓ #199 p̂=0.333, Signal=False
⏰ Next: 20:15:46
---
=== Tue May 26 20:15:47 UTC 2026 ===
BTC 5m Bot v3 - ATR+Vol Filter
MIN_PROB=0.87, ATR>0.8x avg, Vol>0.6x avg
Cycle 199/50

============================================================
Cycle #200 | 20:15:47 UTC
[BTC] 1440 candles
[FILTER] ATR=68.96 (avg=107.67, threshold=86.14)
[FILTER] Vol=0.7931 (avg=17.5093, threshold=10.5056)
[BTC] Last streaks: [1, 1, 1, 1, 2]
[MARKOV] Filtered=317 candles, 46 states
[MARKOV] State=1112, last_dir=UP, p̂=0.696 (n=23)
[POLY] YES=0.505, NO=0.495
[SIGNAL] UP, p̂=0.696, q=0.495, Δ=0.201 → Low ATR (68.96 < 86.14)

🌙 NIGHTLY REVIEW after 50 cycles
[REVIEW] max p̂=1.000, avg=0.389, MIN_PROB=0.87

✓ #200 p̂=0.696, Signal=False
⏰ Next: 20:17:11
---
=== Tue May 26 20:17:11 UTC 2026 ===
BTC 5m Bot v3 - ATR+Vol Filter
MIN_PROB=0.87, ATR>0.8x avg, Vol>0.6x avg
Cycle 200/50

============================================================
Cycle #201 | 20:17:12 UTC
[BTC] 1440 candles
[FILTER] ATR=70.79 (avg=107.76, threshold=86.21)
[FILTER] Vol=2.5440 (avg=17.5969, threshold=10.5581)
[BTC] Last streaks: [1, 1, 1, 1, 2]
[MARKOV] Filtered=314 candles, 46 states
[MARKOV] State=1112, last_dir=UP, p̂=0.696 (n=23)
[POLY] YES=0.505, NO=0.495
[SIGNAL] UP, p̂=0.696, q=0.495, Δ=0.201 → Low ATR (70.79 < 86.21)

✓ #201 p̂=0.696, Signal=False
⏰ Next: 20:18:35
---
=== Tue May 26 20:18:36 UTC 2026 ===
BTC 5m Bot v3 - ATR+Vol Filter
MIN_PROB=0.87, ATR>0.8x avg, Vol>0.6x avg
Cycle 201/50

============================================================
Cycle #202 | 20:18:36 UTC
[BTC] 1440 candles
[FILTER] ATR=71.79 (avg=107.81, threshold=86.25)
[FILTER] Vol=5.3752 (avg=17.7384, threshold=10.6431)
[BTC] Last streaks: [1, 1, 1, 1, 1]
[MARKOV] Filtered=312 candles, 46 states
[MARKOV] State=1111, last_dir=DOWN, p̂=0.312 (n=16)
[POLY] YES=0.505, NO=0.495
[SIGNAL] DOWN, p̂=0.312, q=0.505, Δ=-0.193 → Low ATR (71.79 < 86.25)

✓ #202 p̂=0.312, Signal=False
⏰ Next: 20:19:59
---
=== Tue May 26 20:20:00 UTC 2026 ===
BTC 5m Bot v3 - ATR+Vol Filter
MIN_PROB=0.87, ATR>0.8x avg, Vol>0.6x avg
Cycle 202/50

============================================================
Cycle #203 | 20:20:00 UTC
[BTC] 1439 candles
[FILTER] ATR=75.74 (avg=108.01, threshold=86.41)
[FILTER] Vol=9.7942 (avg=17.9594, threshold=10.7756)
[BTC] Last streaks: [1, 1, 1, 1, 1]
[MARKOV] Filtered=305 candles, 46 states
[MARKOV] State=1111, last_dir=DOWN, p̂=0.312 (n=16)
[POLY] YES=0.505, NO=0.495
[SIGNAL] DOWN, p̂=0.312, q=0.505, Δ=-0.193 → Low ATR (75.74 < 86.41)

✓ #203 p̂=0.312, Signal=False
⏰ Next: 20:21:24
---
=== Tue May 26 20:21:24 UTC 2026 ===
BTC 5m Bot v3 - ATR+Vol Filter
MIN_PROB=0.87, ATR>0.8x avg, Vol>0.6x avg
Cycle 203/50

============================================================
Cycle #204 | 20:21:24 UTC
[BTC] 1440 candles
[FILTER] ATR=71.43 (avg=104.50, threshold=83.60)
[FILTER] Vol=5.5337 (avg=16.9358, threshold=10.1615)
[BTC] Last streaks: [1, 1, 1, 1, 2]
[MARKOV] Filtered=341 candles, 47 states
[MARKOV] State=1112, last_dir=DOWN, p̂=0.696 (n=23)
[POLY] YES=0.505, NO=0.495
[SIGNAL] DOWN, p̂=0.696, q=0.505, Δ=0.191 → Low ATR (71.43 < 83.60)

✓ #204 p̂=0.696, Signal=False
⏰ Next: 20:22:48
---
=== Tue May 26 20:22:48 UTC 2026 ===
BTC 5m Bot v3 - ATR+Vol Filter
MIN_PROB=0.87, ATR>0.8x avg, Vol>0.6x avg
Cycle 204/50

============================================================
Cycle #205 | 20:22:48 UTC
[BTC] 1440 candles
[FILTER] ATR=72.40 (avg=104.55, threshold=83.64)
[FILTER] Vol=8.0230 (avg=17.0602, threshold=10.2361)
[BTC] Last streaks: [1, 1, 1, 1, 2]
[MARKOV] Filtered=340 candles, 47 states
[MARKOV] State=1112, last_dir=DOWN, p̂=0.696 (n=23)
[POLY] YES=0.505, NO=0.495
[SIGNAL] DOWN, p̂=0.696, q=0.505, Δ=0.191 → Low ATR (72.40 < 83.64)

✓ #205 p̂=0.696, Signal=False
⏰ Next: 20:24:13
---
=== Tue May 26 20:24:13 UTC 2026 ===
BTC 5m Bot v3 - ATR+Vol Filter
MIN_PROB=0.87, ATR>0.8x avg, Vol>0.6x avg
Cycle 205/50

============================================================
Cycle #206 | 20:24:13 UTC
[BTC] 1440 candles
[FILTER] ATR=72.51 (avg=104.56, threshold=83.65)
[FILTER] Vol=12.3371 (avg=17.2760, threshold=10.3656)
[BTC] Last streaks: [1, 1, 1, 1, 1]
[MARKOV] Filtered=338 candles, 47 states
[MARKOV] State=1111, last_dir=UP, p̂=0.364 (n=22)
[POLY] YES=0.505, NO=0.495
[SIGNAL] UP, p̂=0.364, q=0.495, Δ=-0.131 → Low ATR (72.51 < 83.65)

✓ #206 p̂=0.364, Signal=False
⏰ Next: 20:25:37
---
=== Tue May 26 20:25:37 UTC 2026 ===
BTC 5m Bot v3 - ATR+Vol Filter
MIN_PROB=0.87, ATR>0.8x avg, Vol>0.6x avg
Cycle 206/50

============================================================
Cycle #207 | 20:25:37 UTC
[BTC] 1440 candles
[FILTER] ATR=67.06 (avg=100.98, threshold=80.79)
[FILTER] Vol=0.8051 (avg=16.6662, threshold=9.9997)
[BTC] Last streaks: [1, 1, 1, 1, 2]
[MARKOV] Filtered=364 candles, 50 states
[MARKOV] State=1112, last_dir=UP, p̂=0.680 (n=25)
[POLY] YES=0.505, NO=0.495
[SIGNAL] UP, p̂=0.680, q=0.495, Δ=0.185 → Low ATR (67.06 < 80.79)

✓ #207 p̂=0.680, Signal=False
⏰ Next: 20:27:01
---
=== Tue May 26 20:27:01 UTC 2026 ===
BTC 5m Bot v3 - ATR+Vol Filter
MIN_PROB=0.87, ATR>0.8x avg, Vol>0.6x avg
Cycle 207/50

============================================================
Cycle #208 | 20:27:01 UTC
[BTC] 1440 candles
[FILTER] ATR=69.79 (avg=101.12, threshold=80.90)
[FILTER] Vol=2.5448 (avg=16.7532, threshold=10.0519)
[BTC] Last streaks: [1, 1, 1, 1, 2]
[MARKOV] Filtered=363 candles, 50 states
[MARKOV] State=1112, last_dir=UP, p̂=0.680 (n=25)
[POLY] YES=0.505, NO=0.495
[SIGNAL] UP, p̂=0.680, q=0.495, Δ=0.185 → Low ATR (69.79 < 80.90)

✓ #208 p̂=0.680, Signal=False
⏰ Next: 20:28:27
---
=== Tue May 26 20:28:15 UTC 2026 ===
BTC 5m Bot v3 - ATR+Vol Filter
MIN_PROB=0.87, ATR>0.8x avg, Vol>0.6x avg
Cycle 209/50

============================================================
Cycle #210 | 20:28:15 UTC
[BTC] 1440 candles
[FILTER] ATR=72.36 (avg=101.25, threshold=81.00)
[FILTER] Vol=3.3071 (avg=16.7913, threshold=10.0748)
[BTC] Last streaks: [1, 1, 1, 1, 2]
[MARKOV] Filtered=362 candles, 50 states
[MARKOV] State=1112, last_dir=UP, p̂=0.680 (n=25)
[POLY] YES=0.505, NO=0.495
[SIGNAL] UP, p̂=0.680, q=0.495, Δ=0.185 → Low ATR (72.36 < 81.00)

✓ #210 p̂=0.680, Signal=False
⏰ Next: 20:29:39
---
=== Tue May 26 20:38:17 UTC 2026 ===
BTC 5m Bot v3 - ATR+Vol Filter
MIN_PROB=0.87, ATR>0.8x avg, Vol>0.6x avg
Cycle 210/50

============================================================
Cycle #211 | 20:38:17 UTC
[BTC] 1440 candles
[FILTER] ATR=81.13 (avg=96.34, threshold=77.07)
[FILTER] Vol=8.1119 (avg=13.9820, threshold=8.3892)
[BTC] Last streaks: [1, 1, 2, 1, 2]
[MARKOV] Filtered=439 candles, 52 states
[MARKOV] State=1212, last_dir=DOWN, p̂=0.615 (n=26)
[POLY] YES=0.505, NO=0.495
[SIGNAL] DOWN, p̂=0.615, q=0.505, Δ=0.110 → Low Vol (8.1119 < 8.3892)

✓ #211 p̂=0.615, Signal=False
⏰ Next: 20:39:42
---
=== Tue May 26 20:39:42 UTC 2026 ===
BTC 5m Bot v3 - ATR+Vol Filter
MIN_PROB=0.87, ATR>0.8x avg, Vol>0.6x avg
Cycle 211/50

============================================================
Cycle #212 | 20:39:42 UTC
[BTC] 1440 candles
[FILTER] ATR=82.87 (avg=96.42, threshold=77.14)
[FILTER] Vol=9.1068 (avg=14.0317, threshold=8.4190)
[BTC] Last streaks: [1, 1, 2, 1, 1]
[MARKOV] Filtered=436 candles, 52 states
[MARKOV] State=1211, last_dir=UP, p̂=0.625 (n=24)
[POLY] YES=0.505, NO=0.495
[SIGNAL] UP, p̂=0.625, q=0.495, Δ=0.130 → p̂ 0.625 < 0.87

✓ #212 p̂=0.625, Signal=False
⏰ Next: 20:41:08
---
=== Tue May 26 20:41:09 UTC 2026 ===
BTC 5m Bot v3 - ATR+Vol Filter
MIN_PROB=0.87, ATR>0.8x avg, Vol>0.6x avg
Cycle 212/50

============================================================
Cycle #213 | 20:41:09 UTC
[BTC] 1440 candles
[FILTER] ATR=76.97 (avg=93.73, threshold=74.99)
[FILTER] Vol=0.6490 (avg=11.2543, threshold=6.7526)
[BTC] Last streaks: [1, 2, 1, 1, 2]
[MARKOV] Filtered=529 candles, 55 states
[MARKOV] State=2112, last_dir=UP, p̂=0.385 (n=13)
[POLY] YES=0.505, NO=0.495
[SIGNAL] UP, p̂=0.385, q=0.495, Δ=-0.110 → Low Vol (0.6490 < 6.7526)

✓ #213 p̂=0.385, Signal=False
⏰ Next: 20:42:33
---
=== Tue May 26 20:42:33 UTC 2026 ===
BTC 5m Bot v3 - ATR+Vol Filter
MIN_PROB=0.87, ATR>0.8x avg, Vol>0.6x avg
Cycle 213/50

============================================================
Cycle #214 | 20:42:33 UTC
[BTC] 1440 candles
[FILTER] ATR=79.93 (avg=93.88, threshold=75.11)
[FILTER] Vol=1.6260 (avg=11.3032, threshold=6.7819)
[BTC] Last streaks: [1, 2, 1, 1, 2]
[MARKOV] Filtered=528 candles, 55 states
[MARKOV] State=2112, last_dir=UP, p̂=0.385 (n=13)
[POLY] YES=0.505, NO=0.495
[SIGNAL] UP, p̂=0.385, q=0.495, Δ=-0.110 → Low Vol (1.6260 < 6.7819)

✓ #214 p̂=0.385, Signal=False
⏰ Next: 20:43:59
---
=== Tue May 26 20:43:59 UTC 2026 ===
BTC 5m Bot v3 - ATR+Vol Filter
MIN_PROB=0.87, ATR>0.8x avg, Vol>0.6x avg
Cycle 214/50

============================================================
Cycle #215 | 20:44:00 UTC
[BTC] 1440 candles
[FILTER] ATR=80.04 (avg=93.89, threshold=75.11)
[FILTER] Vol=2.1930 (avg=11.3315, threshold=6.7989)
[BTC] Last streaks: [1, 2, 1, 1, 2]
[MARKOV] Filtered=525 candles, 55 states
[MARKOV] State=2112, last_dir=UP, p̂=0.385 (n=13)
[POLY] YES=0.505, NO=0.495
[SIGNAL] UP, p̂=0.385, q=0.495, Δ=-0.110 → Low Vol (2.1930 < 6.7989)

✓ #215 p̂=0.385, Signal=False
⏰ Next: 20:45:25
---
=== Tue May 26 20:45:25 UTC 2026 ===
BTC 5m Bot v3 - ATR+Vol Filter
MIN_PROB=0.87, ATR>0.8x avg, Vol>0.6x avg
Cycle 215/50

============================================================
Cycle #216 | 20:45:25 UTC
[BTC] 1440 candles
[FILTER] ATR=74.34 (avg=91.28, threshold=73.02)
[FILTER] Vol=0.1279 (avg=10.6673, threshold=6.4004)
[BTC] Last streaks: [2, 1, 1, 2, 3]
[MARKOV] Filtered=564 candles, 57 states
[MARKOV] State=1123, last_dir=UP, p̂=0.344 (n=32)
[POLY] YES=0.505, NO=0.495
[SIGNAL] UP, p̂=0.344, q=0.495, Δ=-0.151 → Low Vol (0.1279 < 6.4004)

✓ #216 p̂=0.344, Signal=False
⏰ Next: 20:46:50
---
=== Tue May 26 20:46:50 UTC 2026 ===
BTC 5m Bot v3 - ATR+Vol Filter
MIN_PROB=0.87, ATR>0.8x avg, Vol>0.6x avg
Cycle 216/50

============================================================
Cycle #217 | 20:46:51 UTC
[BTC] 1440 candles
[FILTER] ATR=74.89 (avg=91.30, threshold=73.04)
[FILTER] Vol=0.5590 (avg=10.6889, threshold=6.4133)
[BTC] Last streaks: [2, 1, 1, 2, 3]
[MARKOV] Filtered=563 candles, 57 states
[MARKOV] State=1123, last_dir=UP, p̂=0.344 (n=32)
[POLY] YES=0.505, NO=0.495
[SIGNAL] UP, p̂=0.344, q=0.495, Δ=-0.151 → Low Vol (0.5590 < 6.4133)

✓ #217 p̂=0.344, Signal=False
⏰ Next: 20:48:15
---
=== Tue May 26 20:48:16 UTC 2026 ===
BTC 5m Bot v3 - ATR+Vol Filter
MIN_PROB=0.87, ATR>0.8x avg, Vol>0.6x avg
Cycle 217/50

============================================================
Cycle #218 | 20:48:16 UTC
[BTC] 1440 candles
[FILTER] ATR=75.82 (avg=91.35, threshold=73.08)
[FILTER] Vol=1.6136 (avg=10.7416, threshold=6.4450)
[BTC] Last streaks: [2, 1, 1, 2, 3]
[MARKOV] Filtered=563 candles, 57 states
[MARKOV] State=1123, last_dir=UP, p̂=0.344 (n=32)
[POLY] YES=0.505, NO=0.495
[SIGNAL] UP, p̂=0.344, q=0.495, Δ=-0.151 → Low Vol (1.6136 < 6.4450)

✓ #218 p̂=0.344, Signal=False
⏰ Next: 20:49:40
---
=== Tue May 26 20:49:40 UTC 2026 ===
BTC 5m Bot v3 - ATR+Vol Filter
MIN_PROB=0.87, ATR>0.8x avg, Vol>0.6x avg
Cycle 218/50

============================================================
Cycle #219 | 20:49:41 UTC
[BTC] 1440 candles
[FILTER] ATR=76.72 (avg=91.40, threshold=73.12)
[FILTER] Vol=1.9242 (avg=10.7572, threshold=6.4543)
[BTC] Last streaks: [2, 1, 1, 2, 3]
[MARKOV] Filtered=562 candles, 57 states
[MARKOV] State=1123, last_dir=UP, p̂=0.344 (n=32)
[POLY] YES=0.505, NO=0.495
[SIGNAL] UP, p̂=0.344, q=0.495, Δ=-0.151 → Low Vol (1.9242 < 6.4543)

✓ #219 p̂=0.344, Signal=False
⏰ Next: 20:51:06
---
=== Tue May 26 20:51:06 UTC 2026 ===
BTC 5m Bot v3 - ATR+Vol Filter
MIN_PROB=0.87, ATR>0.8x avg, Vol>0.6x avg
Cycle 219/50

============================================================
Cycle #220 | 20:51:06 UTC
[BTC] 1440 candles
[FILTER] ATR=69.91 (avg=88.74, threshold=70.99)
[FILTER] Vol=1.1550 (avg=10.3154, threshold=6.1892)
[BTC] Last streaks: [1, 1, 2, 3, 1]
[MARKOV] Filtered=588 candles, 58 states
[MARKOV] State=1231, last_dir=DOWN, p̂=0.395 (n=43)
[POLY] YES=0.505, NO=0.495
[SIGNAL] DOWN, p̂=0.395, q=0.505, Δ=-0.110 → Low ATR (69.91 < 70.99)

✓ #220 p̂=0.395, Signal=False
⏰ Next: 20:52:30
---
=== Tue May 26 20:52:31 UTC 2026 ===
BTC 5m Bot v3 - ATR+Vol Filter
MIN_PROB=0.87, ATR>0.8x avg, Vol>0.6x avg
Cycle 220/50

============================================================
Cycle #221 | 20:52:31 UTC
[BTC] 1440 candles
[FILTER] ATR=69.91 (avg=88.74, threshold=70.99)
[FILTER] Vol=4.0158 (avg=10.4584, threshold=6.2750)
[BTC] Last streaks: [1, 1, 2, 3, 1]
[MARKOV] Filtered=586 candles, 58 states
[MARKOV] State=1231, last_dir=DOWN, p̂=0.381 (n=42)
[POLY] YES=0.505, NO=0.495
[SIGNAL] DOWN, p̂=0.381, q=0.505, Δ=-0.124 → Low ATR (69.91 < 70.99)

✓ #221 p̂=0.381, Signal=False
⏰ Next: 20:53:55
---
=== Tue May 26 20:53:56 UTC 2026 ===
BTC 5m Bot v3 - ATR+Vol Filter
MIN_PROB=0.87, ATR>0.8x avg, Vol>0.6x avg
Cycle 221/50

============================================================
Cycle #222 | 20:53:56 UTC
[BTC] 1440 candles
[FILTER] ATR=70.13 (avg=88.75, threshold=71.00)
[FILTER] Vol=5.1171 (avg=10.5135, threshold=6.3081)
[BTC] Last streaks: [1, 1, 2, 3, 1]
[MARKOV] Filtered=585 candles, 58 states
[MARKOV] State=1231, last_dir=DOWN, p̂=0.381 (n=42)
[POLY] YES=0.505, NO=0.495
[SIGNAL] DOWN, p̂=0.381, q=0.505, Δ=-0.124 → Low ATR (70.13 < 71.00)

✓ #222 p̂=0.381, Signal=False
⏰ Next: 20:55:20
---
=== Tue May 26 20:55:20 UTC 2026 ===
BTC 5m Bot v3 - ATR+Vol Filter
MIN_PROB=0.87, ATR>0.8x avg, Vol>0.6x avg
Cycle 222/50

============================================================
Cycle #223 | 20:55:21 UTC
[BTC] 1440 candles
[FILTER] ATR=66.86 (avg=85.96, threshold=68.77)
[FILTER] Vol=0.1930 (avg=9.8470, threshold=5.9082)
[BTC] Last streaks: [1, 2, 3, 1, 2]
[MARKOV] Filtered=621 candles, 58 states
[MARKOV] State=2312, last_dir=DOWN, p̂=0.536 (n=28)
[POLY] YES=0.505, NO=0.495
[SIGNAL] DOWN, p̂=0.536, q=0.505, Δ=0.031 → Low ATR (66.86 < 68.77)

✓ #223 p̂=0.536, Signal=False
⏰ Next: 20:56:45
---
=== Tue May 26 20:56:45 UTC 2026 ===
BTC 5m Bot v3 - ATR+Vol Filter
MIN_PROB=0.87, ATR>0.8x avg, Vol>0.6x avg
Cycle 223/50

============================================================
Cycle #224 | 20:56:46 UTC
[BTC] 1440 candles
[FILTER] ATR=68.66 (avg=86.05, threshold=68.84)
[FILTER] Vol=0.5590 (avg=9.8653, threshold=5.9192)
[BTC] Last streaks: [1, 2, 3, 1, 1]
[MARKOV] Filtered=619 candles, 58 states
[MARKOV] State=2311, last_dir=UP, p̂=0.615 (n=13)
[POLY] YES=0.505, NO=0.495
[SIGNAL] UP, p̂=0.615, q=0.495, Δ=0.120 → Low ATR (68.66 < 68.84)

✓ #224 p̂=0.615, Signal=False
⏰ Next: 20:58:10
---
=== Tue May 26 20:58:10 UTC 2026 ===
BTC 5m Bot v3 - ATR+Vol Filter
MIN_PROB=0.87, ATR>0.8x avg, Vol>0.6x avg
Cycle 224/50

============================================================
Cycle #225 | 20:58:10 UTC
[BTC] 1440 candles
[FILTER] ATR=69.28 (avg=86.08, threshold=68.86)
[FILTER] Vol=0.9344 (avg=9.8841, threshold=5.9304)
[BTC] Last streaks: [1, 2, 3, 1, 1]
[MARKOV] Filtered=619 candles, 58 states
[MARKOV] State=2311, last_dir=UP, p̂=0.615 (n=13)
[POLY] YES=0.505, NO=0.495
[SIGNAL] UP, p̂=0.615, q=0.495, Δ=0.120 → Low Vol (0.9344 < 5.9304)

✓ #225 p̂=0.615, Signal=False
⏰ Next: 20:59:35
---
=== Tue May 26 20:59:35 UTC 2026 ===
BTC 5m Bot v3 - ATR+Vol Filter
MIN_PROB=0.87, ATR>0.8x avg, Vol>0.6x avg
Cycle 225/50

============================================================
Cycle #226 | 20:59:35 UTC
[BTC] 1440 candles
[FILTER] ATR=69.28 (avg=86.08, threshold=68.86)
[FILTER] Vol=3.8651 (avg=10.0306, threshold=6.0184)
[BTC] Last streaks: [1, 2, 3, 1, 1]
[MARKOV] Filtered=619 candles, 58 states
[MARKOV] State=2311, last_dir=UP, p̂=0.615 (n=13)
[POLY] YES=0.505, NO=0.495
[SIGNAL] UP, p̂=0.615, q=0.495, Δ=0.120 → Low Vol (3.8651 < 6.0184)

✓ #226 p̂=0.615, Signal=False
⏰ Next: 21:01:00
---
=== Tue May 26 21:01:00 UTC 2026 ===
BTC 5m Bot v3 - ATR+Vol Filter
MIN_PROB=0.87, ATR>0.8x avg, Vol>0.6x avg
Cycle 226/50

============================================================
Cycle #227 | 21:01:00 UTC
[BTC] 1440 candles
[FILTER] ATR=63.50 (avg=83.38, threshold=66.70)
[FILTER] Vol=0.3083 (avg=9.6005, threshold=5.7603)
[BTC] Last streaks: [2, 3, 1, 1, 2]
[MARKOV] Filtered=671 candles, 58 states
[MARKOV] State=3112, last_dir=UP, p̂=0.250 (n=8)
[POLY] YES=0.505, NO=0.495
[SIGNAL] UP, p̂=0.250, q=0.495, Δ=-0.245 → Low ATR (63.50 < 66.70)

✓ #227 p̂=0.250, Signal=False
⏰ Next: 21:02:25
---
=== Tue May 26 21:02:25 UTC 2026 ===
BTC 5m Bot v3 - ATR+Vol Filter
MIN_PROB=0.87, ATR>0.8x avg, Vol>0.6x avg
Cycle 227/50

============================================================
Cycle #228 | 21:02:25 UTC
[BTC] 1440 candles
[FILTER] ATR=64.04 (avg=83.40, threshold=66.72)
[FILTER] Vol=0.6130 (avg=9.6157, threshold=5.7694)
[BTC] Last streaks: [2, 3, 1, 1, 2]
[MARKOV] Filtered=669 candles, 58 states
[MARKOV] State=3112, last_dir=UP, p̂=0.250 (n=8)
[POLY] YES=0.505, NO=0.495
[SIGNAL] UP, p̂=0.250, q=0.495, Δ=-0.245 → Low ATR (64.04 < 66.72)

✓ #228 p̂=0.250, Signal=False
⏰ Next: 21:03:49
---
=== Tue May 26 21:03:50 UTC 2026 ===
BTC 5m Bot v3 - ATR+Vol Filter
MIN_PROB=0.87, ATR>0.8x avg, Vol>0.6x avg
Cycle 228/50

============================================================
Cycle #229 | 21:03:50 UTC
[BTC] 1440 candles
[FILTER] ATR=66.21 (avg=83.51, threshold=66.81)
[FILTER] Vol=2.0878 (avg=9.6895, threshold=5.8137)
[BTC] Last streaks: [2, 3, 1, 1, 1]
[MARKOV] Filtered=662 candles, 58 states
[MARKOV] State=3111, last_dir=DOWN, p̂=0.833 (n=12)
[POLY] YES=0.505, NO=0.495
[SIGNAL] DOWN, p̂=0.833, q=0.505, Δ=0.328 → Low ATR (66.21 < 66.81)

✓ #229 p̂=0.833, Signal=False
⏰ Next: 21:05:15
---
=== Tue May 26 21:05:15 UTC 2026 ===
BTC 5m Bot v3 - ATR+Vol Filter
MIN_PROB=0.87, ATR>0.8x avg, Vol>0.6x avg
Cycle 229/50

============================================================
Cycle #230 | 21:05:15 UTC
[BTC] 1440 candles
[FILTER] ATR=67.37 (avg=81.56, threshold=65.25)
[FILTER] Vol=0.9086 (avg=9.3954, threshold=5.6373)
[BTC] Last streaks: [3, 1, 1, 1, 1]
[MARKOV] Filtered=705 candles, 58 states
[MARKOV] State=1111, last_dir=UP, p̂=0.375 (n=48)
[POLY] YES=0.505, NO=0.495
[SIGNAL] UP, p̂=0.375, q=0.495, Δ=-0.120 → Low Vol (0.9086 < 5.6373)

✓ #230 p̂=0.375, Signal=False
⏰ Next: 21:06:40
---
=== Tue May 26 21:06:40 UTC 2026 ===
BTC 5m Bot v3 - ATR+Vol Filter
MIN_PROB=0.87, ATR>0.8x avg, Vol>0.6x avg
Cycle 230/50

============================================================
Cycle #231 | 21:06:40 UTC
[BTC] 1440 candles
[FILTER] ATR=68.56 (avg=81.62, threshold=65.29)
[FILTER] Vol=1.8802 (avg=9.4440, threshold=5.6664)
[BTC] Last streaks: [3, 1, 1, 1, 1]
[MARKOV] Filtered=704 candles, 58 states
[MARKOV] State=1111, last_dir=UP, p̂=0.375 (n=48)
[POLY] YES=0.505, NO=0.495
[SIGNAL] UP, p̂=0.375, q=0.495, Δ=-0.120 → Low Vol (1.8802 < 5.6664)

✓ #231 p̂=0.375, Signal=False
⏰ Next: 21:08:05
---
=== Tue May 26 21:08:05 UTC 2026 ===
BTC 5m Bot v3 - ATR+Vol Filter
MIN_PROB=0.87, ATR>0.8x avg, Vol>0.6x avg
Cycle 231/50

============================================================
Cycle #232 | 21:08:05 UTC
[BTC] 1440 candles
[FILTER] ATR=68.77 (avg=81.63, threshold=65.30)
[FILTER] Vol=3.6684 (avg=9.5334, threshold=5.7201)
[BTC] Last streaks: [3, 1, 1, 1, 2]
[MARKOV] Filtered=700 candles, 58 states
[MARKOV] State=1112, last_dir=DOWN, p̂=0.642 (n=53)
[POLY] YES=0.505, NO=0.495
[SIGNAL] DOWN, p̂=0.642, q=0.505, Δ=0.137 → Low Vol (3.6684 < 5.7201)

✓ #232 p̂=0.642, Signal=False
⏰ Next: 21:09:29
---
=== Tue May 26 21:09:30 UTC 2026 ===
BTC 5m Bot v3 - ATR+Vol Filter
MIN_PROB=0.87, ATR>0.8x avg, Vol>0.6x avg
Cycle 232/50

============================================================
Cycle #233 | 21:09:30 UTC
[BTC] 1440 candles
[FILTER] ATR=68.77 (avg=81.63, threshold=65.30)
[FILTER] Vol=5.3882 (avg=9.6194, threshold=5.7717)
[BTC] Last streaks: [3, 1, 1, 1, 2]
[MARKOV] Filtered=695 candles, 58 states
[MARKOV] State=1112, last_dir=DOWN, p̂=0.642 (n=53)
[POLY] YES=0.505, NO=0.495
[SIGNAL] DOWN, p̂=0.642, q=0.505, Δ=0.137 → Low Vol (5.3882 < 5.7717)

✓ #233 p̂=0.642, Signal=False
⏰ Next: 21:10:54
---
=== Tue May 26 21:10:54 UTC 2026 ===
BTC 5m Bot v3 - ATR+Vol Filter
MIN_PROB=0.87, ATR>0.8x avg, Vol>0.6x avg
Cycle 233/50

============================================================
Cycle #234 | 21:10:55 UTC
[BTC] 1440 candles
[FILTER] ATR=67.46 (avg=79.74, threshold=63.79)
[FILTER] Vol=1.1988 (avg=8.7508, threshold=5.2505)
[BTC] Last streaks: [1, 1, 1, 2, 3]
[MARKOV] Filtered=750 candles, 58 states
[MARKOV] State=1123, last_dir=DOWN, p̂=0.390 (n=41)
[POLY] YES=0.505, NO=0.495
[SIGNAL] DOWN, p̂=0.390, q=0.505, Δ=-0.115 → Low Vol (1.1988 < 5.2505)

✓ #234 p̂=0.390, Signal=False
⏰ Next: 21:12:20
---
=== Tue May 26 21:12:20 UTC 2026 ===
BTC 5m Bot v3 - ATR+Vol Filter
MIN_PROB=0.87, ATR>0.8x avg, Vol>0.6x avg
Cycle 234/50

============================================================
Cycle #235 | 21:12:20 UTC
[BTC] 1440 candles
[FILTER] ATR=68.27 (avg=79.78, threshold=63.82)
[FILTER] Vol=1.8995 (avg=8.7859, threshold=5.2715)
[BTC] Last streaks: [1, 1, 1, 2, 3]
[MARKOV] Filtered=749 candles, 58 states
[MARKOV] State=1123, last_dir=DOWN, p̂=0.390 (n=41)
[POLY] YES=0.505, NO=0.495
[SIGNAL] DOWN, p̂=0.390, q=0.505, Δ=-0.115 → Low Vol (1.8995 < 5.2715)

✓ #235 p̂=0.390, Signal=False
⏰ Next: 21:13:45
---
=== Tue May 26 21:13:45 UTC 2026 ===
BTC 5m Bot v3 - ATR+Vol Filter
MIN_PROB=0.87, ATR>0.8x avg, Vol>0.6x avg
Cycle 235/50

============================================================
Cycle #236 | 21:13:46 UTC
[BTC] 1440 candles
[FILTER] ATR=76.54 (avg=80.19, threshold=64.15)
[FILTER] Vol=24.2595 (avg=9.9039, threshold=5.9423)
[BTC] Last streaks: [1, 1, 1, 2, 3]
[MARKOV] Filtered=699 candles, 58 states
[MARKOV] State=1123, last_dir=DOWN, p̂=0.385 (n=39)
[POLY] YES=0.505, NO=0.495
[SIGNAL] DOWN, p̂=0.385, q=0.505, Δ=-0.120 → p̂ 0.385 < 0.87

✓ #236 p̂=0.385, Signal=False
⏰ Next: 21:15:10
---
=== Tue May 26 21:15:11 UTC 2026 ===
BTC 5m Bot v3 - ATR+Vol Filter
MIN_PROB=0.87, ATR>0.8x avg, Vol>0.6x avg
Cycle 236/50

============================================================
Cycle #237 | 21:15:11 UTC
[BTC] 1440 candles
[FILTER] ATR=73.24 (avg=79.00, threshold=63.20)
[FILTER] Vol=0.0008 (avg=9.8278, threshold=5.8967)
[BTC] Last streaks: [1, 1, 2, 3, 4]
[MARKOV] Filtered=714 candles, 58 states
[MARKOV] State=1234, last_dir=DOWN, p̂=0.444 (n=45)
[POLY] YES=0.505, NO=0.495
[SIGNAL] DOWN, p̂=0.444, q=0.505, Δ=-0.061 → Low Vol (0.0008 < 5.8967)

✓ #237 p̂=0.444, Signal=False
⏰ Next: 21:16:35
---
=== Tue May 26 21:16:35 UTC 2026 ===
BTC 5m Bot v3 - ATR+Vol Filter
MIN_PROB=0.87, ATR>0.8x avg, Vol>0.6x avg
Cycle 237/50

============================================================
Cycle #238 | 21:16:36 UTC
[BTC] 1440 candles
[FILTER] ATR=76.88 (avg=79.18, threshold=63.34)
[FILTER] Vol=1.5714 (avg=9.9063, threshold=5.9438)
[BTC] Last streaks: [1, 1, 2, 3, 1]
[MARKOV] Filtered=710 candles, 58 states
[MARKOV] State=1231, last_dir=UP, p̂=0.415 (n=53)
[POLY] YES=0.505, NO=0.495
[SIGNAL] UP, p̂=0.415, q=0.495, Δ=-0.080 → Low Vol (1.5714 < 5.9438)

✓ #238 p̂=0.415, Signal=False
⏰ Next: 21:18:00
---
=== Tue May 26 21:18:00 UTC 2026 ===
BTC 5m Bot v3 - ATR+Vol Filter
MIN_PROB=0.87, ATR>0.8x avg, Vol>0.6x avg
Cycle 238/50

============================================================
Cycle #239 | 21:18:01 UTC
[BTC] 1440 candles
[FILTER] ATR=78.49 (avg=79.26, threshold=63.41)
[FILTER] Vol=3.3050 (avg=9.9930, threshold=5.9958)
[BTC] Last streaks: [1, 1, 2, 3, 1]
[MARKOV] Filtered=709 candles, 58 states
[MARKOV] State=1231, last_dir=UP, p̂=0.415 (n=53)
[POLY] YES=0.505, NO=0.495
[SIGNAL] UP, p̂=0.415, q=0.495, Δ=-0.080 → Low Vol (3.3050 < 5.9958)

✓ #239 p̂=0.415, Signal=False
⏰ Next: 21:19:25
---
=== Tue May 26 21:19:25 UTC 2026 ===
BTC 5m Bot v3 - ATR+Vol Filter
MIN_PROB=0.87, ATR>0.8x avg, Vol>0.6x avg
Cycle 239/50

============================================================
Cycle #240 | 21:19:26 UTC
[BTC] 1440 candles
[FILTER] ATR=79.50 (avg=79.31, threshold=63.45)
[FILTER] Vol=3.6839 (avg=10.0120, threshold=6.0072)
[BTC] Last streaks: [1, 1, 2, 3, 1]
[MARKOV] Filtered=708 candles, 58 states
[MARKOV] State=1231, last_dir=UP, p̂=0.415 (n=53)
[POLY] YES=0.505, NO=0.495
[SIGNAL] UP, p̂=0.415, q=0.495, Δ=-0.080 → Low Vol (3.6839 < 6.0072)

✓ #240 p̂=0.415, Signal=False
⏰ Next: 21:20:50
---
=== Tue May 26 21:20:50 UTC 2026 ===
BTC 5m Bot v3 - ATR+Vol Filter
MIN_PROB=0.87, ATR>0.8x avg, Vol>0.6x avg
Cycle 240/50

============================================================
Cycle #241 | 21:20:50 UTC
[BTC] 1440 candles
[FILTER] ATR=76.72 (avg=78.21, threshold=62.57)
[FILTER] Vol=0.2695 (avg=9.3413, threshold=5.6048)
[BTC] Last streaks: [1, 2, 3, 1, 2]
[MARKOV] Filtered=743 candles, 58 states
[MARKOV] State=2312, last_dir=UP, p̂=0.531 (n=32)
[POLY] YES=0.505, NO=0.495
[SIGNAL] UP, p̂=0.531, q=0.495, Δ=0.036 → Low Vol (0.2695 < 5.6048)

✓ #241 p̂=0.531, Signal=False
⏰ Next: 21:22:15
---
=== Tue May 26 21:22:15 UTC 2026 ===
BTC 5m Bot v3 - ATR+Vol Filter
MIN_PROB=0.87, ATR>0.8x avg, Vol>0.6x avg
Cycle 241/50

============================================================
Cycle #242 | 21:22:15 UTC
[BTC] 1440 candles
[FILTER] ATR=78.86 (avg=78.32, threshold=62.66)
[FILTER] Vol=1.8819 (avg=9.4219, threshold=5.6532)
[BTC] Last streaks: [1, 2, 3, 1, 2]
[MARKOV] Filtered=740 candles, 58 states
[MARKOV] State=2312, last_dir=UP, p̂=0.531 (n=32)
[POLY] YES=0.505, NO=0.495
[SIGNAL] UP, p̂=0.531, q=0.495, Δ=0.036 → Low Vol (1.8819 < 5.6532)

✓ #242 p̂=0.531, Signal=False
⏰ Next: 21:23:40
---
=== Tue May 26 21:23:40 UTC 2026 ===
BTC 5m Bot v3 - ATR+Vol Filter
MIN_PROB=0.87, ATR>0.8x avg, Vol>0.6x avg
Cycle 242/50

============================================================
Cycle #243 | 21:23:40 UTC
[BTC] 1440 candles
[FILTER] ATR=79.47 (avg=78.35, threshold=62.68)
[FILTER] Vol=2.3911 (avg=9.4474, threshold=5.6684)
[BTC] Last streaks: [1, 2, 3, 1, 2]
[MARKOV] Filtered=740 candles, 58 states
[MARKOV] State=2312, last_dir=UP, p̂=0.531 (n=32)
[POLY] YES=0.505, NO=0.495
[SIGNAL] UP, p̂=0.531, q=0.495, Δ=0.036 → Low Vol (2.3911 < 5.6684)

✓ #243 p̂=0.531, Signal=False
⏰ Next: 21:25:05
---
=== Tue May 26 21:25:05 UTC 2026 ===
BTC 5m Bot v3 - ATR+Vol Filter
MIN_PROB=0.87, ATR>0.8x avg, Vol>0.6x avg
Cycle 243/50

============================================================
Cycle #244 | 21:25:06 UTC
[BTC] 1440 candles
[FILTER] ATR=73.60 (avg=77.25, threshold=61.80)
[FILTER] Vol=1.7707 (avg=9.1100, threshold=5.4660)
[BTC] Last streaks: [2, 3, 1, 2, 3]
[MARKOV] Filtered=758 candles, 58 states
[MARKOV] State=3123, last_dir=UP, p̂=0.474 (n=19)
[POLY] YES=0.505, NO=0.495
[SIGNAL] UP, p̂=0.474, q=0.495, Δ=-0.021 → Low Vol (1.7707 < 5.4660)

✓ #244 p̂=0.474, Signal=False
⏰ Next: 21:26:30
---
=== Tue May 26 21:26:30 UTC 2026 ===
BTC 5m Bot v3 - ATR+Vol Filter
MIN_PROB=0.87, ATR>0.8x avg, Vol>0.6x avg
Cycle 244/50

============================================================
Cycle #245 | 21:26:30 UTC
[BTC] 1440 candles
[FILTER] ATR=74.63 (avg=77.30, threshold=61.84)
[FILTER] Vol=4.6243 (avg=9.2527, threshold=5.5516)
[BTC] Last streaks: [2, 3, 1, 2, 3]
[MARKOV] Filtered=753 candles, 58 states
[MARKOV] State=3123, last_dir=UP, p̂=0.474 (n=19)
[POLY] YES=0.505, NO=0.495
[SIGNAL] UP, p̂=0.474, q=0.495, Δ=-0.021 → Low Vol (4.6243 < 5.5516)

✓ #245 p̂=0.474, Signal=False
⏰ Next: 21:27:55
---
=== Tue May 26 21:27:55 UTC 2026 ===
BTC 5m Bot v3 - ATR+Vol Filter
MIN_PROB=0.87, ATR>0.8x avg, Vol>0.6x avg
Cycle 245/50

============================================================
Cycle #246 | 21:27:55 UTC
[BTC] 1440 candles
[FILTER] ATR=75.44 (avg=77.34, threshold=61.87)
[FILTER] Vol=5.0114 (avg=9.2720, threshold=5.5632)
[BTC] Last streaks: [2, 3, 1, 2, 3]
[MARKOV] Filtered=752 candles, 58 states
[MARKOV] State=3123, last_dir=UP, p̂=0.474 (n=19)
[POLY] YES=0.505, NO=0.495
[SIGNAL] UP, p̂=0.474, q=0.495, Δ=-0.021 → Low Vol (5.0114 < 5.5632)

✓ #246 p̂=0.474, Signal=False
⏰ Next: 21:29:20
---
=== Tue May 26 21:29:20 UTC 2026 ===
BTC 5m Bot v3 - ATR+Vol Filter
MIN_PROB=0.87, ATR>0.8x avg, Vol>0.6x avg
Cycle 246/50

============================================================
Cycle #247 | 21:29:21 UTC
[BTC] 1440 candles
[FILTER] ATR=75.44 (avg=77.34, threshold=61.87)
[FILTER] Vol=5.6547 (avg=9.3042, threshold=5.5825)
[BTC] Last streaks: [2, 3, 1, 2, 3]
[MARKOV] Filtered=751 candles, 58 states
[MARKOV] State=3123, last_dir=UP, p̂=0.474 (n=19)
[POLY] YES=0.505, NO=0.495
[SIGNAL] UP, p̂=0.474, q=0.495, Δ=-0.021 → p̂ 0.474 < 0.87

✓ #247 p̂=0.474, Signal=False
⏰ Next: 21:30:45
---
=== Tue May 26 21:30:45 UTC 2026 ===
BTC 5m Bot v3 - ATR+Vol Filter
MIN_PROB=0.87, ATR>0.8x avg, Vol>0.6x avg
Cycle 247/50

============================================================
Cycle #248 | 21:30:45 UTC
[BTC] 1440 candles
[FILTER] ATR=71.95 (avg=76.49, threshold=61.19)
[FILTER] Vol=0.2042 (avg=8.6573, threshold=5.1944)
[BTC] Last streaks: [3, 1, 2, 3, 4]
[MARKOV] Filtered=784 candles, 58 states
[MARKOV] State=1234, last_dir=UP, p̂=0.444 (n=45)
[POLY] YES=0.505, NO=0.495
[SIGNAL] UP, p̂=0.444, q=0.495, Δ=-0.051 → Low Vol (0.2042 < 5.1944)

✓ #248 p̂=0.444, Signal=False
⏰ Next: 21:32:10
---
=== Tue May 26 21:32:10 UTC 2026 ===
BTC 5m Bot v3 - ATR+Vol Filter
MIN_PROB=0.87, ATR>0.8x avg, Vol>0.6x avg
Cycle 248/50

============================================================
Cycle #249 | 21:32:10 UTC
[BTC] 1440 candles
[FILTER] ATR=74.05 (avg=76.60, threshold=61.28)
[FILTER] Vol=1.9540 (avg=8.7448, threshold=5.2469)
[BTC] Last streaks: [3, 1, 2, 3, 4]
[MARKOV] Filtered=780 candles, 58 states
[MARKOV] State=1234, last_dir=UP, p̂=0.444 (n=45)
[POLY] YES=0.505, NO=0.495
[SIGNAL] UP, p̂=0.444, q=0.495, Δ=-0.051 → Low Vol (1.9540 < 5.2469)

✓ #249 p̂=0.444, Signal=False
⏰ Next: 21:33:35
---
=== Tue May 26 21:33:35 UTC 2026 ===
BTC 5m Bot v3 - ATR+Vol Filter
MIN_PROB=0.87, ATR>0.8x avg, Vol>0.6x avg
Cycle 249/50

============================================================
Cycle #250 | 21:33:35 UTC
[BTC] 1440 candles
[FILTER] ATR=74.05 (avg=76.60, threshold=61.28)
[FILTER] Vol=7.3846 (avg=9.0163, threshold=5.4098)
[BTC] Last streaks: [3, 1, 2, 3, 4]
[MARKOV] Filtered=769 candles, 58 states
[MARKOV] State=1234, last_dir=UP, p̂=0.444 (n=45)
[POLY] YES=0.505, NO=0.495
[SIGNAL] UP, p̂=0.444, q=0.495, Δ=-0.051 → p̂ 0.444 < 0.87

🌙 NIGHTLY REVIEW after 50 cycles
[REVIEW] max p̂=0.833, avg=0.483, MIN_PROB=0.87

✓ #250 p̂=0.444, Signal=False
⏰ Next: 21:35:00
---
=== Tue May 26 21:35:00 UTC 2026 ===
BTC 5m Bot v3 - ATR+Vol Filter
MIN_PROB=0.87, ATR>0.8x avg, Vol>0.6x avg
Cycle 250/50

============================================================
Cycle #251 | 21:35:01 UTC
[BTC] 1440 candles
[FILTER] ATR=69.31 (avg=75.91, threshold=60.73)
[FILTER] Vol=0.0395 (avg=8.1774, threshold=4.9064)
[BTC] Last streaks: [1, 2, 3, 1, 2]
[MARKOV] Filtered=816 candles, 58 states
[MARKOV] State=2312, last_dir=DOWN, p̂=0.528 (n=36)
[POLY] YES=0.505, NO=0.495
[SIGNAL] DOWN, p̂=0.528, q=0.505, Δ=0.023 → Low Vol (0.0395 < 4.9064)

✓ #251 p̂=0.528, Signal=False
⏰ Next: 21:36:25
---
=== Tue May 26 21:36:26 UTC 2026 ===
BTC 5m Bot v3 - ATR+Vol Filter
MIN_PROB=0.87, ATR>0.8x avg, Vol>0.6x avg
Cycle 251/50

============================================================
Cycle #252 | 21:36:26 UTC
[BTC] 1440 candles
[FILTER] ATR=71.11 (avg=76.00, threshold=60.80)
[FILTER] Vol=0.5095 (avg=8.2009, threshold=4.9205)
[BTC] Last streaks: [1, 2, 3, 1, 2]
[MARKOV] Filtered=812 candles, 58 states
[MARKOV] State=2312, last_dir=DOWN, p̂=0.528 (n=36)
[POLY] YES=0.505, NO=0.495
[SIGNAL] DOWN, p̂=0.528, q=0.505, Δ=0.023 → Low Vol (0.5095 < 4.9205)

✓ #252 p̂=0.528, Signal=False
⏰ Next: 21:37:50
---
=== Tue May 26 21:37:50 UTC 2026 ===
BTC 5m Bot v3 - ATR+Vol Filter
MIN_PROB=0.87, ATR>0.8x avg, Vol>0.6x avg
Cycle 252/50

============================================================
Cycle #253 | 21:37:51 UTC
[BTC] 1440 candles
[FILTER] ATR=71.11 (avg=76.00, threshold=60.80)
[FILTER] Vol=1.5235 (avg=8.2516, threshold=4.9510)
[BTC] Last streaks: [1, 2, 3, 1, 1]
[MARKOV] Filtered=811 candles, 58 states
[MARKOV] State=2311, last_dir=UP, p̂=0.571 (n=21)
[POLY] YES=0.505, NO=0.495
[SIGNAL] UP, p̂=0.571, q=0.495, Δ=0.076 → Low Vol (1.5235 < 4.9510)

✓ #253 p̂=0.571, Signal=False
⏰ Next: 21:39:16
---
=== Tue May 26 21:39:16 UTC 2026 ===
BTC 5m Bot v3 - ATR+Vol Filter
MIN_PROB=0.87, ATR>0.8x avg, Vol>0.6x avg
Cycle 253/50

============================================================
Cycle #254 | 21:39:16 UTC
[BTC] 1440 candles
[FILTER] ATR=73.15 (avg=76.10, threshold=60.88)
[FILTER] Vol=3.1061 (avg=8.3307, threshold=4.9984)
[BTC] Last streaks: [1, 2, 3, 1, 1]
[MARKOV] Filtered=801 candles, 58 states
[MARKOV] State=2311, last_dir=UP, p̂=0.550 (n=20)
[POLY] YES=0.505, NO=0.495
[SIGNAL] UP, p̂=0.550, q=0.495, Δ=0.055 → Low Vol (3.1061 < 4.9984)

✓ #254 p̂=0.550, Signal=False
⏰ Next: 21:40:40
---
=== Tue May 26 21:40:41 UTC 2026 ===
BTC 5m Bot v3 - ATR+Vol Filter
MIN_PROB=0.87, ATR>0.8x avg, Vol>0.6x avg
Cycle 254/50

============================================================
Cycle #255 | 21:40:41 UTC
[BTC] 1440 candles
[FILTER] ATR=64.69 (avg=75.01, threshold=60.01)
[FILTER] Vol=1.8064 (avg=7.2830, threshold=4.3698)
[BTC] Last streaks: [2, 3, 1, 1, 1]
[MARKOV] Filtered=868 candles, 58 states
[MARKOV] State=3111, last_dir=DOWN, p̂=0.722 (n=18)
[POLY] YES=0.505, NO=0.495
[SIGNAL] DOWN, p̂=0.722, q=0.505, Δ=0.217 → Low Vol (1.8064 < 4.3698)

✓ #255 p̂=0.722, Signal=False
⏰ Next: 21:42:06
---
=== Tue May 26 21:42:06 UTC 2026 ===
BTC 5m Bot v3 - ATR+Vol Filter
MIN_PROB=0.87, ATR>0.8x avg, Vol>0.6x avg
Cycle 255/50

============================================================
Cycle #256 | 21:42:06 UTC
[BTC] 1440 candles
[FILTER] ATR=66.09 (avg=75.08, threshold=60.06)
[FILTER] Vol=3.1739 (avg=7.3513, threshold=4.4108)
[BTC] Last streaks: [2, 3, 1, 1, 1]
[MARKOV] Filtered=863 candles, 58 states
[MARKOV] State=3111, last_dir=DOWN, p̂=0.722 (n=18)
[POLY] YES=0.505, NO=0.495
[SIGNAL] DOWN, p̂=0.722, q=0.505, Δ=0.217 → Low Vol (3.1739 < 4.4108)

✓ #256 p̂=0.722, Signal=False
⏰ Next: 21:43:31
---
=== Tue May 26 21:43:31 UTC 2026 ===
BTC 5m Bot v3 - ATR+Vol Filter
MIN_PROB=0.87, ATR>0.8x avg, Vol>0.6x avg
Cycle 256/50

============================================================
Cycle #257 | 21:43:31 UTC
[BTC] 1440 candles
[FILTER] ATR=68.12 (avg=75.18, threshold=60.14)
[FILTER] Vol=8.3070 (avg=7.6080, threshold=4.5648)
[BTC] Last streaks: [2, 3, 1, 1, 2]
[MARKOV] Filtered=851 candles, 58 states
[MARKOV] State=3112, last_dir=UP, p̂=0.364 (n=11)
[POLY] YES=0.505, NO=0.495
[SIGNAL] UP, p̂=0.364, q=0.495, Δ=-0.131 → p̂ 0.364 < 0.87

✓ #257 p̂=0.364, Signal=False
⏰ Next: 21:44:56
---
=== Tue May 26 21:44:56 UTC 2026 ===
BTC 5m Bot v3 - ATR+Vol Filter
MIN_PROB=0.87, ATR>0.8x avg, Vol>0.6x avg
Cycle 257/50

============================================================
Cycle #258 | 21:44:56 UTC
[BTC] 1440 candles
[FILTER] ATR=68.12 (avg=75.18, threshold=60.14)
[FILTER] Vol=10.6427 (avg=7.7248, threshold=4.6349)
[BTC] Last streaks: [2, 3, 1, 1, 1]
[MARKOV] Filtered=846 candles, 58 states
[MARKOV] State=3111, last_dir=DOWN, p̂=0.722 (n=18)
[POLY] YES=0.505, NO=0.495
[SIGNAL] DOWN, p̂=0.722, q=0.505, Δ=0.217 → p̂ 0.722 < 0.87

✓ #258 p̂=0.722, Signal=False
⏰ Next: 21:46:21
---
=== Tue May 26 21:46:22 UTC 2026 ===
BTC 5m Bot v3 - ATR+Vol Filter
MIN_PROB=0.87, ATR>0.8x avg, Vol>0.6x avg
Cycle 258/50

============================================================
Cycle #259 | 21:46:22 UTC
[BTC] 1440 candles
[FILTER] ATR=64.49 (avg=74.57, threshold=59.65)
[FILTER] Vol=1.2378 (avg=7.3778, threshold=4.4267)
[BTC] Last streaks: [3, 1, 1, 1, 1]
[MARKOV] Filtered=874 candles, 58 states
[MARKOV] State=1111, last_dir=UP, p̂=0.345 (n=58)
[POLY] YES=0.505, NO=0.495
[SIGNAL] UP, p̂=0.345, q=0.495, Δ=-0.150 → Low Vol (1.2378 < 4.4267)

✓ #259 p̂=0.345, Signal=False
⏰ Next: 21:47:46
---
=== Tue May 26 21:47:46 UTC 2026 ===
BTC 5m Bot v3 - ATR+Vol Filter
MIN_PROB=0.87, ATR>0.8x avg, Vol>0.6x avg
Cycle 259/50

============================================================
Cycle #260 | 21:47:46 UTC
[BTC] 1440 candles
[FILTER] ATR=65.48 (avg=74.62, threshold=59.69)
[FILTER] Vol=3.6103 (avg=7.4965, threshold=4.4979)
[BTC] Last streaks: [3, 1, 1, 1, 1]
[MARKOV] Filtered=867 candles, 58 states
[MARKOV] State=1111, last_dir=UP, p̂=0.351 (n=57)
[POLY] YES=0.505, NO=0.495
[SIGNAL] UP, p̂=0.351, q=0.495, Δ=-0.144 → Low Vol (3.6103 < 4.4979)

✓ #260 p̂=0.351, Signal=False
⏰ Next: 21:49:10
---
=== Tue May 26 21:48:37 UTC 2026 ===
BTC 5m Bot v3 - ATR+Vol Filter
MIN_PROB=0.87, ATR>0.8x avg, Vol>0.6x avg
Cycle 260/50

============================================================
Cycle #261 | 21:48:37 UTC
[BTC] 1440 candles
[FILTER] ATR=65.48 (avg=74.62, threshold=59.69)
[FILTER] Vol=3.8453 (avg=7.5082, threshold=4.5049)
[BTC] Last streaks: [3, 1, 1, 1, 1]
[MARKOV] Filtered=867 candles, 58 states
[MARKOV] State=1111, last_dir=UP, p̂=0.351 (n=57)
[POLY] YES=0.505, NO=0.495
[SIGNAL] UP, p̂=0.351, q=0.495, Δ=-0.144 → Low Vol (3.8453 < 4.5049)

✓ #261 p̂=0.351, Signal=False
⏰ Next: 21:50:01
---
=== Tue May 26 21:50:43 UTC 2026 ===
BTC 5m Bot v3 - ATR+Vol Filter
MIN_PROB=0.87, ATR>0.8x avg, Vol>0.6x avg
Cycle 261/50

============================================================
Cycle #262 | 21:50:43 UTC
[BTC] 1440 candles
[FILTER] ATR=62.99 (avg=74.05, threshold=59.24)
[FILTER] Vol=0.1172 (avg=7.2525, threshold=4.3515)
[BTC] Last streaks: [1, 1, 1, 1, 1]
[MARKOV] Filtered=886 candles, 58 states
[MARKOV] State=1111, last_dir=DOWN, p̂=0.333 (n=60)
[POLY] YES=0.505, NO=0.495
[SIGNAL] DOWN, p̂=0.333, q=0.505, Δ=-0.172 → Low Vol (0.1172 < 4.3515)

✓ #262 p̂=0.333, Signal=False
⏰ Next: 21:52:07
---
=== Tue May 26 21:54:20 UTC 2026 ===
BTC 5m Bot v3 - ATR+Vol Filter
MIN_PROB=0.87, ATR>0.8x avg, Vol>0.6x avg
Cycle 262/50

============================================================
Cycle #263 | 21:54:21 UTC
[BTC] 1440 candles
[FILTER] ATR=67.04 (avg=74.25, threshold=59.40)
[FILTER] Vol=7.3324 (avg=7.6133, threshold=4.5680)
[BTC] Last streaks: [1, 1, 1, 1, 1]
[MARKOV] Filtered=870 candles, 58 states
[MARKOV] State=1111, last_dir=DOWN, p̂=0.351 (n=57)
[POLY] YES=0.505, NO=0.495
[SIGNAL] DOWN, p̂=0.351, q=0.505, Δ=-0.154 → p̂ 0.351 < 0.87

✓ #263 p̂=0.351, Signal=False
⏰ Next: 21:55:44
---
=== Tue May 26 21:55:45 UTC 2026 ===
BTC 5m Bot v3 - ATR+Vol Filter
MIN_PROB=0.87, ATR>0.8x avg, Vol>0.6x avg
Cycle 263/50

============================================================
Cycle #264 | 21:55:45 UTC
[BTC] 1440 candles
[FILTER] ATR=64.84 (avg=73.71, threshold=58.97)
[FILTER] Vol=0.1499 (avg=7.1688, threshold=4.3013)
[BTC] Last streaks: [1, 1, 1, 1, 1]
[MARKOV] Filtered=895 candles, 58 states
[MARKOV] State=1111, last_dir=UP, p̂=0.339 (n=62)
[POLY] YES=0.505, NO=0.495
[SIGNAL] UP, p̂=0.339, q=0.495, Δ=-0.156 → Low Vol (0.1499 < 4.3013)

✓ #264 p̂=0.339, Signal=False
⏰ Next: 21:57:08
---
=== Tue May 26 21:57:08 UTC 2026 ===
BTC 5m Bot v3 - ATR+Vol Filter
MIN_PROB=0.87, ATR>0.8x avg, Vol>0.6x avg
Cycle 264/50

============================================================
Cycle #265 | 21:57:08 UTC
[BTC] 1440 candles
[FILTER] ATR=68.16 (avg=73.88, threshold=59.10)
[FILTER] Vol=4.1597 (avg=7.3693, threshold=4.4216)
[BTC] Last streaks: [1, 1, 1, 1, 2]
[MARKOV] Filtered=883 candles, 58 states
[MARKOV] State=1112, last_dir=DOWN, p̂=0.603 (n=68)
[POLY] YES=0.505, NO=0.495
[SIGNAL] DOWN, p̂=0.603, q=0.505, Δ=0.098 → Low Vol (4.1597 < 4.4216)

✓ #265 p̂=0.603, Signal=False
⏰ Next: 21:58:32
---
=== Tue May 26 21:58:32 UTC 2026 ===
BTC 5m Bot v3 - ATR+Vol Filter
MIN_PROB=0.87, ATR>0.8x avg, Vol>0.6x avg
Cycle 265/50

============================================================
Cycle #266 | 21:58:33 UTC
[BTC] 1440 candles
[FILTER] ATR=69.11 (avg=73.93, threshold=59.14)
[FILTER] Vol=5.4640 (avg=7.4345, threshold=4.4607)
[BTC] Last streaks: [1, 1, 1, 1, 2]
[MARKOV] Filtered=881 candles, 58 states
[MARKOV] State=1112, last_dir=DOWN, p̂=0.603 (n=68)
[POLY] YES=0.505, NO=0.495
[SIGNAL] DOWN, p̂=0.603, q=0.505, Δ=0.098 → p̂ 0.603 < 0.87

✓ #266 p̂=0.603, Signal=False
⏰ Next: 21:59:56
---
=== Tue May 26 21:59:56 UTC 2026 ===
BTC 5m Bot v3 - ATR+Vol Filter
MIN_PROB=0.87, ATR>0.8x avg, Vol>0.6x avg
Cycle 266/50

============================================================
Cycle #267 | 21:59:56 UTC
[BTC] 1440 candles
[FILTER] ATR=70.04 (avg=73.97, threshold=59.18)
[FILTER] Vol=7.5365 (avg=7.5381, threshold=4.5229)
[BTC] Last streaks: [1, 1, 1, 1, 2]
[MARKOV] Filtered=878 candles, 58 states
[MARKOV] State=1112, last_dir=DOWN, p̂=0.597 (n=67)
[POLY] YES=0.505, NO=0.495
[SIGNAL] DOWN, p̂=0.597, q=0.505, Δ=0.092 → p̂ 0.597 < 0.87

✓ #267 p̂=0.597, Signal=False
⏰ Next: 22:01:20
---
=== Tue May 26 22:01:20 UTC 2026 ===
BTC 5m Bot v3 - ATR+Vol Filter
MIN_PROB=0.87, ATR>0.8x avg, Vol>0.6x avg
Cycle 267/50

============================================================
Cycle #268 | 22:01:20 UTC
[BTC] 1440 candles
[FILTER] ATR=70.75 (avg=73.88, threshold=59.11)
[FILTER] Vol=1.9115 (avg=6.9753, threshold=4.1852)
[BTC] Last streaks: [1, 1, 1, 2, 1]
[MARKOV] Filtered=903 candles, 58 states
[MARKOV] State=1121, last_dir=UP, p̂=0.549 (n=51)
[POLY] YES=0.505, NO=0.495
[SIGNAL] UP, p̂=0.549, q=0.495, Δ=0.054 → Low Vol (1.9115 < 4.1852)

✓ #268 p̂=0.549, Signal=False
⏰ Next: 22:02:44
---
=== Tue May 26 22:02:44 UTC 2026 ===
BTC 5m Bot v3 - ATR+Vol Filter
MIN_PROB=0.87, ATR>0.8x avg, Vol>0.6x avg
Cycle 268/50

============================================================
Cycle #269 | 22:02:44 UTC
[BTC] 1440 candles
[FILTER] ATR=72.50 (avg=73.97, threshold=59.18)
[FILTER] Vol=2.4142 (avg=7.0004, threshold=4.2002)
[BTC] Last streaks: [1, 1, 1, 2, 1]
[MARKOV] Filtered=901 candles, 58 states
[MARKOV] State=1121, last_dir=UP, p̂=0.549 (n=51)
[POLY] YES=0.505, NO=0.495
[SIGNAL] UP, p̂=0.549, q=0.495, Δ=0.054 → Low Vol (2.4142 < 4.2002)

✓ #269 p̂=0.549, Signal=False
⏰ Next: 22:04:08
---
=== Tue May 26 22:04:08 UTC 2026 ===
BTC 5m Bot v3 - ATR+Vol Filter
MIN_PROB=0.87, ATR>0.8x avg, Vol>0.6x avg
Cycle 269/50

============================================================
Cycle #270 | 22:04:08 UTC
[BTC] 1440 candles
[FILTER] ATR=75.73 (avg=74.13, threshold=59.31)
[FILTER] Vol=4.8215 (avg=7.1208, threshold=4.2725)
[BTC] Last streaks: [1, 1, 1, 2, 1]
[MARKOV] Filtered=891 candles, 58 states
[MARKOV] State=1121, last_dir=UP, p̂=0.531 (n=49)
[POLY] YES=0.505, NO=0.495
[SIGNAL] UP, p̂=0.531, q=0.495, Δ=0.036 → p̂ 0.531 < 0.87

✓ #270 p̂=0.531, Signal=False
⏰ Next: 22:05:31
---
=== Tue May 26 22:05:32 UTC 2026 ===
BTC 5m Bot v3 - ATR+Vol Filter
MIN_PROB=0.87, ATR>0.8x avg, Vol>0.6x avg
Cycle 270/50

============================================================
Cycle #271 | 22:05:32 UTC
[BTC] 1440 candles
[FILTER] ATR=77.40 (avg=74.30, threshold=59.44)
[FILTER] Vol=3.1362 (avg=6.7654, threshold=4.0592)
[BTC] Last streaks: [1, 1, 2, 1, 1]
[MARKOV] Filtered=905 candles, 58 states
[MARKOV] State=1211, last_dir=DOWN, p̂=0.510 (n=49)
[POLY] YES=0.505, NO=0.495
[SIGNAL] DOWN, p̂=0.510, q=0.505, Δ=0.005 → Low Vol (3.1362 < 4.0592)

✓ #271 p̂=0.510, Signal=False
⏰ Next: 22:06:55
---
=== Tue May 26 22:06:55 UTC 2026 ===
BTC 5m Bot v3 - ATR+Vol Filter
MIN_PROB=0.87, ATR>0.8x avg, Vol>0.6x avg
Cycle 271/50

============================================================
Cycle #272 | 22:06:56 UTC
[BTC] 1440 candles
[FILTER] ATR=81.56 (avg=74.51, threshold=59.60)
[FILTER] Vol=7.2930 (avg=6.9732, threshold=4.1839)
[BTC] Last streaks: [1, 1, 2, 1, 1]
[MARKOV] Filtered=895 candles, 58 states
[MARKOV] State=1211, last_dir=DOWN, p̂=0.511 (n=47)
[POLY] YES=0.505, NO=0.495
[SIGNAL] DOWN, p̂=0.511, q=0.505, Δ=0.006 → p̂ 0.511 < 0.87

✓ #272 p̂=0.511, Signal=False
⏰ Next: 22:08:19
---
=== Tue May 26 22:08:19 UTC 2026 ===
BTC 5m Bot v3 - ATR+Vol Filter
MIN_PROB=0.87, ATR>0.8x avg, Vol>0.6x avg
Cycle 272/50

============================================================
Cycle #273 | 22:08:19 UTC
[BTC] 1440 candles
[FILTER] ATR=82.28 (avg=74.54, threshold=59.63)
[FILTER] Vol=9.4331 (avg=7.0802, threshold=4.2481)
[BTC] Last streaks: [1, 1, 2, 1, 1]
[MARKOV] Filtered=887 candles, 58 states
[MARKOV] State=1211, last_dir=DOWN, p̂=0.511 (n=47)
[POLY] YES=0.505, NO=0.495
[SIGNAL] DOWN, p̂=0.511, q=0.505, Δ=0.006 → p̂ 0.511 < 0.87

✓ #273 p̂=0.511, Signal=False
⏰ Next: 22:09:43
---
=== Tue May 26 22:09:43 UTC 2026 ===
BTC 5m Bot v3 - ATR+Vol Filter
MIN_PROB=0.87, ATR>0.8x avg, Vol>0.6x avg
Cycle 273/50

============================================================
Cycle #274 | 22:09:43 UTC
[BTC] 1440 candles
[FILTER] ATR=82.28 (avg=74.54, threshold=59.63)
[FILTER] Vol=21.3951 (avg=7.6783, threshold=4.6070)
[BTC] Last streaks: [1, 1, 2, 1, 1]
[MARKOV] Filtered=861 candles, 58 states
[MARKOV] State=1211, last_dir=DOWN, p̂=0.533 (n=45)
[POLY] YES=0.505, NO=0.495
[SIGNAL] DOWN, p̂=0.533, q=0.505, Δ=0.028 → p̂ 0.533 < 0.87

✓ #274 p̂=0.533, Signal=False
⏰ Next: 22:11:07
---
=== Tue May 26 22:11:07 UTC 2026 ===
BTC 5m Bot v3 - ATR+Vol Filter
MIN_PROB=0.87, ATR>0.8x avg, Vol>0.6x avg
Cycle 274/50

============================================================
Cycle #275 | 22:11:07 UTC
[BTC] 1440 candles
[FILTER] ATR=75.92 (avg=74.28, threshold=59.43)
[FILTER] Vol=2.1407 (avg=7.5692, threshold=4.5415)
[BTC] Last streaks: [1, 2, 1, 1, 2]
[MARKOV] Filtered=871 candles, 58 states
[MARKOV] State=2112, last_dir=DOWN, p̂=0.318 (n=22)
[POLY] YES=0.505, NO=0.495
[SIGNAL] DOWN, p̂=0.318, q=0.505, Δ=-0.187 → Low Vol (2.1407 < 4.5415)

✓ #275 p̂=0.318, Signal=False
⏰ Next: 22:12:31
---
=== Tue May 26 22:12:31 UTC 2026 ===
BTC 5m Bot v3 - ATR+Vol Filter
MIN_PROB=0.87, ATR>0.8x avg, Vol>0.6x avg
Cycle 275/50

============================================================
Cycle #276 | 22:12:31 UTC
[BTC] 1440 candles
[FILTER] ATR=78.11 (avg=74.39, threshold=59.51)
[FILTER] Vol=4.2553 (avg=7.6749, threshold=4.6050)
[BTC] Last streaks: [1, 2, 1, 1, 2]
[MARKOV] Filtered=864 candles, 58 states
[MARKOV] State=2112, last_dir=DOWN, p̂=0.318 (n=22)
[POLY] YES=0.505, NO=0.495
[SIGNAL] DOWN, p̂=0.318, q=0.505, Δ=-0.187 → Low Vol (4.2553 < 4.6050)

✓ #276 p̂=0.318, Signal=False
⏰ Next: 22:13:55
---
=== Tue May 26 22:13:55 UTC 2026 ===
BTC 5m Bot v3 - ATR+Vol Filter
MIN_PROB=0.87, ATR>0.8x avg, Vol>0.6x avg
Cycle 276/50

============================================================
Cycle #277 | 22:13:55 UTC
[BTC] 1440 candles
[FILTER] ATR=85.40 (avg=74.76, threshold=59.81)
[FILTER] Vol=24.6720 (avg=8.6958, threshold=5.2175)
[BTC] Last streaks: [1, 2, 1, 1, 1]
[MARKOV] Filtered=814 candles, 58 states
[MARKOV] State=2111, last_dir=UP, p̂=0.385 (n=26)
[POLY] YES=0.505, NO=0.495
[SIGNAL] UP, p̂=0.385, q=0.495, Δ=-0.110 → p̂ 0.385 < 0.87

✓ #277 p̂=0.385, Signal=False
⏰ Next: 22:15:18
---
=== Tue May 26 22:15:18 UTC 2026 ===
BTC 5m Bot v3 - ATR+Vol Filter
MIN_PROB=0.87, ATR>0.8x avg, Vol>0.6x avg
Cycle 277/50

============================================================
Cycle #278 | 22:15:19 UTC
[BTC] 1440 candles
[FILTER] ATR=84.30 (avg=74.83, threshold=59.86)
[FILTER] Vol=0.4344 (avg=8.5235, threshold=5.1141)
[BTC] Last streaks: [2, 1, 1, 2, 1]
[MARKOV] Filtered=820 candles, 58 states
[MARKOV] State=1121, last_dir=UP, p̂=0.523 (n=44)
[POLY] YES=0.515, NO=0.485
[SIGNAL] UP, p̂=0.523, q=0.485, Δ=0.038 → Low Vol (0.4344 < 5.1141)

✓ #278 p̂=0.523, Signal=False
⏰ Next: 22:16:42
---
=== Tue May 26 22:16:43 UTC 2026 ===
BTC 5m Bot v3 - ATR+Vol Filter
MIN_PROB=0.87, ATR>0.8x avg, Vol>0.6x avg
Cycle 278/50

============================================================
Cycle #279 | 22:16:43 UTC
[BTC] 1440 candles
[FILTER] ATR=86.72 (avg=74.95, threshold=59.96)
[FILTER] Vol=8.1179 (avg=8.9077, threshold=5.3446)
[BTC] Last streaks: [2, 1, 1, 2, 3]
[MARKOV] Filtered=803 candles, 58 states
[MARKOV] State=1123, last_dir=DOWN, p̂=0.438 (n=48)
[POLY] YES=0.515, NO=0.485
[SIGNAL] DOWN, p̂=0.438, q=0.515, Δ=-0.078 → p̂ 0.438 < 0.87

✓ #279 p̂=0.438, Signal=False
⏰ Next: 22:18:06
---
=== Tue May 26 22:18:06 UTC 2026 ===
BTC 5m Bot v3 - ATR+Vol Filter
MIN_PROB=0.87, ATR>0.8x avg, Vol>0.6x avg
Cycle 279/50

============================================================
Cycle #280 | 22:18:07 UTC
[BTC] 1440 candles
[FILTER] ATR=87.09 (avg=74.97, threshold=59.97)
[FILTER] Vol=8.3915 (avg=8.9214, threshold=5.3528)
[BTC] Last streaks: [2, 1, 1, 2, 1]
[MARKOV] Filtered=802 candles, 58 states
[MARKOV] State=1121, last_dir=UP, p̂=0.523 (n=44)
[POLY] YES=0.515, NO=0.485
[SIGNAL] UP, p̂=0.523, q=0.485, Δ=0.038 → p̂ 0.523 < 0.87

✓ #280 p̂=0.523, Signal=False
⏰ Next: 22:19:30
---
=== Tue May 26 22:19:30 UTC 2026 ===
BTC 5m Bot v3 - ATR+Vol Filter
MIN_PROB=0.87, ATR>0.8x avg, Vol>0.6x avg
Cycle 280/50

============================================================
Cycle #281 | 22:19:30 UTC
[BTC] 1440 candles
[FILTER] ATR=89.33 (avg=75.08, threshold=60.06)
[FILTER] Vol=11.4310 (avg=9.0734, threshold=5.4440)
[BTC] Last streaks: [2, 1, 1, 2, 3]
[MARKOV] Filtered=791 candles, 58 states
[MARKOV] State=1123, last_dir=DOWN, p̂=0.438 (n=48)
[POLY] YES=0.515, NO=0.485
[SIGNAL] DOWN, p̂=0.438, q=0.515, Δ=-0.078 → p̂ 0.438 < 0.87

✓ #281 p̂=0.438, Signal=False
⏰ Next: 22:20:54
---
=== Tue May 26 22:20:54 UTC 2026 ===
BTC 5m Bot v3 - ATR+Vol Filter
MIN_PROB=0.87, ATR>0.8x avg, Vol>0.6x avg
Cycle 281/50

============================================================
Cycle #282 | 22:20:54 UTC
[BTC] 1440 candles
[FILTER] ATR=79.63 (avg=75.06, threshold=60.05)
[FILTER] Vol=0.7274 (avg=9.0240, threshold=5.4144)
[BTC] Last streaks: [1, 1, 2, 3, 1]
[MARKOV] Filtered=795 candles, 58 states
[MARKOV] State=1231, last_dir=UP, p̂=0.466 (n=58)
[POLY] YES=0.505, NO=0.495
[SIGNAL] UP, p̂=0.466, q=0.495, Δ=-0.029 → Low Vol (0.7274 < 5.4144)

✓ #282 p̂=0.466, Signal=False
⏰ Next: 22:22:18
---
=== Tue May 26 22:22:18 UTC 2026 ===
BTC 5m Bot v3 - ATR+Vol Filter
MIN_PROB=0.87, ATR>0.8x avg, Vol>0.6x avg
Cycle 282/50

============================================================
Cycle #283 | 22:22:18 UTC
[BTC] 1440 candles
[FILTER] ATR=80.08 (avg=75.08, threshold=60.07)
[FILTER] Vol=1.2512 (avg=9.0502, threshold=5.4301)
[BTC] Last streaks: [1, 1, 2, 3, 4]
[MARKOV] Filtered=791 candles, 58 states
[MARKOV] State=1234, last_dir=DOWN, p̂=0.435 (n=46)
[POLY] YES=0.505, NO=0.495
[SIGNAL] DOWN, p̂=0.435, q=0.505, Δ=-0.070 → Low Vol (1.2512 < 5.4301)

✓ #283 p̂=0.435, Signal=False
⏰ Next: 22:23:42
---
=== Tue May 26 22:23:42 UTC 2026 ===
BTC 5m Bot v3 - ATR+Vol Filter
MIN_PROB=0.87, ATR>0.8x avg, Vol>0.6x avg
Cycle 283/50

============================================================
Cycle #284 | 22:23:42 UTC
[BTC] 1440 candles
[FILTER] ATR=80.08 (avg=75.08, threshold=60.07)
[FILTER] Vol=1.9002 (avg=9.0826, threshold=5.4496)
[BTC] Last streaks: [1, 1, 2, 3, 1]
[MARKOV] Filtered=791 candles, 58 states
[MARKOV] State=1231, last_dir=UP, p̂=0.466 (n=58)
[POLY] YES=0.505, NO=0.495
[SIGNAL] UP, p̂=0.466, q=0.495, Δ=-0.029 → Low Vol (1.9002 < 5.4496)

✓ #284 p̂=0.466, Signal=False
⏰ Next: 22:25:06
---
=== Tue May 26 22:25:06 UTC 2026 ===
BTC 5m Bot v3 - ATR+Vol Filter
MIN_PROB=0.87, ATR>0.8x avg, Vol>0.6x avg
Cycle 284/50

============================================================
Cycle #285 | 22:25:06 UTC
[BTC] 1440 candles
[FILTER] ATR=74.90 (avg=75.04, threshold=60.03)
[FILTER] Vol=0.0172 (avg=8.9998, threshold=5.3999)
[BTC] Last streaks: [1, 2, 3, 1, 2]
[MARKOV] Filtered=797 candles, 58 states
[MARKOV] State=2312, last_dir=UP, p̂=0.543 (n=35)
[POLY] YES=0.505, NO=0.495
[SIGNAL] UP, p̂=0.543, q=0.495, Δ=0.048 → Low Vol (0.0172 < 5.3999)

✓ #285 p̂=0.543, Signal=False
⏰ Next: 22:26:29
---
=== Tue May 26 22:26:29 UTC 2026 ===
BTC 5m Bot v3 - ATR+Vol Filter
MIN_PROB=0.87, ATR>0.8x avg, Vol>0.6x avg
Cycle 285/50

============================================================
Cycle #286 | 22:26:30 UTC
[BTC] 1440 candles
[FILTER] ATR=76.76 (avg=75.13, threshold=60.10)
[FILTER] Vol=0.3907 (avg=9.0185, threshold=5.4111)
[BTC] Last streaks: [1, 2, 3, 1, 1]
[MARKOV] Filtered=794 candles, 58 states
[MARKOV] State=2311, last_dir=DOWN, p̂=0.571 (n=21)
[POLY] YES=0.505, NO=0.495
[SIGNAL] DOWN, p̂=0.571, q=0.505, Δ=0.066 → Low Vol (0.3907 < 5.4111)

✓ #286 p̂=0.571, Signal=False
⏰ Next: 22:27:53
---
=== Tue May 26 22:27:53 UTC 2026 ===
BTC 5m Bot v3 - ATR+Vol Filter
MIN_PROB=0.87, ATR>0.8x avg, Vol>0.6x avg
Cycle 286/50

============================================================
Cycle #287 | 22:27:54 UTC
[BTC] 1440 candles
[FILTER] ATR=76.76 (avg=75.13, threshold=60.10)
[FILTER] Vol=0.9988 (avg=9.0489, threshold=5.4293)
[BTC] Last streaks: [1, 2, 3, 1, 1]
[MARKOV] Filtered=790 candles, 58 states
[MARKOV] State=2311, last_dir=DOWN, p̂=0.571 (n=21)
[POLY] YES=0.505, NO=0.495
[SIGNAL] DOWN, p̂=0.571, q=0.505, Δ=0.066 → Low Vol (0.9988 < 5.4293)

✓ #287 p̂=0.571, Signal=False
⏰ Next: 22:29:17
---
=== Tue May 26 22:29:17 UTC 2026 ===
BTC 5m Bot v3 - ATR+Vol Filter
MIN_PROB=0.87, ATR>0.8x avg, Vol>0.6x avg
Cycle 287/50

============================================================
Cycle #288 | 22:29:17 UTC
[BTC] 1440 candles
[FILTER] ATR=76.76 (avg=75.13, threshold=60.10)
[FILTER] Vol=1.3114 (avg=9.0645, threshold=5.4387)
[BTC] Last streaks: [1, 2, 3, 1, 1]
[MARKOV] Filtered=790 candles, 58 states
[MARKOV] State=2311, last_dir=DOWN, p̂=0.571 (n=21)
[POLY] YES=0.505, NO=0.495
[SIGNAL] DOWN, p̂=0.571, q=0.505, Δ=0.066 → Low Vol (1.3114 < 5.4387)

✓ #288 p̂=0.571, Signal=False
⏰ Next: 22:30:41
---
=== Tue May 26 22:30:41 UTC 2026 ===
BTC 5m Bot v3 - ATR+Vol Filter
MIN_PROB=0.87, ATR>0.8x avg, Vol>0.6x avg
Cycle 288/50

============================================================
Cycle #289 | 22:30:41 UTC
[BTC] 1440 candles
[FILTER] ATR=76.30 (avg=75.44, threshold=60.35)
[FILTER] Vol=1.8307 (avg=8.8868, threshold=5.3321)
[BTC] Last streaks: [2, 3, 1, 2, 1]
[MARKOV] Filtered=794 candles, 58 states
[MARKOV] State=3121, last_dir=DOWN, p̂=0.625 (n=16)
[POLY] YES=0.505, NO=0.495
[SIGNAL] DOWN, p̂=0.625, q=0.505, Δ=0.120 → Low Vol (1.8307 < 5.3321)

✓ #289 p̂=0.625, Signal=False
⏰ Next: 22:32:05
---
=== Tue May 26 22:32:05 UTC 2026 ===
BTC 5m Bot v3 - ATR+Vol Filter
MIN_PROB=0.87, ATR>0.8x avg, Vol>0.6x avg
Cycle 289/50

============================================================
Cycle #290 | 22:32:05 UTC
[BTC] 1440 candles
[FILTER] ATR=76.30 (avg=75.44, threshold=60.35)
[FILTER] Vol=3.3280 (avg=8.9617, threshold=5.3770)
[BTC] Last streaks: [2, 3, 1, 2, 1]
[MARKOV] Filtered=791 candles, 58 states
[MARKOV] State=3121, last_dir=DOWN, p̂=0.625 (n=16)
[POLY] YES=0.505, NO=0.495
[SIGNAL] DOWN, p̂=0.625, q=0.505, Δ=0.120 → Low Vol (3.3280 < 5.3770)

✓ #290 p̂=0.625, Signal=False
⏰ Next: 22:33:28
---
=== Tue May 26 22:33:29 UTC 2026 ===
BTC 5m Bot v3 - ATR+Vol Filter
MIN_PROB=0.87, ATR>0.8x avg, Vol>0.6x avg
Cycle 290/50

============================================================
Cycle #291 | 22:33:29 UTC
[BTC] 1440 candles
[FILTER] ATR=78.21 (avg=75.53, threshold=60.43)
[FILTER] Vol=7.6054 (avg=9.1756, threshold=5.5053)
[BTC] Last streaks: [2, 3, 1, 2, 3]
[MARKOV] Filtered=781 candles, 58 states
[MARKOV] State=3123, last_dir=UP, p̂=0.450 (n=20)
[POLY] YES=0.505, NO=0.495
[SIGNAL] UP, p̂=0.450, q=0.495, Δ=-0.045 → p̂ 0.450 < 0.87

✓ #291 p̂=0.450, Signal=False
⏰ Next: 22:34:52
---
=== Tue May 26 22:34:53 UTC 2026 ===
BTC 5m Bot v3 - ATR+Vol Filter
MIN_PROB=0.87, ATR>0.8x avg, Vol>0.6x avg
Cycle 291/50

============================================================
Cycle #292 | 22:34:53 UTC
[BTC] 1440 candles
[FILTER] ATR=79.34 (avg=75.59, threshold=60.47)
[FILTER] Vol=9.3662 (avg=9.2636, threshold=5.5582)
[BTC] Last streaks: [2, 3, 1, 2, 3]
[MARKOV] Filtered=776 candles, 58 states
[MARKOV] State=3123, last_dir=UP, p̂=0.450 (n=20)
[POLY] YES=0.505, NO=0.495
[SIGNAL] UP, p̂=0.450, q=0.495, Δ=-0.045 → p̂ 0.450 < 0.87

✓ #292 p̂=0.450, Signal=False
⏰ Next: 22:36:16
---
=== Tue May 26 22:36:16 UTC 2026 ===
BTC 5m Bot v3 - ATR+Vol Filter
MIN_PROB=0.87, ATR>0.8x avg, Vol>0.6x avg
Cycle 292/50

============================================================
Cycle #293 | 22:36:17 UTC
[BTC] 1440 candles
[FILTER] ATR=78.50 (avg=76.05, threshold=60.84)
[FILTER] Vol=2.6032 (avg=9.1876, threshold=5.5126)
[BTC] Last streaks: [3, 1, 2, 3, 1]
[MARKOV] Filtered=772 candles, 58 states
[MARKOV] State=1231, last_dir=DOWN, p̂=0.446 (n=56)
[POLY] YES=0.545, NO=0.455
[SIGNAL] DOWN, p̂=0.446, q=0.545, Δ=-0.099 → Low Vol (2.6032 < 5.5126)

✓ #293 p̂=0.446, Signal=False
⏰ Next: 22:37:40
---
=== Tue May 26 22:37:40 UTC 2026 ===
BTC 5m Bot v3 - ATR+Vol Filter
MIN_PROB=0.87, ATR>0.8x avg, Vol>0.6x avg
Cycle 293/50

============================================================
Cycle #294 | 22:37:40 UTC
[BTC] 1440 candles
[FILTER] ATR=80.64 (avg=76.16, threshold=60.93)
[FILTER] Vol=5.2251 (avg=9.3187, threshold=5.5912)
[BTC] Last streaks: [3, 1, 2, 3, 1]
[MARKOV] Filtered=764 candles, 58 states
[MARKOV] State=1231, last_dir=DOWN, p̂=0.455 (n=55)
[POLY] YES=0.545, NO=0.455
[SIGNAL] DOWN, p̂=0.455, q=0.545, Δ=-0.090 → Low Vol (5.2251 < 5.5912)

✓ #294 p̂=0.455, Signal=False
⏰ Next: 22:39:04
---
=== Tue May 26 22:39:04 UTC 2026 ===
BTC 5m Bot v3 - ATR+Vol Filter
MIN_PROB=0.87, ATR>0.8x avg, Vol>0.6x avg
Cycle 294/50

============================================================
Cycle #295 | 22:39:04 UTC
[BTC] 1440 candles
[FILTER] ATR=83.35 (avg=76.29, threshold=61.03)
[FILTER] Vol=10.7105 (avg=9.5930, threshold=5.7558)
[BTC] Last streaks: [3, 1, 2, 3, 1]
[MARKOV] Filtered=749 candles, 58 states
[MARKOV] State=1231, last_dir=DOWN, p̂=0.455 (n=55)
[POLY] YES=0.545, NO=0.455
[SIGNAL] DOWN, p̂=0.455, q=0.545, Δ=-0.090 → p̂ 0.455 < 0.87

✓ #295 p̂=0.455, Signal=False
⏰ Next: 22:40:28
---
=== Tue May 26 22:40:28 UTC 2026 ===
BTC 5m Bot v3 - ATR+Vol Filter
MIN_PROB=0.87, ATR>0.8x avg, Vol>0.6x avg
Cycle 295/50

============================================================
Cycle #296 | 22:40:28 UTC
[BTC] 1440 candles
[FILTER] ATR=77.59 (avg=76.63, threshold=61.30)
[FILTER] Vol=0.1582 (avg=9.4679, threshold=5.6808)
[BTC] Last streaks: [1, 2, 3, 1, 1]
[MARKOV] Filtered=754 candles, 58 states
[MARKOV] State=2311, last_dir=UP, p̂=0.579 (n=19)
[POLY] YES=0.505, NO=0.495
[SIGNAL] UP, p̂=0.579, q=0.495, Δ=0.084 → Low Vol (0.1582 < 5.6808)

✓ #296 p̂=0.579, Signal=False
⏰ Next: 22:41:52
---
=== Tue May 26 22:41:52 UTC 2026 ===
BTC 5m Bot v3 - ATR+Vol Filter
MIN_PROB=0.87, ATR>0.8x avg, Vol>0.6x avg
Cycle 296/50

============================================================
Cycle #297 | 22:41:52 UTC
[BTC] 1440 candles
[FILTER] ATR=79.34 (avg=76.72, threshold=61.37)
[FILTER] Vol=4.1526 (avg=9.6676, threshold=5.8006)
[BTC] Last streaks: [1, 2, 3, 1, 2]
[MARKOV] Filtered=740 candles, 58 states
[MARKOV] State=2312, last_dir=DOWN, p̂=0.576 (n=33)
[POLY] YES=0.505, NO=0.495
[SIGNAL] DOWN, p̂=0.576, q=0.505, Δ=0.071 → Low Vol (4.1526 < 5.8006)

✓ #297 p̂=0.576, Signal=False
⏰ Next: 22:43:16
---
=== Tue May 26 22:43:16 UTC 2026 ===
BTC 5m Bot v3 - ATR+Vol Filter
MIN_PROB=0.87, ATR>0.8x avg, Vol>0.6x avg
Cycle 297/50

============================================================
Cycle #298 | 22:43:16 UTC
[BTC] 1440 candles
[FILTER] ATR=80.14 (avg=76.76, threshold=61.41)
[FILTER] Vol=5.2977 (avg=9.7249, threshold=5.8349)
[BTC] Last streaks: [1, 2, 3, 1, 1]
[MARKOV] Filtered=737 candles, 58 states
[MARKOV] State=2311, last_dir=UP, p̂=0.611 (n=18)
[POLY] YES=0.505, NO=0.495
[SIGNAL] UP, p̂=0.611, q=0.495, Δ=0.116 → Low Vol (5.2977 < 5.8349)

✓ #298 p̂=0.611, Signal=False
⏰ Next: 22:44:40
---
=== Tue May 26 22:44:40 UTC 2026 ===
BTC 5m Bot v3 - ATR+Vol Filter
MIN_PROB=0.87, ATR>0.8x avg, Vol>0.6x avg
Cycle 298/50

============================================================
Cycle #299 | 22:44:40 UTC
[BTC] 1440 candles
[FILTER] ATR=81.40 (avg=76.82, threshold=61.46)
[FILTER] Vol=8.7601 (avg=9.8980, threshold=5.9388)
[BTC] Last streaks: [1, 2, 3, 1, 2]
[MARKOV] Filtered=730 candles, 58 states
[MARKOV] State=2312, last_dir=DOWN, p̂=0.562 (n=32)
[POLY] YES=0.505, NO=0.495
[SIGNAL] DOWN, p̂=0.562, q=0.505, Δ=0.057 → p̂ 0.562 < 0.87

✓ #299 p̂=0.562, Signal=False
⏰ Next: 22:46:03
---
=== Tue May 26 22:46:04 UTC 2026 ===
BTC 5m Bot v3 - ATR+Vol Filter
MIN_PROB=0.87, ATR>0.8x avg, Vol>0.6x avg
Cycle 299/50

============================================================
Cycle #300 | 22:46:04 UTC
[BTC] 1440 candles
[FILTER] ATR=82.31 (avg=77.50, threshold=62.00)
[FILTER] Vol=2.1456 (avg=9.7375, threshold=5.8425)
[BTC] Last streaks: [2, 3, 1, 1, 1]
[MARKOV] Filtered=729 candles, 58 states
[MARKOV] State=3111, last_dir=DOWN, p̂=0.818 (n=11)
[POLY] YES=0.505, NO=0.495
[SIGNAL] DOWN, p̂=0.818, q=0.505, Δ=0.313 → Low Vol (2.1456 < 5.8425)

🌙 NIGHTLY REVIEW after 50 cycles
[REVIEW] max p̂=0.818, avg=0.510, MIN_PROB=0.87

✓ #300 p̂=0.818, Signal=False
⏰ Next: 22:47:28
---
=== Tue May 26 22:47:28 UTC 2026 ===
BTC 5m Bot v3 - ATR+Vol Filter
MIN_PROB=0.87, ATR>0.8x avg, Vol>0.6x avg
Cycle 300/50

============================================================
Cycle #301 | 22:47:28 UTC
[BTC] 1440 candles
[FILTER] ATR=83.98 (avg=77.58, threshold=62.07)
[FILTER] Vol=5.4458 (avg=9.9025, threshold=5.9415)
[BTC] Last streaks: [2, 3, 1, 1, 1]
[MARKOV] Filtered=724 candles, 58 states
[MARKOV] State=3111, last_dir=DOWN, p̂=0.818 (n=11)
[POLY] YES=0.505, NO=0.495
[SIGNAL] DOWN, p̂=0.818, q=0.505, Δ=0.313 → Low Vol (5.4458 < 5.9415)

✓ #301 p̂=0.818, Signal=False
⏰ Next: 22:48:52
---
=== Tue May 26 22:48:52 UTC 2026 ===
BTC 5m Bot v3 - ATR+Vol Filter
MIN_PROB=0.87, ATR>0.8x avg, Vol>0.6x avg
Cycle 301/50

============================================================
Cycle #302 | 22:48:52 UTC
[BTC] 1440 candles
[FILTER] ATR=86.49 (avg=77.71, threshold=62.17)
[FILTER] Vol=11.5835 (avg=10.2094, threshold=6.1256)
[BTC] Last streaks: [2, 3, 1, 1, 1]
[MARKOV] Filtered=716 candles, 58 states
[MARKOV] State=3111, last_dir=DOWN, p̂=0.818 (n=11)
[POLY] YES=0.505, NO=0.495
[SIGNAL] DOWN, p̂=0.818, q=0.505, Δ=0.313 → p̂ 0.818 < 0.87

✓ #302 p̂=0.818, Signal=False
⏰ Next: 22:50:16
---
=== Tue May 26 22:50:16 UTC 2026 ===
BTC 5m Bot v3 - ATR+Vol Filter
MIN_PROB=0.87, ATR>0.8x avg, Vol>0.6x avg
Cycle 302/50

============================================================
Cycle #303 | 22:50:16 UTC
[BTC] 1440 candles
[FILTER] ATR=81.55 (avg=77.96, threshold=62.37)
[FILTER] Vol=0.2498 (avg=8.6275, threshold=5.1765)
[BTC] Last streaks: [3, 1, 1, 1, 2]
[MARKOV] Filtered=773 candles, 58 states
[MARKOV] State=1112, last_dir=DOWN, p̂=0.610 (n=59)
[POLY] YES=0.505, NO=0.495
[SIGNAL] DOWN, p̂=0.610, q=0.505, Δ=0.105 → Low Vol (0.2498 < 5.1765)

✓ #303 p̂=0.610, Signal=False
⏰ Next: 22:51:40
---
=== Tue May 26 22:51:40 UTC 2026 ===
BTC 5m Bot v3 - ATR+Vol Filter
MIN_PROB=0.87, ATR>0.8x avg, Vol>0.6x avg
Cycle 303/50

============================================================
Cycle #304 | 22:51:40 UTC
[BTC] 1440 candles
[FILTER] ATR=82.58 (avg=78.01, threshold=62.41)
[FILTER] Vol=0.9584 (avg=8.6630, threshold=5.1978)
[BTC] Last streaks: [3, 1, 1, 1, 2]
[MARKOV] Filtered=772 candles, 58 states
[MARKOV] State=1112, last_dir=DOWN, p̂=0.610 (n=59)
[POLY] YES=0.505, NO=0.495
[SIGNAL] DOWN, p̂=0.610, q=0.505, Δ=0.105 → Low Vol (0.9584 < 5.1978)

✓ #304 p̂=0.610, Signal=False
⏰ Next: 22:53:04
---
=== Tue May 26 22:53:04 UTC 2026 ===
BTC 5m Bot v3 - ATR+Vol Filter
MIN_PROB=0.87, ATR>0.8x avg, Vol>0.6x avg
Cycle 304/50

============================================================
Cycle #305 | 22:53:04 UTC
[BTC] 1440 candles
[FILTER] ATR=82.89 (avg=78.02, threshold=62.42)
[FILTER] Vol=3.4141 (avg=8.7857, threshold=5.2714)
[BTC] Last streaks: [3, 1, 1, 1, 1]
[MARKOV] Filtered=766 candles, 58 states
[MARKOV] State=1111, last_dir=UP, p̂=0.352 (n=54)
[POLY] YES=0.505, NO=0.495
[SIGNAL] UP, p̂=0.352, q=0.495, Δ=-0.143 → Low Vol (3.4141 < 5.2714)

✓ #305 p̂=0.352, Signal=False
⏰ Next: 22:54:27
---
=== Tue May 26 22:54:27 UTC 2026 ===
BTC 5m Bot v3 - ATR+Vol Filter
MIN_PROB=0.87, ATR>0.8x avg, Vol>0.6x avg
Cycle 305/50

============================================================
Cycle #306 | 22:54:28 UTC
[BTC] 1440 candles
[FILTER] ATR=85.80 (avg=78.17, threshold=62.54)
[FILTER] Vol=6.8878 (avg=8.9594, threshold=5.3757)
[BTC] Last streaks: [3, 1, 1, 1, 1]
[MARKOV] Filtered=759 candles, 58 states
[MARKOV] State=1111, last_dir=UP, p̂=0.346 (n=52)
[POLY] YES=0.505, NO=0.495
[SIGNAL] UP, p̂=0.346, q=0.495, Δ=-0.149 → p̂ 0.346 < 0.87

✓ #306 p̂=0.346, Signal=False
⏰ Next: 22:55:51
---
=== Tue May 26 22:55:51 UTC 2026 ===
BTC 5m Bot v3 - ATR+Vol Filter
MIN_PROB=0.87, ATR>0.8x avg, Vol>0.6x avg
Cycle 306/50

============================================================
Cycle #307 | 22:55:51 UTC
[BTC] 1440 candles
[FILTER] ATR=84.19 (avg=78.44, threshold=62.75)
[FILTER] Vol=0.4581 (avg=8.8275, threshold=5.2965)
[BTC] Last streaks: [1, 1, 1, 1, 1]
[MARKOV] Filtered=764 candles, 58 states
[MARKOV] State=1111, last_dir=DOWN, p̂=0.340 (n=53)
[POLY] YES=0.505, NO=0.495
[SIGNAL] DOWN, p̂=0.340, q=0.505, Δ=-0.165 → Low Vol (0.4581 < 5.2965)

✓ #307 p̂=0.340, Signal=False
⏰ Next: 22:57:15
---
=== Tue May 26 22:57:15 UTC 2026 ===
BTC 5m Bot v3 - ATR+Vol Filter
MIN_PROB=0.87, ATR>0.8x avg, Vol>0.6x avg
Cycle 307/50

============================================================
Cycle #308 | 22:57:15 UTC
[BTC] 1440 candles
[FILTER] ATR=85.61 (avg=78.51, threshold=62.81)
[FILTER] Vol=0.8813 (avg=8.8486, threshold=5.3092)
[BTC] Last streaks: [1, 1, 1, 1, 1]
[MARKOV] Filtered=763 candles, 58 states
[MARKOV] State=1111, last_dir=DOWN, p̂=0.340 (n=53)
[POLY] YES=0.505, NO=0.495
[SIGNAL] DOWN, p̂=0.340, q=0.505, Δ=-0.165 → Low Vol (0.8813 < 5.3092)

✓ #308 p̂=0.340, Signal=False
⏰ Next: 22:58:39
---
=== Tue May 26 22:58:39 UTC 2026 ===
BTC 5m Bot v3 - ATR+Vol Filter
MIN_PROB=0.87, ATR>0.8x avg, Vol>0.6x avg
Cycle 308/50

============================================================
Cycle #309 | 22:58:39 UTC
[BTC] 1440 candles
[FILTER] ATR=85.61 (avg=78.51, threshold=62.81)
[FILTER] Vol=2.9710 (avg=8.9531, threshold=5.3719)
[BTC] Last streaks: [1, 1, 1, 1, 1]
[MARKOV] Filtered=757 candles, 58 states
[MARKOV] State=1111, last_dir=DOWN, p̂=0.346 (n=52)
[POLY] YES=0.505, NO=0.495
[SIGNAL] DOWN, p̂=0.346, q=0.505, Δ=-0.159 → Low Vol (2.9710 < 5.3719)

✓ #309 p̂=0.346, Signal=False
⏰ Next: 23:00:03
---
=== Tue May 26 23:00:03 UTC 2026 ===
BTC 5m Bot v3 - ATR+Vol Filter
MIN_PROB=0.87, ATR>0.8x avg, Vol>0.6x avg
Cycle 309/50

============================================================
Cycle #310 | 23:00:03 UTC
[BTC] 1440 candles
[FILTER] ATR=82.10 (avg=78.62, threshold=62.89)
[FILTER] Vol=1.4506 (avg=8.8912, threshold=5.3347)
[BTC] Last streaks: [1, 1, 1, 2, 3]
[MARKOV] Filtered=757 candles, 58 states
[MARKOV] State=1123, last_dir=UP, p̂=0.405 (n=42)
[POLY] YES=0.505, NO=0.495
[SIGNAL] UP, p̂=0.405, q=0.495, Δ=-0.090 → Low Vol (1.4506 < 5.3347)

✓ #310 p̂=0.405, Signal=False
⏰ Next: 23:01:27
---
=== Tue May 26 23:01:27 UTC 2026 ===
BTC 5m Bot v3 - ATR+Vol Filter
MIN_PROB=0.87, ATR>0.8x avg, Vol>0.6x avg
Cycle 310/50

============================================================
Cycle #311 | 23:01:27 UTC
[BTC] 1440 candles
[FILTER] ATR=91.87 (avg=79.11, threshold=63.29)
[FILTER] Vol=6.0825 (avg=9.1228, threshold=5.4737)
[BTC] Last streaks: [1, 1, 1, 2, 3]
[MARKOV] Filtered=742 candles, 58 states
[MARKOV] State=1123, last_dir=UP, p̂=0.405 (n=42)
[POLY] YES=0.505, NO=0.495
[SIGNAL] UP, p̂=0.405, q=0.495, Δ=-0.090 → p̂ 0.405 < 0.87

✓ #311 p̂=0.405, Signal=False
⏰ Next: 23:02:50
---
=== Tue May 26 23:02:51 UTC 2026 ===
BTC 5m Bot v3 - ATR+Vol Filter
MIN_PROB=0.87, ATR>0.8x avg, Vol>0.6x avg
Cycle 311/50

============================================================
Cycle #312 | 23:02:51 UTC
[BTC] 1440 candles
[FILTER] ATR=91.87 (avg=79.11, threshold=63.29)
[FILTER] Vol=6.8178 (avg=9.1596, threshold=5.4958)
[BTC] Last streaks: [1, 1, 1, 2, 3]
[MARKOV] Filtered=742 candles, 58 states
[MARKOV] State=1123, last_dir=UP, p̂=0.405 (n=42)
[POLY] YES=0.505, NO=0.495
[SIGNAL] UP, p̂=0.405, q=0.495, Δ=-0.090 → p̂ 0.405 < 0.87

✓ #312 p̂=0.405, Signal=False
⏰ Next: 23:04:14
---
=== Tue May 26 23:04:14 UTC 2026 ===
BTC 5m Bot v3 - ATR+Vol Filter
MIN_PROB=0.87, ATR>0.8x avg, Vol>0.6x avg
Cycle 312/50

============================================================
Cycle #313 | 23:04:15 UTC
[BTC] 1440 candles
[FILTER] ATR=91.87 (avg=79.11, threshold=63.29)
[FILTER] Vol=8.3957 (avg=9.2385, threshold=5.5431)
[BTC] Last streaks: [1, 1, 1, 2, 3]
[MARKOV] Filtered=739 candles, 58 states
[MARKOV] State=1123, last_dir=UP, p̂=0.405 (n=42)
[POLY] YES=0.505, NO=0.495
[SIGNAL] UP, p̂=0.405, q=0.495, Δ=-0.090 → p̂ 0.405 < 0.87

✓ #313 p̂=0.405, Signal=False
⏰ Next: 23:05:38
---
=== Tue May 26 23:05:38 UTC 2026 ===
BTC 5m Bot v3 - ATR+Vol Filter
MIN_PROB=0.87, ATR>0.8x avg, Vol>0.6x avg
Cycle 313/50

============================================================
Cycle #314 | 23:05:38 UTC
[BTC] 1440 candles
[FILTER] ATR=87.61 (avg=79.72, threshold=63.77)
[FILTER] Vol=0.8196 (avg=9.0355, threshold=5.4213)
[BTC] Last streaks: [1, 1, 2, 3, 1]
[MARKOV] Filtered=741 candles, 58 states
[MARKOV] State=1231, last_dir=DOWN, p̂=0.426 (n=54)
[POLY] YES=0.505, NO=0.495
[SIGNAL] DOWN, p̂=0.426, q=0.505, Δ=-0.079 → Low Vol (0.8196 < 5.4213)

✓ #314 p̂=0.426, Signal=False
⏰ Next: 23:07:02
---
=== Tue May 26 23:07:02 UTC 2026 ===
BTC 5m Bot v3 - ATR+Vol Filter
MIN_PROB=0.87, ATR>0.8x avg, Vol>0.6x avg
Cycle 314/50

============================================================
Cycle #315 | 23:07:02 UTC
[BTC] 1440 candles
[FILTER] ATR=89.10 (avg=79.79, threshold=63.83)
[FILTER] Vol=1.9247 (avg=9.0908, threshold=5.4545)
[BTC] Last streaks: [1, 1, 2, 3, 1]
[MARKOV] Filtered=737 candles, 58 states
[MARKOV] State=1231, last_dir=DOWN, p̂=0.426 (n=54)
[POLY] YES=0.505, NO=0.495
[SIGNAL] DOWN, p̂=0.426, q=0.505, Δ=-0.079 → Low Vol (1.9247 < 5.4545)

✓ #315 p̂=0.426, Signal=False
⏰ Next: 23:08:26
---
=== Tue May 26 23:08:26 UTC 2026 ===
BTC 5m Bot v3 - ATR+Vol Filter
MIN_PROB=0.87, ATR>0.8x avg, Vol>0.6x avg
Cycle 315/50

============================================================
Cycle #316 | 23:08:26 UTC
[BTC] 1440 candles
[FILTER] ATR=90.55 (avg=79.86, threshold=63.89)
[FILTER] Vol=3.4324 (avg=9.1662, threshold=5.4997)
[BTC] Last streaks: [1, 1, 2, 3, 1]
[MARKOV] Filtered=736 candles, 58 states
[MARKOV] State=1231, last_dir=DOWN, p̂=0.426 (n=54)
[POLY] YES=0.505, NO=0.495
[SIGNAL] DOWN, p̂=0.426, q=0.505, Δ=-0.079 → Low Vol (3.4324 < 5.4997)

✓ #316 p̂=0.426, Signal=False
⏰ Next: 23:09:50
---
=== Tue May 26 23:09:50 UTC 2026 ===
BTC 5m Bot v3 - ATR+Vol Filter
MIN_PROB=0.87, ATR>0.8x avg, Vol>0.6x avg
Cycle 316/50

============================================================
Cycle #317 | 23:09:50 UTC
[BTC] 1440 candles
[FILTER] ATR=90.55 (avg=79.86, threshold=63.89)
[FILTER] Vol=7.3535 (avg=9.3622, threshold=5.6173)
[BTC] Last streaks: [1, 1, 2, 3, 4]
[MARKOV] Filtered=731 candles, 58 states
[MARKOV] State=1234, last_dir=UP, p̂=0.455 (n=44)
[POLY] YES=0.505, NO=0.495
[SIGNAL] UP, p̂=0.455, q=0.495, Δ=-0.040 → p̂ 0.455 < 0.87

✓ #317 p̂=0.455, Signal=False
⏰ Next: 23:11:14
---
=== Tue May 26 23:11:14 UTC 2026 ===
BTC 5m Bot v3 - ATR+Vol Filter
MIN_PROB=0.87, ATR>0.8x avg, Vol>0.6x avg
Cycle 317/50

============================================================
Cycle #318 | 23:11:14 UTC
[BTC] 1440 candles
[FILTER] ATR=85.63 (avg=80.27, threshold=64.22)
[FILTER] Vol=5.8819 (avg=9.2812, threshold=5.5687)
[BTC] Last streaks: [1, 2, 3, 4, 5]
[MARKOV] Filtered=726 candles, 58 states
[MARKOV] State=2345, last_dir=UP, p̂=0.609 (n=23)
[POLY] YES=0.505, NO=0.495
[SIGNAL] UP, p̂=0.609, q=0.495, Δ=0.114 → p̂ 0.609 < 0.87

✓ #318 p̂=0.609, Signal=False
⏰ Next: 23:12:37
---
=== Tue May 26 23:12:37 UTC 2026 ===
BTC 5m Bot v3 - ATR+Vol Filter
MIN_PROB=0.87, ATR>0.8x avg, Vol>0.6x avg
Cycle 318/50

============================================================
Cycle #319 | 23:12:38 UTC
[BTC] 1440 candles
[FILTER] ATR=86.64 (avg=80.32, threshold=64.26)
[FILTER] Vol=11.3875 (avg=9.5564, threshold=5.7339)
[BTC] Last streaks: [1, 2, 3, 4, 5]
[MARKOV] Filtered=715 candles, 58 states
[MARKOV] State=2345, last_dir=UP, p̂=0.609 (n=23)
[POLY] YES=0.505, NO=0.495
[SIGNAL] UP, p̂=0.609, q=0.495, Δ=0.114 → p̂ 0.609 < 0.87

✓ #319 p̂=0.609, Signal=False
⏰ Next: 23:14:01
---
=== Tue May 26 23:14:02 UTC 2026 ===
BTC 5m Bot v3 - ATR+Vol Filter
MIN_PROB=0.87, ATR>0.8x avg, Vol>0.6x avg
Cycle 319/50

============================================================
Cycle #320 | 23:14:02 UTC
[BTC] 1440 candles
[FILTER] ATR=86.89 (avg=80.33, threshold=64.27)
[FILTER] Vol=18.6944 (avg=9.9218, threshold=5.9531)
[BTC] Last streaks: [1, 2, 3, 4, 5]
[MARKOV] Filtered=699 candles, 58 states
[MARKOV] State=2345, last_dir=UP, p̂=0.609 (n=23)
[POLY] YES=0.505, NO=0.495
[SIGNAL] UP, p̂=0.609, q=0.495, Δ=0.114 → p̂ 0.609 < 0.87

✓ #320 p̂=0.609, Signal=False
⏰ Next: 23:15:25
---
=== Tue May 26 23:15:25 UTC 2026 ===
BTC 5m Bot v3 - ATR+Vol Filter
MIN_PROB=0.87, ATR>0.8x avg, Vol>0.6x avg
Cycle 320/50

============================================================
Cycle #321 | 23:15:25 UTC
[BTC] 1440 candles
[FILTER] ATR=77.91 (avg=80.57, threshold=64.46)
[FILTER] Vol=0.1564 (avg=9.8151, threshold=5.8891)
[BTC] Last streaks: [2, 3, 4, 5, 1]
[MARKOV] Filtered=697 candles, 58 states
[MARKOV] State=3451, last_dir=DOWN, p̂=0.583 (n=12)
[POLY] YES=0.505, NO=0.495
[SIGNAL] DOWN, p̂=0.583, q=0.505, Δ=0.078 → Low Vol (0.1564 < 5.8891)

✓ #321 p̂=0.583, Signal=False
⏰ Next: 23:16:49
---
=== Tue May 26 23:16:49 UTC 2026 ===
BTC 5m Bot v3 - ATR+Vol Filter
MIN_PROB=0.87, ATR>0.8x avg, Vol>0.6x avg
Cycle 321/50

============================================================
Cycle #322 | 23:16:49 UTC
[BTC] 1440 candles
[FILTER] ATR=80.14 (avg=80.68, threshold=64.55)
[FILTER] Vol=1.7446 (avg=9.8945, threshold=5.9367)
[BTC] Last streaks: [2, 3, 4, 5, 6]
[MARKOV] Filtered=696 candles, 58 states
[MARKOV] State=3456, last_dir=UP, p̂=0.333 (n=12)
[POLY] YES=0.505, NO=0.495
[SIGNAL] UP, p̂=0.333, q=0.495, Δ=-0.162 → Low Vol (1.7446 < 5.9367)

✓ #322 p̂=0.333, Signal=False
⏰ Next: 23:18:13
---
=== Tue May 26 23:18:13 UTC 2026 ===
BTC 5m Bot v3 - ATR+Vol Filter
MIN_PROB=0.87, ATR>0.8x avg, Vol>0.6x avg
Cycle 322/50

============================================================
Cycle #323 | 23:18:13 UTC
[BTC] 1440 candles
[FILTER] ATR=80.25 (avg=80.69, threshold=64.55)
[FILTER] Vol=2.4747 (avg=9.9310, threshold=5.9586)
[BTC] Last streaks: [2, 3, 4, 5, 6]
[MARKOV] Filtered=696 candles, 58 states
[MARKOV] State=3456, last_dir=UP, p̂=0.333 (n=12)
[POLY] YES=0.505, NO=0.495
[SIGNAL] UP, p̂=0.333, q=0.495, Δ=-0.162 → Low Vol (2.4747 < 5.9586)

✓ #323 p̂=0.333, Signal=False
⏰ Next: 23:19:37
---
=== Tue May 26 23:19:37 UTC 2026 ===
BTC 5m Bot v3 - ATR+Vol Filter
MIN_PROB=0.87, ATR>0.8x avg, Vol>0.6x avg
Cycle 323/50

============================================================
Cycle #324 | 23:19:37 UTC
[BTC] 1440 candles
[FILTER] ATR=81.48 (avg=80.75, threshold=64.60)
[FILTER] Vol=3.3279 (avg=9.9737, threshold=5.9842)
[BTC] Last streaks: [2, 3, 4, 5, 6]
[MARKOV] Filtered=696 candles, 58 states
[MARKOV] State=3456, last_dir=UP, p̂=0.333 (n=12)
[POLY] YES=0.505, NO=0.495
[SIGNAL] UP, p̂=0.333, q=0.495, Δ=-0.162 → Low Vol (3.3279 < 5.9842)

✓ #324 p̂=0.333, Signal=False
⏰ Next: 23:21:00
---
=== Tue May 26 23:21:01 UTC 2026 ===
BTC 5m Bot v3 - ATR+Vol Filter
MIN_PROB=0.87, ATR>0.8x avg, Vol>0.6x avg
Cycle 324/50

============================================================
Cycle #325 | 23:21:01 UTC
[BTC] 1440 candles
[FILTER] ATR=71.55 (avg=80.92, threshold=64.74)
[FILTER] Vol=0.8665 (avg=9.4987, threshold=5.6992)
[BTC] Last streaks: [3, 4, 5, 6, 1]
[MARKOV] Filtered=712 candles, 58 states
[MARKOV] State=4561, last_dir=DOWN, p̂=0.400 (n=5)
[POLY] YES=0.505, NO=0.495
[SIGNAL] DOWN, p̂=0.400, q=0.505, Δ=-0.105 → Low Vol (0.8665 < 5.6992)

✓ #325 p̂=0.400, Signal=False
⏰ Next: 23:22:24
---
=== Tue May 26 23:22:24 UTC 2026 ===
BTC 5m Bot v3 - ATR+Vol Filter
MIN_PROB=0.87, ATR>0.8x avg, Vol>0.6x avg
Cycle 325/50

============================================================
Cycle #326 | 23:22:25 UTC
[BTC] 1440 candles
[FILTER] ATR=72.51 (avg=80.97, threshold=64.78)
[FILTER] Vol=7.4617 (avg=9.8285, threshold=5.8971)
[BTC] Last streaks: [3, 4, 5, 6, 1]
[MARKOV] Filtered=695 candles, 58 states
[MARKOV] State=4561, last_dir=DOWN, p̂=0.400 (n=5)
[POLY] YES=0.505, NO=0.495
[SIGNAL] DOWN, p̂=0.400, q=0.505, Δ=-0.105 → p̂ 0.400 < 0.87

✓ #326 p̂=0.400, Signal=False
⏰ Next: 23:23:48
---
=== Tue May 26 23:23:48 UTC 2026 ===
BTC 5m Bot v3 - ATR+Vol Filter
MIN_PROB=0.87, ATR>0.8x avg, Vol>0.6x avg
Cycle 326/50

============================================================
Cycle #327 | 23:23:48 UTC
[BTC] 1440 candles
[FILTER] ATR=73.42 (avg=81.01, threshold=64.81)
[FILTER] Vol=7.6862 (avg=9.8397, threshold=5.9038)
[BTC] Last streaks: [3, 4, 5, 6, 1]
[MARKOV] Filtered=695 candles, 58 states
[MARKOV] State=4561, last_dir=DOWN, p̂=0.400 (n=5)
[POLY] YES=0.505, NO=0.495
[SIGNAL] DOWN, p̂=0.400, q=0.505, Δ=-0.105 → p̂ 0.400 < 0.87

✓ #327 p̂=0.400, Signal=False
⏰ Next: 23:25:12
---
=== Tue May 26 23:25:12 UTC 2026 ===
BTC 5m Bot v3 - ATR+Vol Filter
MIN_PROB=0.87, ATR>0.8x avg, Vol>0.6x avg
Cycle 327/50

============================================================
Cycle #328 | 23:25:12 UTC
[BTC] 1440 candles
[FILTER] ATR=66.60 (avg=81.08, threshold=64.86)
[FILTER] Vol=0.0729 (avg=9.6161, threshold=5.7696)
[BTC] Last streaks: [4, 5, 6, 1, 2]
[MARKOV] Filtered=707 candles, 58 states
[MARKOV] State=5612, last_dir=DOWN, p̂=0.333 (n=3)
[POLY] YES=0.505, NO=0.495
[SIGNAL] DOWN, p̂=0.333, q=0.505, Δ=-0.172 → Low Vol (0.0729 < 5.7696)

✓ #328 p̂=0.333, Signal=False
⏰ Next: 23:26:36
---
=== Tue May 26 23:26:36 UTC 2026 ===
BTC 5m Bot v3 - ATR+Vol Filter
MIN_PROB=0.87, ATR>0.8x avg, Vol>0.6x avg
Cycle 328/50

============================================================
Cycle #329 | 23:26:36 UTC
[BTC] 1440 candles
[FILTER] ATR=67.49 (avg=81.12, threshold=64.90)
[FILTER] Vol=0.9423 (avg=9.6595, threshold=5.7957)
[BTC] Last streaks: [4, 5, 6, 1, 2]
[MARKOV] Filtered=700 candles, 58 states
[MARKOV] State=5612, last_dir=DOWN, p̂=0.333 (n=3)
[POLY] YES=0.505, NO=0.495
[SIGNAL] DOWN, p̂=0.333, q=0.505, Δ=-0.172 → Low Vol (0.9423 < 5.7957)

✓ #329 p̂=0.333, Signal=False
⏰ Next: 23:28:00
---
=== Tue May 26 23:28:00 UTC 2026 ===
BTC 5m Bot v3 - ATR+Vol Filter
MIN_PROB=0.87, ATR>0.8x avg, Vol>0.6x avg
Cycle 329/50

============================================================
Cycle #330 | 23:28:00 UTC
[BTC] 1440 candles
[FILTER] ATR=69.14 (avg=81.21, threshold=64.96)
[FILTER] Vol=2.8466 (avg=9.7547, threshold=5.8528)
[BTC] Last streaks: [4, 5, 6, 1, 2]
[MARKOV] Filtered=697 candles, 58 states
[MARKOV] State=5612, last_dir=DOWN, p̂=0.333 (n=3)
[POLY] YES=0.505, NO=0.495
[SIGNAL] DOWN, p̂=0.333, q=0.505, Δ=-0.172 → Low Vol (2.8466 < 5.8528)

✓ #330 p̂=0.333, Signal=False
⏰ Next: 23:29:23
---
=== Tue May 26 23:29:24 UTC 2026 ===
BTC 5m Bot v3 - ATR+Vol Filter
MIN_PROB=0.87, ATR>0.8x avg, Vol>0.6x avg
Cycle 330/50

============================================================
Cycle #331 | 23:29:24 UTC
[BTC] 1440 candles
[FILTER] ATR=69.14 (avg=81.21, threshold=64.96)
[FILTER] Vol=3.3534 (avg=9.7801, threshold=5.8681)
[BTC] Last streaks: [4, 5, 6, 1, 1]
[MARKOV] Filtered=696 candles, 58 states
[MARKOV] State=5611, last_dir=UP, p̂=0.500 (n=2)
[POLY] YES=0.505, NO=0.495
[SIGNAL] UP, p̂=0.500, q=0.495, Δ=0.005 → Low Vol (3.3534 < 5.8681)

✓ #331 p̂=0.500, Signal=False
⏰ Next: 23:30:47
---
=== Tue May 26 23:30:48 UTC 2026 ===
BTC 5m Bot v3 - ATR+Vol Filter
MIN_PROB=0.87, ATR>0.8x avg, Vol>0.6x avg
Cycle 331/50

============================================================
Cycle #332 | 23:30:48 UTC
[BTC] 1440 candles
[FILTER] ATR=66.74 (avg=81.18, threshold=64.95)
[FILTER] Vol=1.1048 (avg=9.4279, threshold=5.6568)
[BTC] Last streaks: [5, 6, 1, 1, 2]
[MARKOV] Filtered=712 candles, 58 states
[MARKOV] State=6112, last_dir=UP, p̂=0.000 (n=1)
[POLY] YES=0.505, NO=0.495
[SIGNAL] UP, p̂=0.000, q=0.495, Δ=-0.495 → Low Vol (1.1048 < 5.6568)

✓ #332 p̂=0.000, Signal=False
⏰ Next: 23:32:11
---
=== Tue May 26 23:32:11 UTC 2026 ===
BTC 5m Bot v3 - ATR+Vol Filter
MIN_PROB=0.87, ATR>0.8x avg, Vol>0.6x avg
Cycle 332/50

============================================================
Cycle #333 | 23:32:12 UTC
[BTC] 1440 candles
[FILTER] ATR=67.20 (avg=81.21, threshold=64.97)
[FILTER] Vol=1.7485 (avg=9.4601, threshold=5.6761)
[BTC] Last streaks: [5, 6, 1, 1, 2]
[MARKOV] Filtered=712 candles, 58 states
[MARKOV] State=6112, last_dir=UP, p̂=0.000 (n=1)
[POLY] YES=0.505, NO=0.495
[SIGNAL] UP, p̂=0.000, q=0.495, Δ=-0.495 → Low Vol (1.7485 < 5.6761)

✓ #333 p̂=0.000, Signal=False
⏰ Next: 23:33:35
---
=== Tue May 26 23:33:35 UTC 2026 ===
BTC 5m Bot v3 - ATR+Vol Filter
MIN_PROB=0.87, ATR>0.8x avg, Vol>0.6x avg
Cycle 333/50

============================================================
Cycle #334 | 23:33:35 UTC
[BTC] 1440 candles
[FILTER] ATR=67.20 (avg=81.21, threshold=64.97)
[FILTER] Vol=1.8985 (avg=9.4676, threshold=5.6806)
[BTC] Last streaks: [5, 6, 1, 1, 2]
[MARKOV] Filtered=711 candles, 58 states
[MARKOV] State=6112, last_dir=UP, p̂=0.000 (n=1)
[POLY] YES=0.505, NO=0.495
[SIGNAL] UP, p̂=0.000, q=0.495, Δ=-0.495 → Low Vol (1.8985 < 5.6806)

✓ #334 p̂=0.000, Signal=False
⏰ Next: 23:34:59
---
=== Tue May 26 23:34:59 UTC 2026 ===
BTC 5m Bot v3 - ATR+Vol Filter
MIN_PROB=0.87, ATR>0.8x avg, Vol>0.6x avg
Cycle 334/50

============================================================
Cycle #335 | 23:34:59 UTC
[BTC] 1439 candles
[FILTER] ATR=67.24 (avg=81.21, threshold=64.97)
[FILTER] Vol=2.9508 (avg=9.5202, threshold=5.7121)
[BTC] Last streaks: [5, 6, 1, 1, 2]
[MARKOV] Filtered=707 candles, 58 states
[MARKOV] State=6112, last_dir=UP, p̂=0.000 (n=1)
[POLY] YES=0.505, NO=0.495
[SIGNAL] UP, p̂=0.000, q=0.495, Δ=-0.495 → Low Vol (2.9508 < 5.7121)

✓ #335 p̂=0.000, Signal=False
⏰ Next: 23:36:23
---
=== Tue May 26 23:36:23 UTC 2026 ===
BTC 5m Bot v3 - ATR+Vol Filter
MIN_PROB=0.87, ATR>0.8x avg, Vol>0.6x avg
Cycle 335/50

============================================================
Cycle #336 | 23:36:23 UTC
[BTC] 1440 candles
[FILTER] ATR=66.04 (avg=81.01, threshold=64.81)
[FILTER] Vol=0.5835 (avg=9.1640, threshold=5.4984)
[BTC] Last streaks: [6, 1, 1, 2, 1]
[MARKOV] Filtered=721 candles, 58 states
[MARKOV] State=1121, last_dir=DOWN, p̂=0.524 (n=42)
[POLY] YES=0.505, NO=0.495
[SIGNAL] DOWN, p̂=0.524, q=0.505, Δ=0.019 → Low Vol (0.5835 < 5.4984)

✓ #336 p̂=0.524, Signal=False
⏰ Next: 23:37:47
---
=== Tue May 26 23:37:47 UTC 2026 ===
BTC 5m Bot v3 - ATR+Vol Filter
MIN_PROB=0.87, ATR>0.8x avg, Vol>0.6x avg
Cycle 336/50

============================================================
Cycle #337 | 23:37:47 UTC
[BTC] 1440 candles
[FILTER] ATR=66.08 (avg=81.01, threshold=64.81)
[FILTER] Vol=0.9925 (avg=9.1844, threshold=5.5107)
[BTC] Last streaks: [6, 1, 1, 2, 3]
[MARKOV] Filtered=721 candles, 58 states
[MARKOV] State=1123, last_dir=UP, p̂=0.375 (n=40)
[POLY] YES=0.505, NO=0.495
[SIGNAL] UP, p̂=0.375, q=0.495, Δ=-0.120 → Low Vol (0.9925 < 5.5107)

✓ #337 p̂=0.375, Signal=False
⏰ Next: 23:39:10
---
=== Tue May 26 23:39:11 UTC 2026 ===
BTC 5m Bot v3 - ATR+Vol Filter
MIN_PROB=0.87, ATR>0.8x avg, Vol>0.6x avg
Cycle 337/50

============================================================
Cycle #338 | 23:39:11 UTC
[BTC] 1440 candles
[FILTER] ATR=70.91 (avg=81.25, threshold=65.00)
[FILTER] Vol=3.6730 (avg=9.3185, threshold=5.5911)
[BTC] Last streaks: [6, 1, 1, 2, 3]
[MARKOV] Filtered=715 candles, 58 states
[MARKOV] State=1123, last_dir=UP, p̂=0.375 (n=40)
[POLY] YES=0.505, NO=0.495
[SIGNAL] UP, p̂=0.375, q=0.495, Δ=-0.120 → Low Vol (3.6730 < 5.5911)

✓ #338 p̂=0.375, Signal=False
⏰ Next: 23:40:34
---
=== Tue May 26 23:40:34 UTC 2026 ===
BTC 5m Bot v3 - ATR+Vol Filter
MIN_PROB=0.87, ATR>0.8x avg, Vol>0.6x avg
Cycle 338/50

============================================================
Cycle #339 | 23:40:34 UTC
[BTC] 1440 candles
[FILTER] ATR=66.79 (avg=80.80, threshold=64.64)
[FILTER] Vol=5.4656 (avg=9.3345, threshold=5.6007)
[BTC] Last streaks: [1, 1, 2, 3, 4]
[MARKOV] Filtered=717 candles, 58 states
[MARKOV] State=1234, last_dir=UP, p̂=0.455 (n=44)
[POLY] YES=0.505, NO=0.495
[SIGNAL] UP, p̂=0.455, q=0.495, Δ=-0.040 → Low Vol (5.4656 < 5.6007)

✓ #339 p̂=0.455, Signal=False
⏰ Next: 23:41:58
---
=== Tue May 26 23:41:58 UTC 2026 ===
BTC 5m Bot v3 - ATR+Vol Filter
MIN_PROB=0.87, ATR>0.8x avg, Vol>0.6x avg
Cycle 339/50

============================================================
Cycle #340 | 23:41:58 UTC
[BTC] 1440 candles
[FILTER] ATR=67.11 (avg=80.82, threshold=64.66)
[FILTER] Vol=6.0732 (avg=9.3649, threshold=5.6189)
[BTC] Last streaks: [1, 1, 2, 3, 4]
[MARKOV] Filtered=717 candles, 58 states
[MARKOV] State=1234, last_dir=UP, p̂=0.455 (n=44)
[POLY] YES=0.505, NO=0.495
[SIGNAL] UP, p̂=0.455, q=0.495, Δ=-0.040 → p̂ 0.455 < 0.87

✓ #340 p̂=0.455, Signal=False
⏰ Next: 23:43:22
---
=== Tue May 26 23:43:22 UTC 2026 ===
BTC 5m Bot v3 - ATR+Vol Filter
MIN_PROB=0.87, ATR>0.8x avg, Vol>0.6x avg
Cycle 340/50

============================================================
Cycle #341 | 23:43:23 UTC
[BTC] 1440 candles
[FILTER] ATR=67.11 (avg=80.82, threshold=64.66)
[FILTER] Vol=6.3239 (avg=9.3774, threshold=5.6264)
[BTC] Last streaks: [1, 1, 2, 3, 4]
[MARKOV] Filtered=717 candles, 58 states
[MARKOV] State=1234, last_dir=UP, p̂=0.455 (n=44)
[POLY] YES=0.505, NO=0.495
[SIGNAL] UP, p̂=0.455, q=0.495, Δ=-0.040 → p̂ 0.455 < 0.87

✓ #341 p̂=0.455, Signal=False
⏰ Next: 23:44:46
---
=== Tue May 26 23:44:46 UTC 2026 ===
BTC 5m Bot v3 - ATR+Vol Filter
MIN_PROB=0.87, ATR>0.8x avg, Vol>0.6x avg
Cycle 341/50

============================================================
Cycle #342 | 23:44:46 UTC
[BTC] 1440 candles
[FILTER] ATR=67.14 (avg=80.82, threshold=64.66)
[FILTER] Vol=7.3242 (avg=9.4274, threshold=5.6565)
[BTC] Last streaks: [1, 1, 2, 3, 1]
[MARKOV] Filtered=715 candles, 58 states
[MARKOV] State=1231, last_dir=DOWN, p̂=0.434 (n=53)
[POLY] YES=0.505, NO=0.495
[SIGNAL] DOWN, p̂=0.434, q=0.505, Δ=-0.071 → p̂ 0.434 < 0.87

✓ #342 p̂=0.434, Signal=False
⏰ Next: 23:46:10
---
=== Tue May 26 23:46:10 UTC 2026 ===
BTC 5m Bot v3 - ATR+Vol Filter
MIN_PROB=0.87, ATR>0.8x avg, Vol>0.6x avg
Cycle 342/50

============================================================
Cycle #343 | 23:46:10 UTC
[BTC] 1440 candles
[FILTER] ATR=61.61 (avg=79.79, threshold=63.83)
[FILTER] Vol=1.6450 (avg=8.3677, threshold=5.0206)
[BTC] Last streaks: [1, 2, 3, 1, 1]
[MARKOV] Filtered=761 candles, 58 states
[MARKOV] State=2311, last_dir=UP, p̂=0.600 (n=20)
[POLY] YES=0.505, NO=0.495
[SIGNAL] UP, p̂=0.600, q=0.495, Δ=0.105 → Low ATR (61.61 < 63.83)

✓ #343 p̂=0.600, Signal=False
⏰ Next: 23:47:34
---
=== Tue May 26 23:47:34 UTC 2026 ===
BTC 5m Bot v3 - ATR+Vol Filter
MIN_PROB=0.87, ATR>0.8x avg, Vol>0.6x avg
Cycle 343/50

============================================================
Cycle #344 | 23:47:34 UTC
[BTC] 1440 candles
[FILTER] ATR=61.95 (avg=79.81, threshold=63.84)
[FILTER] Vol=6.0560 (avg=8.5882, threshold=5.1529)
[BTC] Last streaks: [1, 2, 3, 1, 1]
[MARKOV] Filtered=755 candles, 58 states
[MARKOV] State=2311, last_dir=UP, p̂=0.600 (n=20)
[POLY] YES=0.505, NO=0.495
[SIGNAL] UP, p̂=0.600, q=0.495, Δ=0.105 → Low ATR (61.95 < 63.84)

✓ #344 p̂=0.600, Signal=False
⏰ Next: 23:48:57
---
=== Tue May 26 23:48:58 UTC 2026 ===
BTC 5m Bot v3 - ATR+Vol Filter
MIN_PROB=0.87, ATR>0.8x avg, Vol>0.6x avg
Cycle 344/50

============================================================
Cycle #345 | 23:48:58 UTC
[BTC] 1440 candles
[FILTER] ATR=62.22 (avg=79.82, threshold=63.86)
[FILTER] Vol=6.9899 (avg=8.6349, threshold=5.1810)
[BTC] Last streaks: [1, 2, 3, 1, 2]
[MARKOV] Filtered=754 candles, 58 states
[MARKOV] State=2312, last_dir=DOWN, p̂=0.556 (n=36)
[POLY] YES=0.505, NO=0.495
[SIGNAL] DOWN, p̂=0.556, q=0.505, Δ=0.051 → Low ATR (62.22 < 63.86)

✓ #345 p̂=0.556, Signal=False
⏰ Next: 23:50:21
---
=== Tue May 26 23:50:22 UTC 2026 ===
BTC 5m Bot v3 - ATR+Vol Filter
MIN_PROB=0.87, ATR>0.8x avg, Vol>0.6x avg
Cycle 345/50

============================================================
Cycle #346 | 23:50:22 UTC
[BTC] 1440 candles
[FILTER] ATR=59.31 (avg=78.56, threshold=62.85)
[FILTER] Vol=0.0941 (avg=7.1496, threshold=4.2898)
[BTC] Last streaks: [2, 3, 1, 2, 3]
[MARKOV] Filtered=819 candles, 58 states
[MARKOV] State=3123, last_dir=DOWN, p̂=0.381 (n=21)
[POLY] YES=0.505, NO=0.495
[SIGNAL] DOWN, p̂=0.381, q=0.505, Δ=-0.124 → Low ATR (59.31 < 62.85)

✓ #346 p̂=0.381, Signal=False
⏰ Next: 23:51:45
---
=== Tue May 26 23:51:45 UTC 2026 ===
BTC 5m Bot v3 - ATR+Vol Filter
MIN_PROB=0.87, ATR>0.8x avg, Vol>0.6x avg
Cycle 346/50

============================================================
Cycle #347 | 23:51:45 UTC
[BTC] 1440 candles
[FILTER] ATR=61.07 (avg=78.65, threshold=62.92)
[FILTER] Vol=1.2409 (avg=7.2070, threshold=4.3242)
[BTC] Last streaks: [2, 3, 1, 2, 3]
[MARKOV] Filtered=817 candles, 58 states
[MARKOV] State=3123, last_dir=DOWN, p̂=0.381 (n=21)
[POLY] YES=0.505, NO=0.495
[SIGNAL] DOWN, p̂=0.381, q=0.505, Δ=-0.124 → Low ATR (61.07 < 62.92)

✓ #347 p̂=0.381, Signal=False
⏰ Next: 23:53:09
---
=== Tue May 26 23:53:09 UTC 2026 ===
BTC 5m Bot v3 - ATR+Vol Filter
MIN_PROB=0.87, ATR>0.8x avg, Vol>0.6x avg
Cycle 347/50

============================================================
Cycle #348 | 23:53:09 UTC
[BTC] 1440 candles
[FILTER] ATR=61.07 (avg=78.65, threshold=62.92)
[FILTER] Vol=1.7106 (avg=7.2305, threshold=4.3383)
[BTC] Last streaks: [2, 3, 1, 2, 3]
[MARKOV] Filtered=816 candles, 58 states
[MARKOV] State=3123, last_dir=DOWN, p̂=0.381 (n=21)
[POLY] YES=0.505, NO=0.495
[SIGNAL] DOWN, p̂=0.381, q=0.505, Δ=-0.124 → Low ATR (61.07 < 62.92)

✓ #348 p̂=0.381, Signal=False
⏰ Next: 23:54:33
---
=== Tue May 26 23:54:33 UTC 2026 ===
BTC 5m Bot v3 - ATR+Vol Filter
MIN_PROB=0.87, ATR>0.8x avg, Vol>0.6x avg
Cycle 348/50

============================================================
Cycle #349 | 23:54:33 UTC
[BTC] 1440 candles
[FILTER] ATR=61.33 (avg=78.66, threshold=62.93)
[FILTER] Vol=2.2047 (avg=7.2552, threshold=4.3531)
[BTC] Last streaks: [2, 3, 1, 2, 1]
[MARKOV] Filtered=813 candles, 58 states
[MARKOV] State=3121, last_dir=UP, p̂=0.714 (n=14)
[POLY] YES=0.505, NO=0.495
[SIGNAL] UP, p̂=0.714, q=0.495, Δ=0.219 → Low ATR (61.33 < 62.93)

✓ #349 p̂=0.714, Signal=False
⏰ Next: 23:55:57
---
=== Tue May 26 23:55:57 UTC 2026 ===
BTC 5m Bot v3 - ATR+Vol Filter
MIN_PROB=0.87, ATR>0.8x avg, Vol>0.6x avg
Cycle 349/50

============================================================
Cycle #350 | 23:55:57 UTC
[BTC] 1440 candles
[FILTER] ATR=53.28 (avg=76.86, threshold=61.49)
[FILTER] Vol=0.1996 (avg=6.7003, threshold=4.0202)
[BTC] Last streaks: [3, 1, 2, 1, 1]
[MARKOV] Filtered=862 candles, 58 states
[MARKOV] State=1211, last_dir=DOWN, p̂=0.478 (n=46)
[POLY] YES=0.505, NO=0.495
[SIGNAL] DOWN, p̂=0.478, q=0.505, Δ=-0.027 → Low ATR (53.28 < 61.49)

🌙 NIGHTLY REVIEW after 50 cycles
[REVIEW] max p̂=0.818, avg=0.424, MIN_PROB=0.87

✓ #350 p̂=0.478, Signal=False
⏰ Next: 23:57:21
---
=== Tue May 26 23:57:21 UTC 2026 ===
BTC 5m Bot v3 - ATR+Vol Filter
MIN_PROB=0.87, ATR>0.8x avg, Vol>0.6x avg
Cycle 350/50

============================================================
Cycle #351 | 23:57:21 UTC
[BTC] 1440 candles
[FILTER] ATR=53.73 (avg=76.88, threshold=61.50)
[FILTER] Vol=0.5322 (avg=6.7169, threshold=4.0301)
[BTC] Last streaks: [3, 1, 2, 1, 1]
[MARKOV] Filtered=861 candles, 58 states
[MARKOV] State=1211, last_dir=DOWN, p̂=0.478 (n=46)
[POLY] YES=0.505, NO=0.495
[SIGNAL] DOWN, p̂=0.478, q=0.505, Δ=-0.027 → Low ATR (53.73 < 61.50)

✓ #351 p̂=0.478, Signal=False
⏰ Next: 23:58:45
---
=== Tue May 26 23:58:45 UTC 2026 ===
BTC 5m Bot v3 - ATR+Vol Filter
MIN_PROB=0.87, ATR>0.8x avg, Vol>0.6x avg
Cycle 351/50

============================================================
Cycle #352 | 23:58:45 UTC
[BTC] 1440 candles
[FILTER] ATR=53.73 (avg=76.88, threshold=61.50)
[FILTER] Vol=1.9843 (avg=6.7895, threshold=4.0737)
[BTC] Last streaks: [3, 1, 2, 1, 1]
[MARKOV] Filtered=857 candles, 58 states
[MARKOV] State=1211, last_dir=DOWN, p̂=0.467 (n=45)
[POLY] YES=0.505, NO=0.495
[SIGNAL] DOWN, p̂=0.467, q=0.505, Δ=-0.038 → Low ATR (53.73 < 61.50)

✓ #352 p̂=0.467, Signal=False
⏰ Next: 00:00:09
---
=== Wed May 27 00:00:09 UTC 2026 ===
BTC 5m Bot v3 - ATR+Vol Filter
MIN_PROB=0.87, ATR>0.8x avg, Vol>0.6x avg
Cycle 352/50

============================================================
Cycle #353 | 00:00:09 UTC
[BTC] 1440 candles
[FILTER] ATR=49.91 (avg=75.35, threshold=60.28)
[FILTER] Vol=0.5687 (avg=6.8012, threshold=4.0807)
[BTC] Last streaks: [1, 2, 1, 2, 1]
[MARKOV] Filtered=881 candles, 58 states
[MARKOV] State=2121, last_dir=DOWN, p̂=0.480 (n=25)
[POLY] YES=0.505, NO=0.495
[SIGNAL] DOWN, p̂=0.480, q=0.505, Δ=-0.025 → Low ATR (49.91 < 60.28)

✓ #353 p̂=0.480, Signal=False
⏰ Next: 00:01:33
---
=== Wed May 27 00:01:33 UTC 2026 ===
BTC 5m Bot v3 - ATR+Vol Filter
MIN_PROB=0.87, ATR>0.8x avg, Vol>0.6x avg
Cycle 353/50

============================================================
Cycle #354 | 00:01:33 UTC
[BTC] 1440 candles
[FILTER] ATR=51.19 (avg=75.41, threshold=60.33)
[FILTER] Vol=3.0757 (avg=6.9265, threshold=4.1559)
[BTC] Last streaks: [1, 2, 1, 2, 3]
[MARKOV] Filtered=878 candles, 58 states
[MARKOV] State=2123, last_dir=UP, p̂=0.467 (n=30)
[POLY] YES=0.505, NO=0.495
[SIGNAL] UP, p̂=0.467, q=0.495, Δ=-0.028 → Low ATR (51.19 < 60.33)

✓ #354 p̂=0.467, Signal=False
⏰ Next: 00:02:56
---
=== Wed May 27 00:02:56 UTC 2026 ===
BTC 5m Bot v3 - ATR+Vol Filter
MIN_PROB=0.87, ATR>0.8x avg, Vol>0.6x avg
Cycle 354/50

============================================================
Cycle #355 | 00:02:57 UTC
[BTC] 1440 candles
[FILTER] ATR=52.19 (avg=75.46, threshold=60.37)
[FILTER] Vol=4.2934 (avg=6.9874, threshold=4.1925)
[BTC] Last streaks: [1, 2, 1, 2, 3]
[MARKOV] Filtered=875 candles, 58 states
[MARKOV] State=2123, last_dir=UP, p̂=0.467 (n=30)
[POLY] YES=0.505, NO=0.495
[SIGNAL] UP, p̂=0.467, q=0.495, Δ=-0.028 → Low ATR (52.19 < 60.37)

✓ #355 p̂=0.467, Signal=False
⏰ Next: 00:04:20
---
=== Wed May 27 00:04:20 UTC 2026 ===
BTC 5m Bot v3 - ATR+Vol Filter
MIN_PROB=0.87, ATR>0.8x avg, Vol>0.6x avg
Cycle 355/50

============================================================
Cycle #356 | 00:04:21 UTC
[BTC] 1440 candles
[FILTER] ATR=52.19 (avg=75.46, threshold=60.37)
[FILTER] Vol=6.1544 (avg=7.0805, threshold=4.2483)
[BTC] Last streaks: [1, 2, 1, 2, 3]
[MARKOV] Filtered=867 candles, 58 states
[MARKOV] State=2123, last_dir=UP, p̂=0.467 (n=30)
[POLY] YES=0.505, NO=0.495
[SIGNAL] UP, p̂=0.467, q=0.495, Δ=-0.028 → Low ATR (52.19 < 60.37)

✓ #356 p̂=0.467, Signal=False
⏰ Next: 00:05:44
---
=== Wed May 27 00:05:44 UTC 2026 ===
BTC 5m Bot v3 - ATR+Vol Filter
MIN_PROB=0.87, ATR>0.8x avg, Vol>0.6x avg
Cycle 356/50

============================================================
Cycle #357 | 00:05:44 UTC
[BTC] 1440 candles
[FILTER] ATR=55.25 (avg=74.44, threshold=59.55)
[FILTER] Vol=7.4586 (avg=7.7359, threshold=4.6415)
[BTC] Last streaks: [2, 1, 2, 1, 1]
[MARKOV] Filtered=858 candles, 58 states
[MARKOV] State=1211, last_dir=UP, p̂=0.511 (n=45)
[POLY] YES=0.505, NO=0.495
[SIGNAL] UP, p̂=0.511, q=0.495, Δ=0.016 → Low ATR (55.25 < 59.55)

✓ #357 p̂=0.511, Signal=False
⏰ Next: 00:07:08
---
=== Wed May 27 00:07:08 UTC 2026 ===
BTC 5m Bot v3 - ATR+Vol Filter
MIN_PROB=0.87, ATR>0.8x avg, Vol>0.6x avg
Cycle 357/50

============================================================
Cycle #358 | 00:07:08 UTC
[BTC] 1440 candles
[FILTER] ATR=55.25 (avg=74.44, threshold=59.55)
[FILTER] Vol=9.4078 (avg=7.8333, threshold=4.7000)
[BTC] Last streaks: [2, 1, 2, 1, 1]
[MARKOV] Filtered=856 candles, 58 states
[MARKOV] State=1211, last_dir=UP, p̂=0.511 (n=45)
[POLY] YES=0.505, NO=0.495
[SIGNAL] UP, p̂=0.511, q=0.495, Δ=0.016 → Low ATR (55.25 < 59.55)

✓ #358 p̂=0.511, Signal=False
⏰ Next: 00:08:32
---
=== Wed May 27 00:08:32 UTC 2026 ===
BTC 5m Bot v3 - ATR+Vol Filter
MIN_PROB=0.87, ATR>0.8x avg, Vol>0.6x avg
Cycle 358/50

============================================================
Cycle #359 | 00:08:32 UTC
[BTC] 1440 candles
[FILTER] ATR=55.25 (avg=74.44, threshold=59.55)
[FILTER] Vol=9.9767 (avg=7.8618, threshold=4.7171)
[BTC] Last streaks: [2, 1, 2, 1, 1]
[MARKOV] Filtered=855 candles, 58 states
[MARKOV] State=1211, last_dir=UP, p̂=0.511 (n=45)
[POLY] YES=0.505, NO=0.495
[SIGNAL] UP, p̂=0.511, q=0.495, Δ=0.016 → Low ATR (55.25 < 59.55)

✓ #359 p̂=0.511, Signal=False
⏰ Next: 00:09:56
---
=== Wed May 27 00:09:56 UTC 2026 ===
BTC 5m Bot v3 - ATR+Vol Filter
MIN_PROB=0.87, ATR>0.8x avg, Vol>0.6x avg
Cycle 359/50

============================================================
Cycle #360 | 00:09:56 UTC
[BTC] 1440 candles
[FILTER] ATR=56.17 (avg=74.49, threshold=59.59)
[FILTER] Vol=13.6917 (avg=8.0475, threshold=4.8285)
[BTC] Last streaks: [2, 1, 2, 1, 1]
[MARKOV] Filtered=847 candles, 58 states
[MARKOV] State=1211, last_dir=UP, p̂=0.523 (n=44)
[POLY] YES=0.505, NO=0.495
[SIGNAL] UP, p̂=0.523, q=0.495, Δ=0.028 → Low ATR (56.17 < 59.59)

✓ #360 p̂=0.523, Signal=False
⏰ Next: 00:11:20
---
=== Wed May 27 00:11:20 UTC 2026 ===
BTC 5m Bot v3 - ATR+Vol Filter
MIN_PROB=0.87, ATR>0.8x avg, Vol>0.6x avg
Cycle 360/50

============================================================
Cycle #361 | 00:11:20 UTC
[BTC] 1440 candles
[FILTER] ATR=47.85 (avg=72.91, threshold=58.33)
[FILTER] Vol=6.4148 (avg=7.9015, threshold=4.7409)
[BTC] Last streaks: [1, 2, 1, 1, 2]
[MARKOV] Filtered=870 candles, 58 states
[MARKOV] State=2112, last_dir=UP, p̂=0.292 (n=24)
[POLY] YES=0.505, NO=0.495
[SIGNAL] UP, p̂=0.292, q=0.495, Δ=-0.203 → Low ATR (47.85 < 58.33)

✓ #361 p̂=0.292, Signal=False
⏰ Next: 00:12:44
---
=== Wed May 27 00:12:44 UTC 2026 ===
BTC 5m Bot v3 - ATR+Vol Filter
MIN_PROB=0.87, ATR>0.8x avg, Vol>0.6x avg
Cycle 361/50

============================================================
Cycle #362 | 00:12:44 UTC
[BTC] 1440 candles
[FILTER] ATR=49.63 (avg=73.00, threshold=58.40)
[FILTER] Vol=7.6882 (avg=7.9652, threshold=4.7791)
[BTC] Last streaks: [1, 2, 1, 1, 1]
[MARKOV] Filtered=867 candles, 58 states
[MARKOV] State=2111, last_dir=DOWN, p̂=0.448 (n=29)
[POLY] YES=0.505, NO=0.495
[SIGNAL] DOWN, p̂=0.448, q=0.505, Δ=-0.057 → Low ATR (49.63 < 58.40)

✓ #362 p̂=0.448, Signal=False
⏰ Next: 00:14:07
---
=== Wed May 27 00:14:07 UTC 2026 ===
BTC 5m Bot v3 - ATR+Vol Filter
MIN_PROB=0.87, ATR>0.8x avg, Vol>0.6x avg
Cycle 362/50

============================================================
Cycle #363 | 00:14:08 UTC
[BTC] 1440 candles
[FILTER] ATR=49.63 (avg=73.00, threshold=58.40)
[FILTER] Vol=11.0843 (avg=8.1350, threshold=4.8810)
[BTC] Last streaks: [1, 2, 1, 1, 1]
[MARKOV] Filtered=858 candles, 58 states
[MARKOV] State=2111, last_dir=DOWN, p̂=0.429 (n=28)
[POLY] YES=0.505, NO=0.495
[SIGNAL] DOWN, p̂=0.429, q=0.505, Δ=-0.076 → Low ATR (49.63 < 58.40)

✓ #363 p̂=0.429, Signal=False
⏰ Next: 00:15:31
---
=== Wed May 27 00:15:31 UTC 2026 ===
BTC 5m Bot v3 - ATR+Vol Filter
MIN_PROB=0.87, ATR>0.8x avg, Vol>0.6x avg
Cycle 363/50

============================================================
Cycle #364 | 00:15:32 UTC
[BTC] 1440 candles
[FILTER] ATR=47.26 (avg=71.20, threshold=56.96)
[FILTER] Vol=1.0843 (avg=7.6370, threshold=4.5822)
[BTC] Last streaks: [2, 1, 1, 1, 2]
[MARKOV] Filtered=896 candles, 58 states
[MARKOV] State=1112, last_dir=DOWN, p̂=0.588 (n=68)
[POLY] YES=0.505, NO=0.495
[SIGNAL] DOWN, p̂=0.588, q=0.505, Δ=0.083 → Low ATR (47.26 < 56.96)

✓ #364 p̂=0.588, Signal=False
⏰ Next: 00:16:55
---
=== Wed May 27 00:16:55 UTC 2026 ===
BTC 5m Bot v3 - ATR+Vol Filter
MIN_PROB=0.87, ATR>0.8x avg, Vol>0.6x avg
Cycle 364/50

============================================================
Cycle #365 | 00:16:55 UTC
[BTC] 1440 candles
[FILTER] ATR=51.56 (avg=71.41, threshold=57.13)
[FILTER] Vol=3.4598 (avg=7.7558, threshold=4.6535)
[BTC] Last streaks: [2, 1, 1, 1, 2]
[MARKOV] Filtered=887 candles, 58 states
[MARKOV] State=1112, last_dir=DOWN, p̂=0.588 (n=68)
[POLY] YES=0.505, NO=0.495
[SIGNAL] DOWN, p̂=0.588, q=0.505, Δ=0.083 → Low ATR (51.56 < 57.13)

✓ #365 p̂=0.588, Signal=False
⏰ Next: 00:18:19
---
=== Wed May 27 00:18:19 UTC 2026 ===
BTC 5m Bot v3 - ATR+Vol Filter
MIN_PROB=0.87, ATR>0.8x avg, Vol>0.6x avg
Cycle 365/50

============================================================
Cycle #366 | 00:18:19 UTC
[BTC] 1440 candles
[FILTER] ATR=51.56 (avg=71.41, threshold=57.13)
[FILTER] Vol=4.5841 (avg=7.8120, threshold=4.6872)
[BTC] Last streaks: [2, 1, 1, 1, 2]
[MARKOV] Filtered=886 candles, 58 states
[MARKOV] State=1112, last_dir=DOWN, p̂=0.588 (n=68)
[POLY] YES=0.505, NO=0.495
[SIGNAL] DOWN, p̂=0.588, q=0.505, Δ=0.083 → Low ATR (51.56 < 57.13)

✓ #366 p̂=0.588, Signal=False
⏰ Next: 00:19:43
---
=== Wed May 27 00:19:43 UTC 2026 ===
BTC 5m Bot v3 - ATR+Vol Filter
MIN_PROB=0.87, ATR>0.8x avg, Vol>0.6x avg
Cycle 366/50

============================================================
Cycle #367 | 00:19:43 UTC
[BTC] 1440 candles
[FILTER] ATR=52.01 (avg=71.44, threshold=57.15)
[FILTER] Vol=5.3685 (avg=7.8512, threshold=4.7107)
[BTC] Last streaks: [2, 1, 1, 1, 2]
[MARKOV] Filtered=885 candles, 58 states
[MARKOV] State=1112, last_dir=DOWN, p̂=0.588 (n=68)
[POLY] YES=0.505, NO=0.495
[SIGNAL] DOWN, p̂=0.588, q=0.505, Δ=0.083 → Low ATR (52.01 < 57.15)

✓ #367 p̂=0.588, Signal=False
⏰ Next: 00:21:07
---
=== Wed May 27 00:21:07 UTC 2026 ===
BTC 5m Bot v3 - ATR+Vol Filter
MIN_PROB=0.87, ATR>0.8x avg, Vol>0.6x avg
Cycle 367/50

============================================================
Cycle #368 | 00:21:07 UTC
[BTC] 1440 candles
[FILTER] ATR=48.63 (avg=69.80, threshold=55.84)
[FILTER] Vol=1.9866 (avg=7.5114, threshold=4.5068)
[BTC] Last streaks: [1, 1, 1, 2, 1]
[MARKOV] Filtered=917 candles, 58 states
[MARKOV] State=1121, last_dir=UP, p̂=0.529 (n=51)
[POLY] YES=0.505, NO=0.495
[SIGNAL] UP, p̂=0.529, q=0.495, Δ=0.034 → Low ATR (48.63 < 55.84)

✓ #368 p̂=0.529, Signal=False
⏰ Next: 00:22:31
---
=== Wed May 27 00:22:31 UTC 2026 ===
BTC 5m Bot v3 - ATR+Vol Filter
MIN_PROB=0.87, ATR>0.8x avg, Vol>0.6x avg
Cycle 368/50

============================================================
Cycle #369 | 00:22:31 UTC
[BTC] 1440 candles
[FILTER] ATR=49.39 (avg=69.84, threshold=55.87)
[FILTER] Vol=3.1696 (avg=7.5705, threshold=4.5423)
[BTC] Last streaks: [1, 1, 1, 2, 3]
[MARKOV] Filtered=913 candles, 58 states
[MARKOV] State=1123, last_dir=DOWN, p̂=0.434 (n=53)
[POLY] YES=0.505, NO=0.495
[SIGNAL] DOWN, p̂=0.434, q=0.505, Δ=-0.071 → Low ATR (49.39 < 55.87)

✓ #369 p̂=0.434, Signal=False
⏰ Next: 00:23:55
---
=== Wed May 27 00:23:55 UTC 2026 ===
BTC 5m Bot v3 - ATR+Vol Filter
MIN_PROB=0.87, ATR>0.8x avg, Vol>0.6x avg
Cycle 369/50

============================================================
Cycle #370 | 00:23:55 UTC
[BTC] 1440 candles
[FILTER] ATR=49.63 (avg=69.85, threshold=55.88)
[FILTER] Vol=3.7266 (avg=7.5984, threshold=4.5590)
[BTC] Last streaks: [1, 1, 1, 2, 1]
[MARKOV] Filtered=911 candles, 58 states
[MARKOV] State=1121, last_dir=UP, p̂=0.529 (n=51)
[POLY] YES=0.505, NO=0.495
[SIGNAL] UP, p̂=0.529, q=0.495, Δ=0.034 → Low ATR (49.63 < 55.88)

✓ #370 p̂=0.529, Signal=False
⏰ Next: 00:25:18
---
=== Wed May 27 00:25:19 UTC 2026 ===
BTC 5m Bot v3 - ATR+Vol Filter
MIN_PROB=0.87, ATR>0.8x avg, Vol>0.6x avg
Cycle 370/50

============================================================
Cycle #371 | 00:25:19 UTC
[BTC] 1440 candles
[FILTER] ATR=46.57 (avg=67.89, threshold=54.31)
[FILTER] Vol=0.0559 (avg=7.0095, threshold=4.2057)
[BTC] Last streaks: [1, 1, 2, 3, 1]
[MARKOV] Filtered=951 candles, 58 states
[MARKOV] State=1231, last_dir=UP, p̂=0.493 (n=67)
[POLY] YES=0.505, NO=0.495
[SIGNAL] UP, p̂=0.493, q=0.495, Δ=-0.002 → Low ATR (46.57 < 54.31)

✓ #371 p̂=0.493, Signal=False
⏰ Next: 00:26:43
---
=== Wed May 27 00:26:43 UTC 2026 ===
BTC 5m Bot v3 - ATR+Vol Filter
MIN_PROB=0.87, ATR>0.8x avg, Vol>0.6x avg
Cycle 371/50

============================================================
Cycle #372 | 00:26:43 UTC
[BTC] 1440 candles
[FILTER] ATR=47.89 (avg=67.96, threshold=54.36)
[FILTER] Vol=1.0682 (avg=7.0601, threshold=4.2361)
[BTC] Last streaks: [1, 1, 2, 3, 1]
[MARKOV] Filtered=947 candles, 58 states
[MARKOV] State=1231, last_dir=UP, p̂=0.493 (n=67)
[POLY] YES=0.505, NO=0.495
[SIGNAL] UP, p̂=0.493, q=0.495, Δ=-0.002 → Low ATR (47.89 < 54.36)

✓ #372 p̂=0.493, Signal=False
⏰ Next: 00:28:06
---
=== Wed May 27 00:28:06 UTC 2026 ===
BTC 5m Bot v3 - ATR+Vol Filter
MIN_PROB=0.87, ATR>0.8x avg, Vol>0.6x avg
Cycle 372/50

============================================================
Cycle #373 | 00:28:07 UTC
[BTC] 1440 candles
[FILTER] ATR=50.14 (avg=68.07, threshold=54.45)
[FILTER] Vol=2.7212 (avg=7.1428, threshold=4.2857)
[BTC] Last streaks: [1, 1, 2, 3, 1]
[MARKOV] Filtered=943 candles, 58 states
[MARKOV] State=1231, last_dir=UP, p̂=0.493 (n=67)
[POLY] YES=0.505, NO=0.495
[SIGNAL] UP, p̂=0.493, q=0.495, Δ=-0.002 → Low ATR (50.14 < 54.45)

✓ #373 p̂=0.493, Signal=False
⏰ Next: 00:29:30
---
=== Wed May 27 00:29:30 UTC 2026 ===
BTC 5m Bot v3 - ATR+Vol Filter
MIN_PROB=0.87, ATR>0.8x avg, Vol>0.6x avg
Cycle 373/50

============================================================
Cycle #374 | 00:29:30 UTC
[BTC] 1440 candles
[FILTER] ATR=50.14 (avg=68.07, threshold=54.45)
[FILTER] Vol=3.3067 (avg=7.1721, threshold=4.3032)
[BTC] Last streaks: [1, 1, 2, 3, 1]
[MARKOV] Filtered=943 candles, 58 states
[MARKOV] State=1231, last_dir=UP, p̂=0.493 (n=67)
[POLY] YES=0.505, NO=0.495
[SIGNAL] UP, p̂=0.493, q=0.495, Δ=-0.002 → Low ATR (50.14 < 54.45)

✓ #374 p̂=0.493, Signal=False
⏰ Next: 00:30:54
---
=== Wed May 27 00:30:54 UTC 2026 ===
BTC 5m Bot v3 - ATR+Vol Filter
MIN_PROB=0.87, ATR>0.8x avg, Vol>0.6x avg
Cycle 374/50

============================================================
Cycle #375 | 00:30:54 UTC
[BTC] 1440 candles
[FILTER] ATR=52.26 (avg=66.35, threshold=53.08)
[FILTER] Vol=4.8202 (avg=7.1458, threshold=4.2875)
[BTC] Last streaks: [1, 2, 3, 1, 2]
[MARKOV] Filtered=948 candles, 58 states
[MARKOV] State=2312, last_dir=UP, p̂=0.548 (n=42)
[POLY] YES=0.505, NO=0.495
[SIGNAL] UP, p̂=0.548, q=0.495, Δ=0.053 → Low ATR (52.26 < 53.08)

✓ #375 p̂=0.548, Signal=False
⏰ Next: 00:32:18
---
=== Wed May 27 00:32:18 UTC 2026 ===
BTC 5m Bot v3 - ATR+Vol Filter
MIN_PROB=0.87, ATR>0.8x avg, Vol>0.6x avg
Cycle 375/50

============================================================
Cycle #376 | 00:32:18 UTC
[BTC] 1440 candles
[FILTER] ATR=52.26 (avg=66.35, threshold=53.08)
[FILTER] Vol=6.5586 (avg=7.2327, threshold=4.3396)
[BTC] Last streaks: [1, 2, 3, 1, 2]
[MARKOV] Filtered=946 candles, 58 states
[MARKOV] State=2312, last_dir=UP, p̂=0.548 (n=42)
[POLY] YES=0.505, NO=0.495
[SIGNAL] UP, p̂=0.548, q=0.495, Δ=0.053 → Low ATR (52.26 < 53.08)

✓ #376 p̂=0.548, Signal=False
⏰ Next: 00:33:42
---
=== Wed May 27 00:33:42 UTC 2026 ===
BTC 5m Bot v3 - ATR+Vol Filter
MIN_PROB=0.87, ATR>0.8x avg, Vol>0.6x avg
Cycle 376/50

============================================================
Cycle #377 | 00:33:42 UTC
[BTC] 1440 candles
[FILTER] ATR=52.41 (avg=66.36, threshold=53.09)
[FILTER] Vol=7.9072 (avg=7.3001, threshold=4.3801)
[BTC] Last streaks: [1, 2, 3, 1, 2]
[MARKOV] Filtered=939 candles, 58 states
[MARKOV] State=2312, last_dir=UP, p̂=0.548 (n=42)
[POLY] YES=0.505, NO=0.495
[SIGNAL] UP, p̂=0.548, q=0.495, Δ=0.053 → Low ATR (52.41 < 53.09)

✓ #377 p̂=0.548, Signal=False
⏰ Next: 00:35:05
---
=== Wed May 27 00:35:05 UTC 2026 ===
BTC 5m Bot v3 - ATR+Vol Filter
MIN_PROB=0.87, ATR>0.8x avg, Vol>0.6x avg
Cycle 377/50

============================================================
Cycle #378 | 00:35:06 UTC
[BTC] 1440 candles
[FILTER] ATR=52.54 (avg=64.82, threshold=51.85)
[FILTER] Vol=0.0436 (avg=7.3746, threshold=4.4247)
[BTC] Last streaks: [2, 3, 1, 2, 1]
[MARKOV] Filtered=949 candles, 59 states
[MARKOV] State=3121, last_dir=DOWN, p̂=0.632 (n=19)
[POLY] YES=0.505, NO=0.495
[SIGNAL] DOWN, p̂=0.632, q=0.505, Δ=0.127 → Low Vol (0.0436 < 4.4247)

✓ #378 p̂=0.632, Signal=False
⏰ Next: 00:36:29
---
=== Wed May 27 00:36:29 UTC 2026 ===
BTC 5m Bot v3 - ATR+Vol Filter
MIN_PROB=0.87, ATR>0.8x avg, Vol>0.6x avg
Cycle 378/50

============================================================
Cycle #379 | 00:36:29 UTC
[BTC] 1440 candles
[FILTER] ATR=53.26 (avg=64.85, threshold=51.88)
[FILTER] Vol=1.2722 (avg=7.4360, threshold=4.4616)
[BTC] Last streaks: [2, 3, 1, 2, 1]
[MARKOV] Filtered=948 candles, 59 states
[MARKOV] State=3121, last_dir=DOWN, p̂=0.632 (n=19)
[POLY] YES=0.505, NO=0.495
[SIGNAL] DOWN, p̂=0.632, q=0.505, Δ=0.127 → Low Vol (1.2722 < 4.4616)

✓ #379 p̂=0.632, Signal=False
⏰ Next: 00:37:53
---
=== Wed May 27 00:37:53 UTC 2026 ===
BTC 5m Bot v3 - ATR+Vol Filter
MIN_PROB=0.87, ATR>0.8x avg, Vol>0.6x avg
Cycle 379/50

============================================================
Cycle #380 | 00:37:53 UTC
[BTC] 1440 candles
[FILTER] ATR=55.56 (avg=64.97, threshold=51.97)
[FILTER] Vol=2.0679 (avg=7.4758, threshold=4.4855)
[BTC] Last streaks: [2, 3, 1, 2, 1]
[MARKOV] Filtered=947 candles, 59 states
[MARKOV] State=3121, last_dir=DOWN, p̂=0.632 (n=19)
[POLY] YES=0.505, NO=0.495
[SIGNAL] DOWN, p̂=0.632, q=0.505, Δ=0.127 → Low Vol (2.0679 < 4.4855)

✓ #380 p̂=0.632, Signal=False
⏰ Next: 00:39:17
---
=== Wed May 27 00:39:17 UTC 2026 ===
BTC 5m Bot v3 - ATR+Vol Filter
MIN_PROB=0.87, ATR>0.8x avg, Vol>0.6x avg
Cycle 380/50

============================================================
Cycle #381 | 00:39:17 UTC
[BTC] 1440 candles
[FILTER] ATR=59.28 (avg=65.15, threshold=52.12)
[FILTER] Vol=3.0630 (avg=7.5255, threshold=4.5153)
[BTC] Last streaks: [2, 3, 1, 2, 1]
[MARKOV] Filtered=943 candles, 59 states
[MARKOV] State=3121, last_dir=DOWN, p̂=0.632 (n=19)
[POLY] YES=0.505, NO=0.495
[SIGNAL] DOWN, p̂=0.632, q=0.505, Δ=0.127 → Low Vol (3.0630 < 4.5153)

✓ #381 p̂=0.632, Signal=False
⏰ Next: 00:40:41
---
=== Wed May 27 00:40:41 UTC 2026 ===
BTC 5m Bot v3 - ATR+Vol Filter
MIN_PROB=0.87, ATR>0.8x avg, Vol>0.6x avg
Cycle 381/50

============================================================
Cycle #382 | 00:40:41 UTC
[BTC] 1440 candles
[FILTER] ATR=58.89 (avg=63.54, threshold=50.83)
[FILTER] Vol=0.4755 (avg=7.1434, threshold=4.2860)
[BTC] Last streaks: [3, 1, 2, 1, 1]
[MARKOV] Filtered=974 candles, 59 states
[MARKOV] State=1211, last_dir=UP, p̂=0.500 (n=56)
[POLY] YES=0.505, NO=0.495
[SIGNAL] UP, p̂=0.500, q=0.495, Δ=0.005 → Low Vol (0.4755 < 4.2860)

✓ #382 p̂=0.500, Signal=False
⏰ Next: 00:42:04
---
=== Wed May 27 00:42:05 UTC 2026 ===
BTC 5m Bot v3 - ATR+Vol Filter
MIN_PROB=0.87, ATR>0.8x avg, Vol>0.6x avg
Cycle 382/50

============================================================
Cycle #383 | 00:42:05 UTC
[BTC] 1440 candles
[FILTER] ATR=62.56 (avg=63.72, threshold=50.98)
[FILTER] Vol=4.5518 (avg=7.3472, threshold=4.4083)
[BTC] Last streaks: [3, 1, 2, 1, 1]
[MARKOV] Filtered=962 candles, 59 states
[MARKOV] State=1211, last_dir=UP, p̂=0.500 (n=56)
[POLY] YES=0.505, NO=0.495
[SIGNAL] UP, p̂=0.500, q=0.495, Δ=0.005 → p̂ 0.500 < 0.87

✓ #383 p̂=0.500, Signal=False
⏰ Next: 00:43:28
---
=== Wed May 27 00:43:28 UTC 2026 ===
BTC 5m Bot v3 - ATR+Vol Filter
MIN_PROB=0.87, ATR>0.8x avg, Vol>0.6x avg
Cycle 383/50

============================================================
Cycle #384 | 00:43:29 UTC
[BTC] 1440 candles
[FILTER] ATR=63.76 (avg=63.78, threshold=51.03)
[FILTER] Vol=5.3449 (avg=7.3869, threshold=4.4321)
[BTC] Last streaks: [3, 1, 2, 1, 1]
[MARKOV] Filtered=961 candles, 59 states
[MARKOV] State=1211, last_dir=UP, p̂=0.500 (n=56)
[POLY] YES=0.505, NO=0.495
[SIGNAL] UP, p̂=0.500, q=0.495, Δ=0.005 → p̂ 0.500 < 0.87

✓ #384 p̂=0.500, Signal=False
⏰ Next: 00:44:52
---
=== Wed May 27 00:44:52 UTC 2026 ===
BTC 5m Bot v3 - ATR+Vol Filter
MIN_PROB=0.87, ATR>0.8x avg, Vol>0.6x avg
Cycle 384/50

============================================================
Cycle #385 | 00:44:53 UTC
[BTC] 1440 candles
[FILTER] ATR=64.11 (avg=63.80, threshold=51.04)
[FILTER] Vol=9.1552 (avg=7.5774, threshold=4.5464)
[BTC] Last streaks: [3, 1, 2, 1, 1]
[MARKOV] Filtered=954 candles, 59 states
[MARKOV] State=1211, last_dir=UP, p̂=0.519 (n=54)
[POLY] YES=0.505, NO=0.495
[SIGNAL] UP, p̂=0.519, q=0.495, Δ=0.024 → p̂ 0.519 < 0.87

✓ #385 p̂=0.519, Signal=False
⏰ Next: 00:46:16
---
=== Wed May 27 00:46:16 UTC 2026 ===
BTC 5m Bot v3 - ATR+Vol Filter
MIN_PROB=0.87, ATR>0.8x avg, Vol>0.6x avg
Cycle 385/50

============================================================
Cycle #386 | 00:46:16 UTC
[BTC] 1440 candles
[FILTER] ATR=62.01 (avg=62.37, threshold=49.90)
[FILTER] Vol=3.8675 (avg=7.4135, threshold=4.4481)
[BTC] Last streaks: [1, 2, 1, 1, 2]
[MARKOV] Filtered=966 candles, 59 states
[MARKOV] State=2112, last_dir=UP, p̂=0.269 (n=26)
[POLY] YES=0.505, NO=0.495
[SIGNAL] UP, p̂=0.269, q=0.495, Δ=-0.226 → Low Vol (3.8675 < 4.4481)

✓ #386 p̂=0.269, Signal=False
⏰ Next: 00:47:40
---
=== Wed May 27 00:47:40 UTC 2026 ===
BTC 5m Bot v3 - ATR+Vol Filter
MIN_PROB=0.87, ATR>0.8x avg, Vol>0.6x avg
Cycle 386/50

============================================================
Cycle #387 | 00:47:40 UTC
[BTC] 1440 candles
[FILTER] ATR=62.01 (avg=62.37, threshold=49.90)
[FILTER] Vol=4.3899 (avg=7.4396, threshold=4.4638)
[BTC] Last streaks: [1, 2, 1, 1, 2]
[MARKOV] Filtered=966 candles, 59 states
[MARKOV] State=2112, last_dir=UP, p̂=0.269 (n=26)
[POLY] YES=0.505, NO=0.495
[SIGNAL] UP, p̂=0.269, q=0.495, Δ=-0.226 → Low Vol (4.3899 < 4.4638)

✓ #387 p̂=0.269, Signal=False
⏰ Next: 00:49:04
---
=== Wed May 27 00:49:04 UTC 2026 ===
BTC 5m Bot v3 - ATR+Vol Filter
MIN_PROB=0.87, ATR>0.8x avg, Vol>0.6x avg
Cycle 387/50

============================================================
Cycle #388 | 00:49:04 UTC
[BTC] 1440 candles
[FILTER] ATR=62.90 (avg=62.42, threshold=49.94)
[FILTER] Vol=5.8036 (avg=7.5103, threshold=4.5062)
[BTC] Last streaks: [1, 2, 1, 1, 2]
[MARKOV] Filtered=965 candles, 59 states
[MARKOV] State=2112, last_dir=UP, p̂=0.269 (n=26)
[POLY] YES=0.505, NO=0.495
[SIGNAL] UP, p̂=0.269, q=0.495, Δ=-0.226 → p̂ 0.269 < 0.87

✓ #388 p̂=0.269, Signal=False
⏰ Next: 00:50:27
---
=== Wed May 27 00:50:27 UTC 2026 ===
BTC 5m Bot v3 - ATR+Vol Filter
MIN_PROB=0.87, ATR>0.8x avg, Vol>0.6x avg
Cycle 388/50

============================================================
Cycle #389 | 00:50:28 UTC
[BTC] 1440 candles
[FILTER] ATR=64.44 (avg=61.35, threshold=49.08)
[FILTER] Vol=5.4619 (avg=7.4011, threshold=4.4406)
[BTC] Last streaks: [2, 1, 1, 1, 1]
[MARKOV] Filtered=977 candles, 59 states
[MARKOV] State=1111, last_dir=UP, p̂=0.361 (n=61)
[POLY] YES=0.505, NO=0.495
[SIGNAL] UP, p̂=0.361, q=0.495, Δ=-0.134 → p̂ 0.361 < 0.87

✓ #389 p̂=0.361, Signal=False
⏰ Next: 00:51:51
---
=== Wed May 27 00:51:51 UTC 2026 ===
BTC 5m Bot v3 - ATR+Vol Filter
MIN_PROB=0.87, ATR>0.8x avg, Vol>0.6x avg
Cycle 389/50

============================================================
Cycle #390 | 00:51:52 UTC
[BTC] 1440 candles
[FILTER] ATR=65.68 (avg=61.41, threshold=49.13)
[FILTER] Vol=6.4189 (avg=7.4489, threshold=4.4694)
[BTC] Last streaks: [2, 1, 1, 1, 1]
[MARKOV] Filtered=975 candles, 59 states
[MARKOV] State=1111, last_dir=UP, p̂=0.367 (n=60)
[POLY] YES=0.505, NO=0.495
[SIGNAL] UP, p̂=0.367, q=0.495, Δ=-0.128 → p̂ 0.367 < 0.87

✓ #390 p̂=0.367, Signal=False
⏰ Next: 00:53:15
---
=== Wed May 27 00:53:15 UTC 2026 ===
BTC 5m Bot v3 - ATR+Vol Filter
MIN_PROB=0.87, ATR>0.8x avg, Vol>0.6x avg
Cycle 390/50

============================================================
Cycle #391 | 00:53:16 UTC
[BTC] 1440 candles
[FILTER] ATR=66.45 (avg=61.45, threshold=49.16)
[FILTER] Vol=8.7239 (avg=7.5642, threshold=4.5385)
[BTC] Last streaks: [2, 1, 1, 1, 1]
[MARKOV] Filtered=971 candles, 59 states
[MARKOV] State=1111, last_dir=UP, p̂=0.367 (n=60)
[POLY] YES=0.505, NO=0.495
[SIGNAL] UP, p̂=0.367, q=0.495, Δ=-0.128 → p̂ 0.367 < 0.87

✓ #391 p̂=0.367, Signal=False
⏰ Next: 00:54:39
---
=== Wed May 27 00:54:39 UTC 2026 ===
BTC 5m Bot v3 - ATR+Vol Filter
MIN_PROB=0.87, ATR>0.8x avg, Vol>0.6x avg
Cycle 391/50

============================================================
Cycle #392 | 00:54:39 UTC
[BTC] 1440 candles
[FILTER] ATR=68.33 (avg=61.55, threshold=49.24)
[FILTER] Vol=10.7982 (avg=7.6679, threshold=4.6007)
[BTC] Last streaks: [2, 1, 1, 1, 1]
[MARKOV] Filtered=964 candles, 59 states
[MARKOV] State=1111, last_dir=UP, p̂=0.367 (n=60)
[POLY] YES=0.505, NO=0.495
[SIGNAL] UP, p̂=0.367, q=0.495, Δ=-0.128 → p̂ 0.367 < 0.87

✓ #392 p̂=0.367, Signal=False
⏰ Next: 00:56:03
---
=== Wed May 27 00:56:04 UTC 2026 ===
BTC 5m Bot v3 - ATR+Vol Filter
MIN_PROB=0.87, ATR>0.8x avg, Vol>0.6x avg
Cycle 392/50

============================================================
Cycle #393 | 00:56:04 UTC
[BTC] 1440 candles
[FILTER] ATR=67.44 (avg=60.84, threshold=48.68)
[FILTER] Vol=1.8493 (avg=7.5995, threshold=4.5597)
[BTC] Last streaks: [1, 1, 1, 1, 2]
[MARKOV] Filtered=972 candles, 59 states
[MARKOV] State=1112, last_dir=UP, p̂=0.586 (n=70)
[POLY] YES=0.505, NO=0.495
[SIGNAL] UP, p̂=0.586, q=0.495, Δ=0.091 → Low Vol (1.8493 < 4.5597)

✓ #393 p̂=0.586, Signal=False
⏰ Next: 00:57:27
---
=== Wed May 27 00:57:27 UTC 2026 ===
BTC 5m Bot v3 - ATR+Vol Filter
MIN_PROB=0.87, ATR>0.8x avg, Vol>0.6x avg
Cycle 393/50

============================================================
Cycle #394 | 00:57:27 UTC
[BTC] 1440 candles
[FILTER] ATR=68.26 (avg=60.89, threshold=48.71)
[FILTER] Vol=4.1467 (avg=7.7144, threshold=4.6286)
[BTC] Last streaks: [1, 1, 1, 1, 2]
[MARKOV] Filtered=967 candles, 59 states
[MARKOV] State=1112, last_dir=UP, p̂=0.586 (n=70)
[POLY] YES=0.505, NO=0.495
[SIGNAL] UP, p̂=0.586, q=0.495, Δ=0.091 → Low Vol (4.1467 < 4.6286)

✓ #394 p̂=0.586, Signal=False
⏰ Next: 00:58:51
---
=== Wed May 27 00:58:51 UTC 2026 ===
BTC 5m Bot v3 - ATR+Vol Filter
MIN_PROB=0.87, ATR>0.8x avg, Vol>0.6x avg
Cycle 394/50

============================================================
Cycle #395 | 00:58:51 UTC
[BTC] 1440 candles
[FILTER] ATR=68.26 (avg=60.89, threshold=48.71)
[FILTER] Vol=4.2098 (avg=7.7175, threshold=4.6305)
[BTC] Last streaks: [1, 1, 1, 1, 2]
[MARKOV] Filtered=967 candles, 59 states
[MARKOV] State=1112, last_dir=UP, p̂=0.586 (n=70)
[POLY] YES=0.505, NO=0.495
[SIGNAL] UP, p̂=0.586, q=0.495, Δ=0.091 → Low Vol (4.2098 < 4.6305)

✓ #395 p̂=0.586, Signal=False
⏰ Next: 01:00:15
---
=== Wed May 27 01:00:15 UTC 2026 ===
BTC 5m Bot v3 - ATR+Vol Filter
MIN_PROB=0.87, ATR>0.8x avg, Vol>0.6x avg
Cycle 395/50

============================================================
Cycle #396 | 01:00:15 UTC
[BTC] 1440 candles
[FILTER] ATR=68.14 (avg=60.64, threshold=48.51)
[FILTER] Vol=0.5180 (avg=7.3678, threshold=4.4207)
[BTC] Last streaks: [1, 1, 1, 2, 1]
[MARKOV] Filtered=983 candles, 59 states
[MARKOV] State=1121, last_dir=DOWN, p̂=0.547 (n=53)
[POLY] YES=0.505, NO=0.495
[SIGNAL] DOWN, p̂=0.547, q=0.505, Δ=0.042 → Low Vol (0.5180 < 4.4207)

✓ #396 p̂=0.547, Signal=False
⏰ Next: 01:01:39
---
=== Wed May 27 01:01:39 UTC 2026 ===
BTC 5m Bot v3 - ATR+Vol Filter
MIN_PROB=0.87, ATR>0.8x avg, Vol>0.6x avg
Cycle 396/50

============================================================
Cycle #397 | 01:01:39 UTC
[BTC] 1440 candles
[FILTER] ATR=70.71 (avg=60.77, threshold=48.61)
[FILTER] Vol=3.1721 (avg=7.5005, threshold=4.5003)
[BTC] Last streaks: [1, 1, 1, 2, 1]
[MARKOV] Filtered=979 candles, 59 states
[MARKOV] State=1121, last_dir=DOWN, p̂=0.538 (n=52)
[POLY] YES=0.505, NO=0.495
[SIGNAL] DOWN, p̂=0.538, q=0.505, Δ=0.033 → Low Vol (3.1721 < 4.5003)

✓ #397 p̂=0.538, Signal=False
⏰ Next: 01:03:03
---
=== Wed May 27 01:03:03 UTC 2026 ===
BTC 5m Bot v3 - ATR+Vol Filter
MIN_PROB=0.87, ATR>0.8x avg, Vol>0.6x avg
Cycle 397/50

============================================================
Cycle #398 | 01:03:03 UTC
[BTC] 1440 candles
[FILTER] ATR=71.89 (avg=60.82, threshold=48.66)
[FILTER] Vol=6.8247 (avg=7.6831, threshold=4.6099)
[BTC] Last streaks: [1, 1, 1, 2, 1]
[MARKOV] Filtered=968 candles, 59 states
[MARKOV] State=1121, last_dir=DOWN, p̂=0.549 (n=51)
[POLY] YES=0.505, NO=0.495
[SIGNAL] DOWN, p̂=0.549, q=0.505, Δ=0.044 → p̂ 0.549 < 0.87

✓ #398 p̂=0.549, Signal=False
⏰ Next: 01:04:26
---
=== Wed May 27 01:04:27 UTC 2026 ===
BTC 5m Bot v3 - ATR+Vol Filter
MIN_PROB=0.87, ATR>0.8x avg, Vol>0.6x avg
Cycle 398/50

============================================================
Cycle #399 | 01:04:27 UTC
[BTC] 1440 candles
[FILTER] ATR=71.89 (avg=60.82, threshold=48.66)
[FILTER] Vol=12.3066 (avg=7.9572, threshold=4.7743)
[BTC] Last streaks: [1, 1, 1, 2, 1]
[MARKOV] Filtered=956 candles, 59 states
[MARKOV] State=1121, last_dir=DOWN, p̂=0.549 (n=51)
[POLY] YES=0.505, NO=0.495
[SIGNAL] DOWN, p̂=0.549, q=0.505, Δ=0.044 → p̂ 0.549 < 0.87

✓ #399 p̂=0.549, Signal=False
⏰ Next: 01:05:51
---
=== Wed May 27 01:05:51 UTC 2026 ===
BTC 5m Bot v3 - ATR+Vol Filter
MIN_PROB=0.87, ATR>0.8x avg, Vol>0.6x avg
Cycle 399/50

============================================================
Cycle #400 | 01:05:51 UTC
[BTC] 1440 candles
[FILTER] ATR=73.16 (avg=61.03, threshold=48.82)
[FILTER] Vol=2.7112 (avg=7.9368, threshold=4.7621)
[BTC] Last streaks: [1, 1, 2, 1, 2]
[MARKOV] Filtered=958 candles, 59 states
[MARKOV] State=1212, last_dir=DOWN, p̂=0.589 (n=56)
[POLY] YES=0.505, NO=0.495
[SIGNAL] DOWN, p̂=0.589, q=0.505, Δ=0.084 → Low Vol (2.7112 < 4.7621)

🌙 NIGHTLY REVIEW after 50 cycles
[REVIEW] max p̂=0.632, avg=0.497, MIN_PROB=0.87

✓ #400 p̂=0.589, Signal=False
⏰ Next: 01:07:15
---
=== Wed May 27 01:07:16 UTC 2026 ===
BTC 5m Bot v3 - ATR+Vol Filter
MIN_PROB=0.87, ATR>0.8x avg, Vol>0.6x avg
Cycle 400/50

============================================================
Cycle #401 | 01:07:16 UTC
[BTC] 1440 candles
[FILTER] ATR=73.16 (avg=61.03, threshold=48.82)
[FILTER] Vol=5.4433 (avg=8.0734, threshold=4.8440)
[BTC] Last streaks: [1, 1, 2, 1, 2]
[MARKOV] Filtered=951 candles, 59 states
[MARKOV] State=1212, last_dir=DOWN, p̂=0.589 (n=56)
[POLY] YES=0.505, NO=0.495
[SIGNAL] DOWN, p̂=0.589, q=0.505, Δ=0.084 → p̂ 0.589 < 0.87

✓ #401 p̂=0.589, Signal=False
⏰ Next: 01:08:39
---
=== Wed May 27 01:08:39 UTC 2026 ===
BTC 5m Bot v3 - ATR+Vol Filter
MIN_PROB=0.87, ATR>0.8x avg, Vol>0.6x avg
Cycle 401/50

============================================================
Cycle #402 | 01:08:40 UTC
[BTC] 1440 candles
[FILTER] ATR=73.16 (avg=61.03, threshold=48.82)
[FILTER] Vol=5.5247 (avg=8.0775, threshold=4.8465)
[BTC] Last streaks: [1, 1, 2, 1, 2]
[MARKOV] Filtered=950 candles, 59 states
[MARKOV] State=1212, last_dir=DOWN, p̂=0.589 (n=56)
[POLY] YES=0.505, NO=0.495
[SIGNAL] DOWN, p̂=0.589, q=0.505, Δ=0.084 → p̂ 0.589 < 0.87

✓ #402 p̂=0.589, Signal=False
⏰ Next: 01:10:03
---
=== Wed May 27 01:10:04 UTC 2026 ===
BTC 5m Bot v3 - ATR+Vol Filter
MIN_PROB=0.87, ATR>0.8x avg, Vol>0.6x avg
Cycle 402/50

============================================================
Cycle #403 | 01:10:04 UTC
[BTC] 1440 candles
[FILTER] ATR=70.65 (avg=61.29, threshold=49.03)
[FILTER] Vol=0.0763 (avg=8.0324, threshold=4.8194)
[BTC] Last streaks: [1, 2, 1, 1, 2]
[MARKOV] Filtered=950 candles, 59 states
[MARKOV] State=2112, last_dir=UP, p̂=0.269 (n=26)
[POLY] YES=0.515, NO=0.485
[SIGNAL] UP, p̂=0.269, q=0.485, Δ=-0.216 → Low Vol (0.0763 < 4.8194)

✓ #403 p̂=0.269, Signal=False
⏰ Next: 01:11:27
---
=== Wed May 27 01:11:27 UTC 2026 ===
BTC 5m Bot v3 - ATR+Vol Filter
MIN_PROB=0.87, ATR>0.8x avg, Vol>0.6x avg
Cycle 403/50

============================================================
Cycle #404 | 01:11:28 UTC
[BTC] 1440 candles
[FILTER] ATR=71.74 (avg=61.35, threshold=49.08)
[FILTER] Vol=1.9376 (avg=8.1254, threshold=4.8753)
[BTC] Last streaks: [1, 2, 1, 1, 1]
[MARKOV] Filtered=943 candles, 59 states
[MARKOV] State=2111, last_dir=DOWN, p̂=0.455 (n=33)
[POLY] YES=0.515, NO=0.485
[SIGNAL] DOWN, p̂=0.455, q=0.515, Δ=-0.060 → Low Vol (1.9376 < 4.8753)

✓ #404 p̂=0.455, Signal=False
⏰ Next: 01:12:51
---
=== Wed May 27 01:12:51 UTC 2026 ===
BTC 5m Bot v3 - ATR+Vol Filter
MIN_PROB=0.87, ATR>0.8x avg, Vol>0.6x avg
Cycle 404/50

============================================================
Cycle #405 | 01:12:51 UTC
[BTC] 1440 candles
[FILTER] ATR=72.35 (avg=61.38, threshold=49.10)
[FILTER] Vol=2.6906 (avg=8.1631, threshold=4.8978)
[BTC] Last streaks: [1, 2, 1, 1, 1]
[MARKOV] Filtered=941 candles, 59 states
[MARKOV] State=2111, last_dir=DOWN, p̂=0.455 (n=33)
[POLY] YES=0.515, NO=0.485
[SIGNAL] DOWN, p̂=0.455, q=0.515, Δ=-0.060 → Low Vol (2.6906 < 4.8978)

✓ #405 p̂=0.455, Signal=False
⏰ Next: 01:14:15
---
=== Wed May 27 01:14:15 UTC 2026 ===
BTC 5m Bot v3 - ATR+Vol Filter
MIN_PROB=0.87, ATR>0.8x avg, Vol>0.6x avg
Cycle 405/50

============================================================
Cycle #406 | 01:14:15 UTC
[BTC] 1440 candles
[FILTER] ATR=73.09 (avg=61.41, threshold=49.13)
[FILTER] Vol=9.2637 (avg=8.4917, threshold=5.0950)
[BTC] Last streaks: [1, 2, 1, 1, 2]
[MARKOV] Filtered=920 candles, 59 states
[MARKOV] State=2112, last_dir=UP, p̂=0.261 (n=23)
[POLY] YES=0.515, NO=0.485
[SIGNAL] UP, p̂=0.261, q=0.485, Δ=-0.224 → p̂ 0.261 < 0.87

✓ #406 p̂=0.261, Signal=False
⏰ Next: 01:15:39
---
=== Wed May 27 01:15:39 UTC 2026 ===
BTC 5m Bot v3 - ATR+Vol Filter
MIN_PROB=0.87, ATR>0.8x avg, Vol>0.6x avg
Cycle 406/50

============================================================
Cycle #407 | 01:15:39 UTC
[BTC] 1440 candles
[FILTER] ATR=70.24 (avg=61.38, threshold=49.11)
[FILTER] Vol=2.7267 (avg=8.4266, threshold=5.0560)
[BTC] Last streaks: [2, 1, 1, 2, 1]
[MARKOV] Filtered=921 candles, 59 states
[MARKOV] State=1121, last_dir=DOWN, p̂=0.560 (n=50)
[POLY] YES=0.505, NO=0.495
[SIGNAL] DOWN, p̂=0.560, q=0.505, Δ=0.055 → Low Vol (2.7267 < 5.0560)

✓ #407 p̂=0.560, Signal=False
⏰ Next: 01:17:03
---
=== Wed May 27 01:17:03 UTC 2026 ===
BTC 5m Bot v3 - ATR+Vol Filter
MIN_PROB=0.87, ATR>0.8x avg, Vol>0.6x avg
Cycle 407/50

============================================================
Cycle #408 | 01:17:03 UTC
[BTC] 1440 candles
[FILTER] ATR=71.79 (avg=61.46, threshold=49.17)
[FILTER] Vol=4.5126 (avg=8.5159, threshold=5.1096)
[BTC] Last streaks: [2, 1, 1, 2, 1]
[MARKOV] Filtered=920 candles, 59 states
[MARKOV] State=1121, last_dir=DOWN, p̂=0.560 (n=50)
[POLY] YES=0.505, NO=0.495
[SIGNAL] DOWN, p̂=0.560, q=0.505, Δ=0.055 → Low Vol (4.5126 < 5.1096)

✓ #408 p̂=0.560, Signal=False
⏰ Next: 01:18:26
---
=== Wed May 27 01:18:27 UTC 2026 ===
BTC 5m Bot v3 - ATR+Vol Filter
MIN_PROB=0.87, ATR>0.8x avg, Vol>0.6x avg
Cycle 408/50

============================================================
Cycle #409 | 01:18:27 UTC
[BTC] 1440 candles
[FILTER] ATR=75.84 (avg=61.66, threshold=49.33)
[FILTER] Vol=6.8967 (avg=8.6351, threshold=5.1811)
[BTC] Last streaks: [2, 1, 1, 2, 1]
[MARKOV] Filtered=915 candles, 59 states
[MARKOV] State=1121, last_dir=DOWN, p̂=0.560 (n=50)
[POLY] YES=0.505, NO=0.495
[SIGNAL] DOWN, p̂=0.560, q=0.505, Δ=0.055 → p̂ 0.560 < 0.87

✓ #409 p̂=0.560, Signal=False
⏰ Next: 01:19:50
---
=== Wed May 27 01:19:50 UTC 2026 ===
BTC 5m Bot v3 - ATR+Vol Filter
MIN_PROB=0.87, ATR>0.8x avg, Vol>0.6x avg
Cycle 409/50

============================================================
Cycle #410 | 01:19:51 UTC
[BTC] 1440 candles
[FILTER] ATR=81.51 (avg=61.94, threshold=49.56)
[FILTER] Vol=9.8101 (avg=8.7808, threshold=5.2685)
[BTC] Last streaks: [2, 1, 1, 2, 1]
[MARKOV] Filtered=906 candles, 59 states
[MARKOV] State=1121, last_dir=DOWN, p̂=0.560 (n=50)
[POLY] YES=0.505, NO=0.495
[SIGNAL] DOWN, p̂=0.560, q=0.505, Δ=0.055 → p̂ 0.560 < 0.87

✓ #410 p̂=0.560, Signal=False
⏰ Next: 01:21:14
---
=== Wed May 27 01:21:14 UTC 2026 ===
BTC 5m Bot v3 - ATR+Vol Filter
MIN_PROB=0.87, ATR>0.8x avg, Vol>0.6x avg
Cycle 410/50

============================================================
Cycle #411 | 01:21:14 UTC
[BTC] 1440 candles
[FILTER] ATR=79.86 (avg=62.58, threshold=50.06)
[FILTER] Vol=4.1023 (avg=8.6187, threshold=5.1712)
[BTC] Last streaks: [1, 1, 2, 1, 2]
[MARKOV] Filtered=907 candles, 59 states
[MARKOV] State=1212, last_dir=DOWN, p̂=0.604 (n=53)
[POLY] YES=0.505, NO=0.495
[SIGNAL] DOWN, p̂=0.604, q=0.505, Δ=0.099 → Low Vol (4.1023 < 5.1712)

✓ #411 p̂=0.604, Signal=False
⏰ Next: 01:22:38
---
=== Wed May 27 01:22:38 UTC 2026 ===
BTC 5m Bot v3 - ATR+Vol Filter
MIN_PROB=0.87, ATR>0.8x avg, Vol>0.6x avg
Cycle 411/50

============================================================
Cycle #412 | 01:22:38 UTC
[BTC] 1440 candles
[FILTER] ATR=81.61 (avg=62.67, threshold=50.13)
[FILTER] Vol=6.1607 (avg=8.7216, threshold=5.2330)
[BTC] Last streaks: [1, 1, 2, 1, 2]
[MARKOV] Filtered=903 candles, 59 states
[MARKOV] State=1212, last_dir=DOWN, p̂=0.604 (n=53)
[POLY] YES=0.505, NO=0.495
[SIGNAL] DOWN, p̂=0.604, q=0.505, Δ=0.099 → p̂ 0.604 < 0.87

✓ #412 p̂=0.604, Signal=False
⏰ Next: 01:24:02
---
=== Wed May 27 01:24:02 UTC 2026 ===
BTC 5m Bot v3 - ATR+Vol Filter
MIN_PROB=0.87, ATR>0.8x avg, Vol>0.6x avg
Cycle 412/50

============================================================
Cycle #413 | 01:24:02 UTC
[BTC] 1440 candles
[FILTER] ATR=81.71 (avg=62.67, threshold=50.14)
[FILTER] Vol=10.4703 (avg=8.9371, threshold=5.3623)
[BTC] Last streaks: [1, 1, 2, 1, 2]
[MARKOV] Filtered=893 candles, 59 states
[MARKOV] State=1212, last_dir=DOWN, p̂=0.615 (n=52)
[POLY] YES=0.505, NO=0.495
[SIGNAL] DOWN, p̂=0.615, q=0.505, Δ=0.110 → p̂ 0.615 < 0.87

✓ #413 p̂=0.615, Signal=False
⏰ Next: 01:25:26
---
=== Wed May 27 01:25:26 UTC 2026 ===
BTC 5m Bot v3 - ATR+Vol Filter
MIN_PROB=0.87, ATR>0.8x avg, Vol>0.6x avg
Cycle 413/50

============================================================
Cycle #414 | 01:25:26 UTC
[BTC] 1440 candles
[FILTER] ATR=76.86 (avg=63.36, threshold=50.69)
[FILTER] Vol=2.0364 (avg=8.6722, threshold=5.2033)
[BTC] Last streaks: [1, 2, 1, 2, 3]
[MARKOV] Filtered=902 candles, 59 states
[MARKOV] State=2123, last_dir=DOWN, p̂=0.516 (n=31)
[POLY] YES=0.515, NO=0.485
[SIGNAL] DOWN, p̂=0.516, q=0.515, Δ=0.001 → Low Vol (2.0364 < 5.2033)

✓ #414 p̂=0.516, Signal=False
⏰ Next: 01:26:50
---
=== Wed May 27 01:26:50 UTC 2026 ===
BTC 5m Bot v3 - ATR+Vol Filter
MIN_PROB=0.87, ATR>0.8x avg, Vol>0.6x avg
Cycle 414/50

============================================================
Cycle #415 | 01:26:50 UTC
[BTC] 1440 candles
[FILTER] ATR=77.17 (avg=63.38, threshold=50.70)
[FILTER] Vol=3.3601 (avg=8.7384, threshold=5.2430)
[BTC] Last streaks: [1, 2, 1, 2, 1]
[MARKOV] Filtered=898 candles, 59 states
[MARKOV] State=2121, last_dir=UP, p̂=0.435 (n=23)
[POLY] YES=0.515, NO=0.485
[SIGNAL] UP, p̂=0.435, q=0.485, Δ=-0.050 → Low Vol (3.3601 < 5.2430)

✓ #415 p̂=0.435, Signal=False
⏰ Next: 01:28:13
---
=== Wed May 27 01:28:14 UTC 2026 ===
BTC 5m Bot v3 - ATR+Vol Filter
MIN_PROB=0.87, ATR>0.8x avg, Vol>0.6x avg
Cycle 415/50

============================================================
Cycle #416 | 01:28:14 UTC
[BTC] 1440 candles
[FILTER] ATR=77.17 (avg=63.38, threshold=50.70)
[FILTER] Vol=3.8671 (avg=8.7637, threshold=5.2582)
[BTC] Last streaks: [1, 2, 1, 2, 1]
[MARKOV] Filtered=897 candles, 59 states
[MARKOV] State=2121, last_dir=UP, p̂=0.435 (n=23)
[POLY] YES=0.515, NO=0.485
[SIGNAL] UP, p̂=0.435, q=0.485, Δ=-0.050 → Low Vol (3.8671 < 5.2582)

✓ #416 p̂=0.435, Signal=False
⏰ Next: 01:29:37
---
=== Wed May 27 01:29:37 UTC 2026 ===
BTC 5m Bot v3 - ATR+Vol Filter
MIN_PROB=0.87, ATR>0.8x avg, Vol>0.6x avg
Cycle 416/50

============================================================
Cycle #417 | 01:29:38 UTC
[BTC] 1440 candles
[FILTER] ATR=78.62 (avg=63.45, threshold=50.76)
[FILTER] Vol=5.3298 (avg=8.8369, threshold=5.3021)
[BTC] Last streaks: [1, 2, 1, 2, 1]
[MARKOV] Filtered=894 candles, 59 states
[MARKOV] State=2121, last_dir=UP, p̂=0.435 (n=23)
[POLY] YES=0.515, NO=0.485
[SIGNAL] UP, p̂=0.435, q=0.485, Δ=-0.050 → p̂ 0.435 < 0.87

✓ #417 p̂=0.435, Signal=False
⏰ Next: 01:31:02
---
=== Wed May 27 01:31:02 UTC 2026 ===
BTC 5m Bot v3 - ATR+Vol Filter
MIN_PROB=0.87, ATR>0.8x avg, Vol>0.6x avg
Cycle 417/50

============================================================
Cycle #418 | 01:31:02 UTC
[BTC] 1440 candles
[FILTER] ATR=82.11 (avg=64.49, threshold=51.59)
[FILTER] Vol=2.2807 (avg=8.8057, threshold=5.2834)
[BTC] Last streaks: [2, 1, 2, 1, 2]
[MARKOV] Filtered=885 candles, 59 states
[MARKOV] State=1212, last_dir=UP, p̂=0.596 (n=52)
[POLY] YES=0.505, NO=0.495
[SIGNAL] UP, p̂=0.596, q=0.495, Δ=0.101 → Low Vol (2.2807 < 5.2834)

✓ #418 p̂=0.596, Signal=False
⏰ Next: 01:32:26
---
=== Wed May 27 01:32:26 UTC 2026 ===
BTC 5m Bot v3 - ATR+Vol Filter
MIN_PROB=0.87, ATR>0.8x avg, Vol>0.6x avg
Cycle 418/50

============================================================
Cycle #419 | 01:32:26 UTC
[BTC] 1440 candles
[FILTER] ATR=82.11 (avg=64.49, threshold=51.59)
[FILTER] Vol=4.3854 (avg=8.9109, threshold=5.3466)
[BTC] Last streaks: [2, 1, 2, 1, 2]
[MARKOV] Filtered=882 candles, 59 states
[MARKOV] State=1212, last_dir=UP, p̂=0.608 (n=51)
[POLY] YES=0.505, NO=0.495
[SIGNAL] UP, p̂=0.608, q=0.495, Δ=0.113 → Low Vol (4.3854 < 5.3466)

✓ #419 p̂=0.608, Signal=False
⏰ Next: 01:33:50
---
=== Wed May 27 01:33:50 UTC 2026 ===
BTC 5m Bot v3 - ATR+Vol Filter
MIN_PROB=0.87, ATR>0.8x avg, Vol>0.6x avg
Cycle 419/50

============================================================
Cycle #420 | 01:33:50 UTC
[BTC] 1440 candles
[FILTER] ATR=82.11 (avg=64.49, threshold=51.59)
[FILTER] Vol=5.8701 (avg=8.9852, threshold=5.3911)
[BTC] Last streaks: [2, 1, 2, 1, 1]
[MARKOV] Filtered=879 candles, 59 states
[MARKOV] State=1211, last_dir=DOWN, p̂=0.551 (n=49)
[POLY] YES=0.505, NO=0.495
[SIGNAL] DOWN, p̂=0.551, q=0.505, Δ=0.046 → p̂ 0.551 < 0.87

✓ #420 p̂=0.551, Signal=False
⏰ Next: 01:35:14
---
=== Wed May 27 01:35:14 UTC 2026 ===
BTC 5m Bot v3 - ATR+Vol Filter
MIN_PROB=0.87, ATR>0.8x avg, Vol>0.6x avg
Cycle 420/50

============================================================
Cycle #421 | 01:35:14 UTC
[BTC] 1440 candles
[FILTER] ATR=78.66 (avg=65.71, threshold=52.57)
[FILTER] Vol=0.0954 (avg=8.8037, threshold=5.2822)
[BTC] Last streaks: [1, 2, 1, 1, 1]
[MARKOV] Filtered=875 candles, 58 states
[MARKOV] State=2111, last_dir=UP, p̂=0.433 (n=30)
[POLY] YES=0.505, NO=0.495
[SIGNAL] UP, p̂=0.433, q=0.495, Δ=-0.062 → Low Vol (0.0954 < 5.2822)

✓ #421 p̂=0.433, Signal=False
⏰ Next: 01:36:37
---
=== Wed May 27 01:36:37 UTC 2026 ===
BTC 5m Bot v3 - ATR+Vol Filter
MIN_PROB=0.87, ATR>0.8x avg, Vol>0.6x avg
Cycle 421/50

============================================================
Cycle #422 | 01:36:38 UTC
[BTC] 1440 candles
[FILTER] ATR=79.60 (avg=65.76, threshold=52.61)
[FILTER] Vol=1.4041 (avg=8.8692, threshold=5.3215)
[BTC] Last streaks: [1, 2, 1, 1, 1]
[MARKOV] Filtered=872 candles, 58 states
[MARKOV] State=2111, last_dir=UP, p̂=0.433 (n=30)
[POLY] YES=0.505, NO=0.495
[SIGNAL] UP, p̂=0.433, q=0.495, Δ=-0.062 → Low Vol (1.4041 < 5.3215)

✓ #422 p̂=0.433, Signal=False
⏰ Next: 01:38:01
---
=== Wed May 27 01:38:01 UTC 2026 ===
BTC 5m Bot v3 - ATR+Vol Filter
MIN_PROB=0.87, ATR>0.8x avg, Vol>0.6x avg
Cycle 422/50

============================================================
Cycle #423 | 01:38:02 UTC
[BTC] 1440 candles
[FILTER] ATR=81.14 (avg=65.84, threshold=52.67)
[FILTER] Vol=3.0299 (avg=8.9505, threshold=5.3703)
[BTC] Last streaks: [1, 2, 1, 1, 1]
[MARKOV] Filtered=869 candles, 58 states
[MARKOV] State=2111, last_dir=UP, p̂=0.433 (n=30)
[POLY] YES=0.505, NO=0.495
[SIGNAL] UP, p̂=0.433, q=0.495, Δ=-0.062 → Low Vol (3.0299 < 5.3703)

✓ #423 p̂=0.433, Signal=False
⏰ Next: 01:39:25
---
=== Wed May 27 01:39:25 UTC 2026 ===
BTC 5m Bot v3 - ATR+Vol Filter
MIN_PROB=0.87, ATR>0.8x avg, Vol>0.6x avg
Cycle 423/50

============================================================
Cycle #424 | 01:39:25 UTC
[BTC] 1440 candles
[FILTER] ATR=81.67 (avg=65.87, threshold=52.69)
[FILTER] Vol=3.2661 (avg=8.9623, threshold=5.3774)
[BTC] Last streaks: [1, 2, 1, 1, 1]
[MARKOV] Filtered=869 candles, 58 states
[MARKOV] State=2111, last_dir=UP, p̂=0.433 (n=30)
[POLY] YES=0.505, NO=0.495
[SIGNAL] UP, p̂=0.433, q=0.495, Δ=-0.062 → Low Vol (3.2661 < 5.3774)

✓ #424 p̂=0.433, Signal=False
⏰ Next: 01:40:49
---
=== Wed May 27 01:40:49 UTC 2026 ===
BTC 5m Bot v3 - ATR+Vol Filter
MIN_PROB=0.87, ATR>0.8x avg, Vol>0.6x avg
Cycle 424/50

============================================================
Cycle #425 | 01:40:49 UTC
[BTC] 1440 candles
[FILTER] ATR=75.86 (avg=66.99, threshold=53.59)
[FILTER] Vol=1.3900 (avg=8.3666, threshold=5.0200)
[BTC] Last streaks: [2, 1, 1, 1, 1]
[MARKOV] Filtered=880 candles, 58 states
[MARKOV] State=1111, last_dir=DOWN, p̂=0.375 (n=56)
[POLY] YES=0.505, NO=0.495
[SIGNAL] DOWN, p̂=0.375, q=0.505, Δ=-0.130 → Low Vol (1.3900 < 5.0200)

✓ #425 p̂=0.375, Signal=False
⏰ Next: 01:42:13
---
=== Wed May 27 01:42:13 UTC 2026 ===
BTC 5m Bot v3 - ATR+Vol Filter
MIN_PROB=0.87, ATR>0.8x avg, Vol>0.6x avg
Cycle 425/50

============================================================
Cycle #426 | 01:42:13 UTC
[BTC] 1440 candles
[FILTER] ATR=77.85 (avg=67.09, threshold=53.67)
[FILTER] Vol=1.8622 (avg=8.3902, threshold=5.0341)
[BTC] Last streaks: [2, 1, 1, 1, 2]
[MARKOV] Filtered=879 candles, 58 states
[MARKOV] State=1112, last_dir=UP, p̂=0.603 (n=68)
[POLY] YES=0.505, NO=0.495
[SIGNAL] UP, p̂=0.603, q=0.495, Δ=0.108 → Low Vol (1.8622 < 5.0341)

✓ #426 p̂=0.603, Signal=False
⏰ Next: 01:43:37
---
=== Wed May 27 01:43:37 UTC 2026 ===
BTC 5m Bot v3 - ATR+Vol Filter
MIN_PROB=0.87, ATR>0.8x avg, Vol>0.6x avg
Cycle 426/50

============================================================
Cycle #427 | 01:43:37 UTC
[BTC] 1440 candles
[FILTER] ATR=80.06 (avg=67.20, threshold=53.76)
[FILTER] Vol=2.7201 (avg=8.4331, threshold=5.0599)
[BTC] Last streaks: [2, 1, 1, 1, 2]
[MARKOV] Filtered=875 candles, 58 states
[MARKOV] State=1112, last_dir=UP, p̂=0.597 (n=67)
[POLY] YES=0.505, NO=0.495
[SIGNAL] UP, p̂=0.597, q=0.495, Δ=0.102 → Low Vol (2.7201 < 5.0599)

✓ #427 p̂=0.597, Signal=False
⏰ Next: 01:45:00
---
=== Wed May 27 01:45:01 UTC 2026 ===
BTC 5m Bot v3 - ATR+Vol Filter
MIN_PROB=0.87, ATR>0.8x avg, Vol>0.6x avg
Cycle 427/50

============================================================
Cycle #428 | 01:45:01 UTC
[BTC] 1440 candles
[FILTER] ATR=72.24 (avg=68.00, threshold=54.40)
[FILTER] Vol=0.1652 (avg=8.3105, threshold=4.9863)
[BTC] Last streaks: [1, 1, 1, 1, 2]
[MARKOV] Filtered=884 candles, 58 states
[MARKOV] State=1112, last_dir=DOWN, p̂=0.603 (n=68)
[POLY] YES=0.505, NO=0.495
[SIGNAL] DOWN, p̂=0.603, q=0.505, Δ=0.098 → Low Vol (0.1652 < 4.9863)

✓ #428 p̂=0.603, Signal=False
⏰ Next: 01:46:24
---
=== Wed May 27 01:46:24 UTC 2026 ===
BTC 5m Bot v3 - ATR+Vol Filter
MIN_PROB=0.87, ATR>0.8x avg, Vol>0.6x avg
Cycle 428/50

============================================================
Cycle #429 | 01:46:25 UTC
[BTC] 1440 candles
[FILTER] ATR=74.51 (avg=68.12, threshold=54.49)
[FILTER] Vol=6.5148 (avg=8.6279, threshold=5.1768)
[BTC] Last streaks: [1, 1, 1, 1, 2]
[MARKOV] Filtered=870 candles, 58 states
[MARKOV] State=1112, last_dir=DOWN, p̂=0.597 (n=67)
[POLY] YES=0.505, NO=0.495
[SIGNAL] DOWN, p̂=0.597, q=0.505, Δ=0.092 → p̂ 0.597 < 0.87

✓ #429 p̂=0.597, Signal=False
⏰ Next: 01:47:48
---
=== Wed May 27 01:47:48 UTC 2026 ===
BTC 5m Bot v3 - ATR+Vol Filter
MIN_PROB=0.87, ATR>0.8x avg, Vol>0.6x avg
Cycle 429/50

============================================================
Cycle #430 | 01:47:48 UTC
[BTC] 1440 candles
[FILTER] ATR=79.94 (avg=68.39, threshold=54.71)
[FILTER] Vol=16.1889 (avg=9.1116, threshold=5.4670)
[BTC] Last streaks: [1, 1, 1, 1, 1]
[MARKOV] Filtered=846 candles, 58 states
[MARKOV] State=1111, last_dir=UP, p̂=0.377 (n=53)
[POLY] YES=0.505, NO=0.495
[SIGNAL] UP, p̂=0.377, q=0.495, Δ=-0.118 → p̂ 0.377 < 0.87

✓ #430 p̂=0.377, Signal=False
⏰ Next: 01:49:12
---
=== Wed May 27 01:49:12 UTC 2026 ===
BTC 5m Bot v3 - ATR+Vol Filter
MIN_PROB=0.87, ATR>0.8x avg, Vol>0.6x avg
Cycle 430/50

============================================================
Cycle #431 | 01:49:12 UTC
[BTC] 1440 candles
[FILTER] ATR=82.37 (avg=68.51, threshold=54.81)
[FILTER] Vol=18.5595 (avg=9.2302, threshold=5.5381)
[BTC] Last streaks: [1, 1, 1, 1, 1]
[MARKOV] Filtered=843 candles, 58 states
[MARKOV] State=1111, last_dir=UP, p̂=0.377 (n=53)
[POLY] YES=0.505, NO=0.495
[SIGNAL] UP, p̂=0.377, q=0.495, Δ=-0.118 → p̂ 0.377 < 0.87

✓ #431 p̂=0.377, Signal=False
⏰ Next: 01:50:36
---
=== Wed May 27 01:50:36 UTC 2026 ===
BTC 5m Bot v3 - ATR+Vol Filter
MIN_PROB=0.87, ATR>0.8x avg, Vol>0.6x avg
Cycle 431/50

============================================================
Cycle #432 | 01:50:36 UTC
[BTC] 1440 candles
[FILTER] ATR=77.86 (avg=69.92, threshold=55.94)
[FILTER] Vol=0.3114 (avg=8.7045, threshold=5.2227)
[BTC] Last streaks: [1, 1, 1, 1, 1]
[MARKOV] Filtered=856 candles, 58 states
[MARKOV] State=1111, last_dir=DOWN, p̂=0.375 (n=56)
[POLY] YES=0.505, NO=0.495
[SIGNAL] DOWN, p̂=0.375, q=0.505, Δ=-0.130 → Low Vol (0.3114 < 5.2227)

✓ #432 p̂=0.375, Signal=False
⏰ Next: 01:52:00
---
=== Wed May 27 01:52:00 UTC 2026 ===
BTC 5m Bot v3 - ATR+Vol Filter
MIN_PROB=0.87, ATR>0.8x avg, Vol>0.6x avg
Cycle 432/50

============================================================
Cycle #433 | 01:52:00 UTC
[BTC] 1440 candles
[FILTER] ATR=78.49 (avg=69.95, threshold=55.96)
[FILTER] Vol=1.7019 (avg=8.7740, threshold=5.2644)
[BTC] Last streaks: [1, 1, 1, 1, 1]
[MARKOV] Filtered=853 candles, 58 states
[MARKOV] State=1111, last_dir=DOWN, p̂=0.375 (n=56)
[POLY] YES=0.505, NO=0.495
[SIGNAL] DOWN, p̂=0.375, q=0.505, Δ=-0.130 → Low Vol (1.7019 < 5.2644)

✓ #433 p̂=0.375, Signal=False
⏰ Next: 01:53:24
---
=== Wed May 27 01:53:24 UTC 2026 ===
BTC 5m Bot v3 - ATR+Vol Filter
MIN_PROB=0.87, ATR>0.8x avg, Vol>0.6x avg
Cycle 433/50

============================================================
Cycle #434 | 01:53:24 UTC
[BTC] 1440 candles
[FILTER] ATR=78.49 (avg=69.95, threshold=55.96)
[FILTER] Vol=2.0469 (avg=8.7913, threshold=5.2748)
[BTC] Last streaks: [1, 1, 1, 1, 1]
[MARKOV] Filtered=851 candles, 58 states
[MARKOV] State=1111, last_dir=DOWN, p̂=0.375 (n=56)
[POLY] YES=0.505, NO=0.495
[SIGNAL] DOWN, p̂=0.375, q=0.505, Δ=-0.130 → Low Vol (2.0469 < 5.2748)

✓ #434 p̂=0.375, Signal=False
⏰ Next: 01:54:47
---
=== Wed May 27 01:54:48 UTC 2026 ===
BTC 5m Bot v3 - ATR+Vol Filter
MIN_PROB=0.87, ATR>0.8x avg, Vol>0.6x avg
Cycle 434/50

============================================================
Cycle #435 | 01:54:48 UTC
[BTC] 1440 candles
[FILTER] ATR=78.49 (avg=69.95, threshold=55.96)
[FILTER] Vol=2.5344 (avg=8.8156, threshold=5.2894)
[BTC] Last streaks: [1, 1, 1, 1, 1]
[MARKOV] Filtered=850 candles, 58 states
[MARKOV] State=1111, last_dir=DOWN, p̂=0.364 (n=55)
[POLY] YES=0.505, NO=0.495
[SIGNAL] DOWN, p̂=0.364, q=0.505, Δ=-0.141 → Low Vol (2.5344 < 5.2894)

✓ #435 p̂=0.364, Signal=False
⏰ Next: 01:56:11
---
=== Wed May 27 01:56:11 UTC 2026 ===
BTC 5m Bot v3 - ATR+Vol Filter
MIN_PROB=0.87, ATR>0.8x avg, Vol>0.6x avg
Cycle 435/50

============================================================
Cycle #436 | 01:56:12 UTC
[BTC] 1440 candles
[FILTER] ATR=74.47 (avg=71.08, threshold=56.86)
[FILTER] Vol=1.1758 (avg=8.6038, threshold=5.1623)
[BTC] Last streaks: [1, 1, 1, 1, 2]
[MARKOV] Filtered=848 candles, 58 states
[MARKOV] State=1112, last_dir=DOWN, p̂=0.585 (n=65)
[POLY] YES=0.515, NO=0.485
[SIGNAL] DOWN, p̂=0.585, q=0.515, Δ=0.070 → Low Vol (1.1758 < 5.1623)

✓ #436 p̂=0.585, Signal=False
⏰ Next: 01:57:35
---
=== Wed May 27 01:57:35 UTC 2026 ===
BTC 5m Bot v3 - ATR+Vol Filter
MIN_PROB=0.87, ATR>0.8x avg, Vol>0.6x avg
Cycle 436/50

============================================================
Cycle #437 | 01:57:35 UTC
[BTC] 1440 candles
[FILTER] ATR=76.14 (avg=71.16, threshold=56.93)
[FILTER] Vol=1.8231 (avg=8.6362, threshold=5.1817)
[BTC] Last streaks: [1, 1, 1, 1, 2]
[MARKOV] Filtered=847 candles, 58 states
[MARKOV] State=1112, last_dir=DOWN, p̂=0.585 (n=65)
[POLY] YES=0.515, NO=0.485
[SIGNAL] DOWN, p̂=0.585, q=0.515, Δ=0.070 → Low Vol (1.8231 < 5.1817)

✓ #437 p̂=0.585, Signal=False
⏰ Next: 01:58:59
---
=== Wed May 27 01:58:59 UTC 2026 ===
BTC 5m Bot v3 - ATR+Vol Filter
MIN_PROB=0.87, ATR>0.8x avg, Vol>0.6x avg
Cycle 437/50

============================================================
Cycle #438 | 01:58:59 UTC
[BTC] 1440 candles
[FILTER] ATR=78.36 (avg=71.27, threshold=57.02)
[FILTER] Vol=2.2425 (avg=8.6572, threshold=5.1943)
[BTC] Last streaks: [1, 1, 1, 1, 2]
[MARKOV] Filtered=844 candles, 58 states
[MARKOV] State=1112, last_dir=DOWN, p̂=0.585 (n=65)
[POLY] YES=0.515, NO=0.485
[SIGNAL] DOWN, p̂=0.585, q=0.515, Δ=0.070 → Low Vol (2.2425 < 5.1943)

✓ #438 p̂=0.585, Signal=False
⏰ Next: 02:00:23
---
=== Wed May 27 02:00:23 UTC 2026 ===
BTC 5m Bot v3 - ATR+Vol Filter
MIN_PROB=0.87, ATR>0.8x avg, Vol>0.6x avg
Cycle 438/50

============================================================
Cycle #439 | 02:00:23 UTC
[BTC] 1440 candles
[FILTER] ATR=75.11 (avg=72.65, threshold=58.12)
[FILTER] Vol=1.9565 (avg=8.8049, threshold=5.2830)
[BTC] Last streaks: [1, 1, 1, 2, 1]
[MARKOV] Filtered=826 candles, 58 states
[MARKOV] State=1121, last_dir=UP, p̂=0.553 (n=47)
[POLY] YES=0.505, NO=0.495
[SIGNAL] UP, p̂=0.553, q=0.495, Δ=0.058 → Low Vol (1.9565 < 5.2830)

✓ #439 p̂=0.553, Signal=False
⏰ Next: 02:01:47
---
=== Wed May 27 02:01:47 UTC 2026 ===
BTC 5m Bot v3 - ATR+Vol Filter
MIN_PROB=0.87, ATR>0.8x avg, Vol>0.6x avg
Cycle 439/50

============================================================
Cycle #440 | 02:01:47 UTC
[BTC] 1440 candles
[FILTER] ATR=76.59 (avg=72.72, threshold=58.18)
[FILTER] Vol=4.3322 (avg=8.9237, threshold=5.3542)
[BTC] Last streaks: [1, 1, 1, 2, 1]
[MARKOV] Filtered=822 candles, 58 states
[MARKOV] State=1121, last_dir=UP, p̂=0.553 (n=47)
[POLY] YES=0.505, NO=0.495
[SIGNAL] UP, p̂=0.553, q=0.495, Δ=0.058 → Low Vol (4.3322 < 5.3542)

✓ #440 p̂=0.553, Signal=False
⏰ Next: 02:03:10
---
=== Wed May 27 02:03:10 UTC 2026 ===
BTC 5m Bot v3 - ATR+Vol Filter
MIN_PROB=0.87, ATR>0.8x avg, Vol>0.6x avg
Cycle 440/50

============================================================
Cycle #441 | 02:03:11 UTC
[BTC] 1440 candles
[FILTER] ATR=80.94 (avg=72.94, threshold=58.35)
[FILTER] Vol=7.2508 (avg=9.0697, threshold=5.4418)
[BTC] Last streaks: [1, 1, 1, 2, 3]
[MARKOV] Filtered=811 candles, 58 states
[MARKOV] State=1123, last_dir=DOWN, p̂=0.449 (n=49)
[POLY] YES=0.505, NO=0.495
[SIGNAL] DOWN, p̂=0.449, q=0.505, Δ=-0.056 → p̂ 0.449 < 0.87

✓ #441 p̂=0.449, Signal=False
⏰ Next: 02:04:34
---
=== Wed May 27 02:04:34 UTC 2026 ===
BTC 5m Bot v3 - ATR+Vol Filter
MIN_PROB=0.87, ATR>0.8x avg, Vol>0.6x avg
Cycle 441/50

============================================================
Cycle #442 | 02:04:35 UTC
[BTC] 1440 candles
[FILTER] ATR=82.93 (avg=73.04, threshold=58.43)
[FILTER] Vol=12.9223 (avg=9.3532, threshold=5.6119)
[BTC] Last streaks: [1, 1, 1, 2, 3]
[MARKOV] Filtered=800 candles, 58 states
[MARKOV] State=1123, last_dir=DOWN, p̂=0.449 (n=49)
[POLY] YES=0.505, NO=0.495
[SIGNAL] DOWN, p̂=0.449, q=0.505, Δ=-0.056 → p̂ 0.449 < 0.87

✓ #442 p̂=0.449, Signal=False
⏰ Next: 02:05:58
---
=== Wed May 27 02:05:58 UTC 2026 ===
BTC 5m Bot v3 - ATR+Vol Filter
MIN_PROB=0.87, ATR>0.8x avg, Vol>0.6x avg
Cycle 442/50

============================================================
Cycle #443 | 02:05:58 UTC
[BTC] 1440 candles
[FILTER] ATR=82.66 (avg=74.66, threshold=59.73)
[FILTER] Vol=0.4702 (avg=9.1097, threshold=5.4658)
[BTC] Last streaks: [1, 1, 2, 3, 4]
[MARKOV] Filtered=790 candles, 58 states
[MARKOV] State=1234, last_dir=DOWN, p̂=0.435 (n=46)
[POLY] YES=0.505, NO=0.495
[SIGNAL] DOWN, p̂=0.435, q=0.505, Δ=-0.070 → Low Vol (0.4702 < 5.4658)

✓ #443 p̂=0.435, Signal=False
⏰ Next: 02:07:22
---
=== Wed May 27 02:07:22 UTC 2026 ===
BTC 5m Bot v3 - ATR+Vol Filter
MIN_PROB=0.87, ATR>0.8x avg, Vol>0.6x avg
Cycle 443/50

============================================================
Cycle #444 | 02:07:22 UTC
[BTC] 1440 candles
[FILTER] ATR=84.06 (avg=74.73, threshold=59.79)
[FILTER] Vol=1.4482 (avg=9.1586, threshold=5.4951)
[BTC] Last streaks: [1, 1, 2, 3, 4]
[MARKOV] Filtered=789 candles, 58 states
[MARKOV] State=1234, last_dir=DOWN, p̂=0.435 (n=46)
[POLY] YES=0.505, NO=0.495
[SIGNAL] DOWN, p̂=0.435, q=0.505, Δ=-0.070 → Low Vol (1.4482 < 5.4951)

✓ #444 p̂=0.435, Signal=False
⏰ Next: 02:08:46
---
=== Wed May 27 02:08:46 UTC 2026 ===
BTC 5m Bot v3 - ATR+Vol Filter
MIN_PROB=0.87, ATR>0.8x avg, Vol>0.6x avg
Cycle 444/50

============================================================
Cycle #445 | 02:08:46 UTC
[BTC] 1440 candles
[FILTER] ATR=85.55 (avg=74.81, threshold=59.85)
[FILTER] Vol=2.8914 (avg=9.2307, threshold=5.5384)
[BTC] Last streaks: [1, 1, 2, 3, 4]
[MARKOV] Filtered=787 candles, 58 states
[MARKOV] State=1234, last_dir=DOWN, p̂=0.435 (n=46)
[POLY] YES=0.505, NO=0.495
[SIGNAL] DOWN, p̂=0.435, q=0.505, Δ=-0.070 → Low Vol (2.8914 < 5.5384)

✓ #445 p̂=0.435, Signal=False
⏰ Next: 02:10:10
---
=== Wed May 27 02:10:10 UTC 2026 ===
BTC 5m Bot v3 - ATR+Vol Filter
MIN_PROB=0.87, ATR>0.8x avg, Vol>0.6x avg
Cycle 445/50

============================================================
Cycle #446 | 02:10:10 UTC
[BTC] 1440 candles
[FILTER] ATR=80.39 (avg=76.09, threshold=60.87)
[FILTER] Vol=0.0062 (avg=8.5837, threshold=5.1502)
[BTC] Last streaks: [1, 2, 3, 4, 5]
[MARKOV] Filtered=787 candles, 58 states
[MARKOV] State=2345, last_dir=DOWN, p̂=0.560 (n=25)
[POLY] YES=0.505, NO=0.495
[SIGNAL] DOWN, p̂=0.560, q=0.505, Δ=0.055 → Low Vol (0.0062 < 5.1502)

✓ #446 p̂=0.560, Signal=False
⏰ Next: 02:11:34
---
=== Wed May 27 02:11:34 UTC 2026 ===
BTC 5m Bot v3 - ATR+Vol Filter
MIN_PROB=0.87, ATR>0.8x avg, Vol>0.6x avg
Cycle 446/50

============================================================
Cycle #447 | 02:11:34 UTC
[BTC] 1440 candles
[FILTER] ATR=80.96 (avg=76.12, threshold=60.90)
[FILTER] Vol=4.9441 (avg=8.8306, threshold=5.2983)
[BTC] Last streaks: [1, 2, 3, 4, 5]
[MARKOV] Filtered=779 candles, 58 states
[MARKOV] State=2345, last_dir=DOWN, p̂=0.583 (n=24)
[POLY] YES=0.505, NO=0.495
[SIGNAL] DOWN, p̂=0.583, q=0.505, Δ=0.078 → Low Vol (4.9441 < 5.2983)

✓ #447 p̂=0.583, Signal=False
⏰ Next: 02:12:57
---
=== Wed May 27 02:12:57 UTC 2026 ===
BTC 5m Bot v3 - ATR+Vol Filter
MIN_PROB=0.87, ATR>0.8x avg, Vol>0.6x avg
Cycle 447/50

============================================================
Cycle #448 | 02:12:57 UTC
[BTC] 1440 candles
[FILTER] ATR=82.89 (avg=76.22, threshold=60.97)
[FILTER] Vol=5.8129 (avg=8.8740, threshold=5.3244)
[BTC] Last streaks: [1, 2, 3, 4, 1]
[MARKOV] Filtered=775 candles, 58 states
[MARKOV] State=2341, last_dir=UP, p̂=0.550 (n=20)
[POLY] YES=0.505, NO=0.495
[SIGNAL] UP, p̂=0.550, q=0.495, Δ=0.055 → p̂ 0.550 < 0.87

✓ #448 p̂=0.550, Signal=False
⏰ Next: 02:14:21
---
=== Wed May 27 02:14:21 UTC 2026 ===
BTC 5m Bot v3 - ATR+Vol Filter
MIN_PROB=0.87, ATR>0.8x avg, Vol>0.6x avg
Cycle 448/50

============================================================
Cycle #449 | 02:14:21 UTC
[BTC] 1440 candles
[FILTER] ATR=82.89 (avg=76.22, threshold=60.97)
[FILTER] Vol=7.1114 (avg=8.9389, threshold=5.3634)
[BTC] Last streaks: [1, 2, 3, 4, 1]
[MARKOV] Filtered=772 candles, 58 states
[MARKOV] State=2341, last_dir=UP, p̂=0.550 (n=20)
[POLY] YES=0.505, NO=0.495
[SIGNAL] UP, p̂=0.550, q=0.495, Δ=0.055 → p̂ 0.550 < 0.87

✓ #449 p̂=0.550, Signal=False
⏰ Next: 02:15:45
---
=== Wed May 27 02:15:45 UTC 2026 ===
BTC 5m Bot v3 - ATR+Vol Filter
MIN_PROB=0.87, ATR>0.8x avg, Vol>0.6x avg
Cycle 449/50

============================================================
Cycle #450 | 02:15:45 UTC
[BTC] 1440 candles
[FILTER] ATR=79.63 (avg=77.20, threshold=61.76)
[FILTER] Vol=0.6860 (avg=8.7888, threshold=5.2733)
[BTC] Last streaks: [2, 3, 4, 1, 2]
[MARKOV] Filtered=770 candles, 58 states
[MARKOV] State=3412, last_dir=UP, p̂=0.733 (n=15)
[POLY] YES=0.505, NO=0.495
[SIGNAL] UP, p̂=0.733, q=0.495, Δ=0.238 → Low Vol (0.6860 < 5.2733)

🌙 NIGHTLY REVIEW after 50 cycles
[REVIEW] max p̂=0.733, avg=0.501, MIN_PROB=0.87

✓ #450 p̂=0.733, Signal=False
⏰ Next: 02:17:09
---
=== Wed May 27 02:17:09 UTC 2026 ===
BTC 5m Bot v3 - ATR+Vol Filter
MIN_PROB=0.87, ATR>0.8x avg, Vol>0.6x avg
Cycle 450/50

============================================================
Cycle #451 | 02:17:10 UTC
[BTC] 1440 candles
[FILTER] ATR=79.95 (avg=77.21, threshold=61.77)
[FILTER] Vol=1.5101 (avg=8.8300, threshold=5.2980)
[BTC] Last streaks: [2, 3, 4, 1, 1]
[MARKOV] Filtered=768 candles, 58 states
[MARKOV] State=3411, last_dir=DOWN, p̂=0.667 (n=6)
[POLY] YES=0.505, NO=0.495
[SIGNAL] DOWN, p̂=0.667, q=0.505, Δ=0.162 → Low Vol (1.5101 < 5.2980)

✓ #451 p̂=0.667, Signal=False
⏰ Next: 02:18:33
---
=== Wed May 27 02:18:34 UTC 2026 ===
BTC 5m Bot v3 - ATR+Vol Filter
MIN_PROB=0.87, ATR>0.8x avg, Vol>0.6x avg
Cycle 451/50

============================================================
Cycle #452 | 02:18:34 UTC
[BTC] 1440 candles
[FILTER] ATR=85.60 (avg=77.50, threshold=62.00)
[FILTER] Vol=3.7710 (avg=8.9430, threshold=5.3658)
[BTC] Last streaks: [2, 3, 4, 1, 1]
[MARKOV] Filtered=760 candles, 58 states
[MARKOV] State=3411, last_dir=DOWN, p̂=0.667 (n=6)
[POLY] YES=0.505, NO=0.495
[SIGNAL] DOWN, p̂=0.667, q=0.505, Δ=0.162 → Low Vol (3.7710 < 5.3658)

✓ #452 p̂=0.667, Signal=False
⏰ Next: 02:19:57
---
=== Wed May 27 02:19:57 UTC 2026 ===
BTC 5m Bot v3 - ATR+Vol Filter
MIN_PROB=0.87, ATR>0.8x avg, Vol>0.6x avg
Cycle 452/50

============================================================
Cycle #453 | 02:19:57 UTC
[BTC] 1440 candles
[FILTER] ATR=89.05 (avg=77.67, threshold=62.13)
[FILTER] Vol=9.5878 (avg=9.2339, threshold=5.5403)
[BTC] Last streaks: [2, 3, 4, 1, 1]
[MARKOV] Filtered=749 candles, 58 states
[MARKOV] State=3411, last_dir=DOWN, p̂=0.600 (n=5)
[POLY] YES=0.505, NO=0.495
[SIGNAL] DOWN, p̂=0.600, q=0.505, Δ=0.095 → p̂ 0.600 < 0.87

✓ #453 p̂=0.600, Signal=False
⏰ Next: 02:21:21
---
=== Wed May 27 02:21:21 UTC 2026 ===
BTC 5m Bot v3 - ATR+Vol Filter
MIN_PROB=0.87, ATR>0.8x avg, Vol>0.6x avg
Cycle 453/50

============================================================
Cycle #454 | 02:21:21 UTC
[BTC] 1440 candles
[FILTER] ATR=89.54 (avg=78.94, threshold=63.15)
[FILTER] Vol=0.8348 (avg=8.7932, threshold=5.2759)
[BTC] Last streaks: [3, 4, 1, 1, 1]
[MARKOV] Filtered=752 candles, 58 states
[MARKOV] State=4111, last_dir=UP, p̂=0.250 (n=4)
[POLY] YES=0.505, NO=0.495
[SIGNAL] UP, p̂=0.250, q=0.495, Δ=-0.245 → Low Vol (0.8348 < 5.2759)

✓ #454 p̂=0.250, Signal=False
⏰ Next: 02:22:45
---
=== Wed May 27 02:22:45 UTC 2026 ===
BTC 5m Bot v3 - ATR+Vol Filter
MIN_PROB=0.87, ATR>0.8x avg, Vol>0.6x avg
Cycle 454/50

============================================================
Cycle #455 | 02:22:45 UTC
[BTC] 1440 candles
[FILTER] ATR=89.66 (avg=78.95, threshold=63.16)
[FILTER] Vol=2.1901 (avg=8.8610, threshold=5.3166)
[BTC] Last streaks: [3, 4, 1, 1, 1]
[MARKOV] Filtered=750 candles, 58 states
[MARKOV] State=4111, last_dir=UP, p̂=0.250 (n=4)
[POLY] YES=0.505, NO=0.495
[SIGNAL] UP, p̂=0.250, q=0.495, Δ=-0.245 → Low Vol (2.1901 < 5.3166)

✓ #455 p̂=0.250, Signal=False
⏰ Next: 02:24:09
---
=== Wed May 27 02:24:09 UTC 2026 ===
BTC 5m Bot v3 - ATR+Vol Filter
MIN_PROB=0.87, ATR>0.8x avg, Vol>0.6x avg
Cycle 455/50

============================================================
Cycle #456 | 02:24:09 UTC
[BTC] 1440 candles
[FILTER] ATR=89.66 (avg=78.95, threshold=63.16)
[FILTER] Vol=2.3769 (avg=8.8703, threshold=5.3222)
[BTC] Last streaks: [3, 4, 1, 1, 1]
[MARKOV] Filtered=749 candles, 58 states
[MARKOV] State=4111, last_dir=UP, p̂=0.250 (n=4)
[POLY] YES=0.505, NO=0.495
[SIGNAL] UP, p̂=0.250, q=0.495, Δ=-0.245 → Low Vol (2.3769 < 5.3222)

✓ #456 p̂=0.250, Signal=False
⏰ Next: 02:25:33
---
=== Wed May 27 02:25:33 UTC 2026 ===
BTC 5m Bot v3 - ATR+Vol Filter
MIN_PROB=0.87, ATR>0.8x avg, Vol>0.6x avg
Cycle 456/50

============================================================
Cycle #457 | 02:25:33 UTC
[BTC] 1440 candles
[FILTER] ATR=78.25 (avg=79.68, threshold=63.75)
[FILTER] Vol=0.4885 (avg=8.0490, threshold=4.8294)
[BTC] Last streaks: [4, 1, 1, 1, 2]
[MARKOV] Filtered=770 candles, 58 states
[MARKOV] State=1112, last_dir=UP, p̂=0.610 (n=59)
[POLY] YES=0.505, NO=0.495
[SIGNAL] UP, p̂=0.610, q=0.495, Δ=0.115 → Low Vol (0.4885 < 4.8294)

✓ #457 p̂=0.610, Signal=False
⏰ Next: 02:26:57
---
=== Wed May 27 02:26:57 UTC 2026 ===
BTC 5m Bot v3 - ATR+Vol Filter
MIN_PROB=0.87, ATR>0.8x avg, Vol>0.6x avg
Cycle 457/50

============================================================
Cycle #458 | 02:26:57 UTC
[BTC] 1440 candles
[FILTER] ATR=79.22 (avg=79.73, threshold=63.79)
[FILTER] Vol=1.8738 (avg=8.1183, threshold=4.8710)
[BTC] Last streaks: [4, 1, 1, 1, 2]
[MARKOV] Filtered=763 candles, 58 states
[MARKOV] State=1112, last_dir=UP, p̂=0.610 (n=59)
[POLY] YES=0.505, NO=0.495
[SIGNAL] UP, p̂=0.610, q=0.495, Δ=0.115 → Low Vol (1.8738 < 4.8710)

✓ #458 p̂=0.610, Signal=False
⏰ Next: 02:28:20
---
=== Wed May 27 02:28:21 UTC 2026 ===
BTC 5m Bot v3 - ATR+Vol Filter
MIN_PROB=0.87, ATR>0.8x avg, Vol>0.6x avg
Cycle 458/50

============================================================
Cycle #459 | 02:28:21 UTC
[BTC] 1440 candles
[FILTER] ATR=81.06 (avg=79.82, threshold=63.86)
[FILTER] Vol=6.9529 (avg=8.3722, threshold=5.0233)
[BTC] Last streaks: [4, 1, 1, 1, 2]
[MARKOV] Filtered=754 candles, 58 states
[MARKOV] State=1112, last_dir=UP, p̂=0.621 (n=58)
[POLY] YES=0.505, NO=0.495
[SIGNAL] UP, p̂=0.621, q=0.495, Δ=0.126 → p̂ 0.621 < 0.87

✓ #459 p̂=0.621, Signal=False
⏰ Next: 02:29:44
---
=== Wed May 27 02:29:45 UTC 2026 ===
BTC 5m Bot v3 - ATR+Vol Filter
MIN_PROB=0.87, ATR>0.8x avg, Vol>0.6x avg
Cycle 459/50

============================================================
Cycle #460 | 02:29:45 UTC
[BTC] 1440 candles
[FILTER] ATR=81.06 (avg=79.82, threshold=63.86)
[FILTER] Vol=7.7342 (avg=8.4113, threshold=5.0468)
[BTC] Last streaks: [4, 1, 1, 1, 2]
[MARKOV] Filtered=752 candles, 58 states
[MARKOV] State=1112, last_dir=UP, p̂=0.621 (n=58)
[POLY] YES=0.505, NO=0.495
[SIGNAL] UP, p̂=0.621, q=0.495, Δ=0.126 → p̂ 0.621 < 0.87

✓ #460 p̂=0.621, Signal=False
⏰ Next: 02:31:08
---
=== Wed May 27 02:31:08 UTC 2026 ===
BTC 5m Bot v3 - ATR+Vol Filter
MIN_PROB=0.87, ATR>0.8x avg, Vol>0.6x avg
Cycle 460/50

============================================================
Cycle #461 | 02:31:08 UTC
[BTC] 1440 candles
[FILTER] ATR=77.71 (avg=80.29, threshold=64.24)
[FILTER] Vol=0.5052 (avg=7.8779, threshold=4.7268)
[BTC] Last streaks: [1, 1, 1, 2, 1]
[MARKOV] Filtered=769 candles, 58 states
[MARKOV] State=1121, last_dir=DOWN, p̂=0.543 (n=46)
[POLY] YES=0.505, NO=0.495
[SIGNAL] DOWN, p̂=0.543, q=0.505, Δ=0.038 → Low Vol (0.5052 < 4.7268)

✓ #461 p̂=0.543, Signal=False
⏰ Next: 02:32:32
---
=== Wed May 27 02:32:32 UTC 2026 ===
BTC 5m Bot v3 - ATR+Vol Filter
MIN_PROB=0.87, ATR>0.8x avg, Vol>0.6x avg
Cycle 461/50

============================================================
Cycle #462 | 02:32:33 UTC
[BTC] 1440 candles
[FILTER] ATR=79.28 (avg=80.37, threshold=64.30)
[FILTER] Vol=3.4164 (avg=8.0235, threshold=4.8141)
[BTC] Last streaks: [1, 1, 1, 2, 1]
[MARKOV] Filtered=761 candles, 58 states
[MARKOV] State=1121, last_dir=DOWN, p̂=0.543 (n=46)
[POLY] YES=0.505, NO=0.495
[SIGNAL] DOWN, p̂=0.543, q=0.505, Δ=0.038 → Low Vol (3.4164 < 4.8141)

✓ #462 p̂=0.543, Signal=False
⏰ Next: 02:33:56
---
=== Wed May 27 02:33:56 UTC 2026 ===
BTC 5m Bot v3 - ATR+Vol Filter
MIN_PROB=0.87, ATR>0.8x avg, Vol>0.6x avg
Cycle 462/50

============================================================
Cycle #463 | 02:33:56 UTC
[BTC] 1440 candles
[FILTER] ATR=79.53 (avg=80.38, threshold=64.31)
[FILTER] Vol=8.1765 (avg=8.2615, threshold=4.9569)
[BTC] Last streaks: [1, 1, 1, 2, 3]
[MARKOV] Filtered=751 candles, 58 states
[MARKOV] State=1123, last_dir=UP, p̂=0.400 (n=40)
[POLY] YES=0.505, NO=0.495
[SIGNAL] UP, p̂=0.400, q=0.495, Δ=-0.095 → p̂ 0.400 < 0.87

✓ #463 p̂=0.400, Signal=False
⏰ Next: 02:35:20
---
=== Wed May 27 02:35:20 UTC 2026 ===
BTC 5m Bot v3 - ATR+Vol Filter
MIN_PROB=0.87, ATR>0.8x avg, Vol>0.6x avg
Cycle 463/50

============================================================
Cycle #464 | 02:35:21 UTC
[BTC] 1440 candles
[FILTER] ATR=80.06 (avg=81.07, threshold=64.86)
[FILTER] Vol=0.6583 (avg=8.1535, threshold=4.8921)
[BTC] Last streaks: [1, 1, 2, 3, 4]
[MARKOV] Filtered=750 candles, 58 states
[MARKOV] State=1234, last_dir=UP, p̂=0.478 (n=46)
[POLY] YES=0.505, NO=0.495
[SIGNAL] UP, p̂=0.478, q=0.495, Δ=-0.017 → Low Vol (0.6583 < 4.8921)

✓ #464 p̂=0.478, Signal=False
⏰ Next: 02:36:45
---
=== Wed May 27 02:36:45 UTC 2026 ===
BTC 5m Bot v3 - ATR+Vol Filter
MIN_PROB=0.87, ATR>0.8x avg, Vol>0.6x avg
Cycle 464/50

============================================================
Cycle #465 | 02:36:45 UTC
[BTC] 1440 candles
[FILTER] ATR=81.99 (avg=81.17, threshold=64.93)
[FILTER] Vol=1.5472 (avg=8.1980, threshold=4.9188)
[BTC] Last streaks: [1, 1, 2, 3, 1]
[MARKOV] Filtered=745 candles, 58 states
[MARKOV] State=1231, last_dir=DOWN, p̂=0.431 (n=51)
[POLY] YES=0.505, NO=0.495
[SIGNAL] DOWN, p̂=0.431, q=0.505, Δ=-0.074 → Low Vol (1.5472 < 4.9188)

✓ #465 p̂=0.431, Signal=False
⏰ Next: 02:38:09
---
=== Wed May 27 02:38:09 UTC 2026 ===
BTC 5m Bot v3 - ATR+Vol Filter
MIN_PROB=0.87, ATR>0.8x avg, Vol>0.6x avg
Cycle 465/50

============================================================
Cycle #466 | 02:38:09 UTC
[BTC] 1440 candles
[FILTER] ATR=84.16 (avg=81.28, threshold=65.02)
[FILTER] Vol=2.1405 (avg=8.2276, threshold=4.9366)
[BTC] Last streaks: [1, 1, 2, 3, 1]
[MARKOV] Filtered=745 candles, 58 states
[MARKOV] State=1231, last_dir=DOWN, p̂=0.431 (n=51)
[POLY] YES=0.505, NO=0.495
[SIGNAL] DOWN, p̂=0.431, q=0.505, Δ=-0.074 → Low Vol (2.1405 < 4.9366)

✓ #466 p̂=0.431, Signal=False
⏰ Next: 02:39:33
---
=== Wed May 27 02:39:33 UTC 2026 ===
BTC 5m Bot v3 - ATR+Vol Filter
MIN_PROB=0.87, ATR>0.8x avg, Vol>0.6x avg
Cycle 466/50

============================================================
Cycle #467 | 02:39:33 UTC
[BTC] 1440 candles
[FILTER] ATR=85.33 (avg=81.33, threshold=65.07)
[FILTER] Vol=4.1845 (avg=8.3298, threshold=4.9979)
[BTC] Last streaks: [1, 1, 2, 3, 1]
[MARKOV] Filtered=740 candles, 58 states
[MARKOV] State=1231, last_dir=DOWN, p̂=0.431 (n=51)
[POLY] YES=0.505, NO=0.495
[SIGNAL] DOWN, p̂=0.431, q=0.505, Δ=-0.074 → Low Vol (4.1845 < 4.9979)

✓ #467 p̂=0.431, Signal=False
⏰ Next: 02:40:57
---
=== Wed May 27 02:40:57 UTC 2026 ===
BTC 5m Bot v3 - ATR+Vol Filter
MIN_PROB=0.87, ATR>0.8x avg, Vol>0.6x avg
Cycle 467/50

============================================================
Cycle #468 | 02:40:57 UTC
[BTC] 1440 candles
[FILTER] ATR=84.18 (avg=82.06, threshold=65.65)
[FILTER] Vol=0.3695 (avg=7.7237, threshold=4.6342)
[BTC] Last streaks: [1, 2, 3, 1, 1]
[MARKOV] Filtered=754 candles, 58 states
[MARKOV] State=2311, last_dir=UP, p̂=0.632 (n=19)
[POLY] YES=0.505, NO=0.495
[SIGNAL] UP, p̂=0.632, q=0.495, Δ=0.137 → Low Vol (0.3695 < 4.6342)

✓ #468 p̂=0.632, Signal=False
⏰ Next: 02:42:21
---
=== Wed May 27 02:42:21 UTC 2026 ===
BTC 5m Bot v3 - ATR+Vol Filter
MIN_PROB=0.87, ATR>0.8x avg, Vol>0.6x avg
Cycle 468/50

============================================================
Cycle #469 | 02:42:21 UTC
[BTC] 1440 candles
[FILTER] ATR=84.61 (avg=82.08, threshold=65.67)
[FILTER] Vol=2.1834 (avg=7.8144, threshold=4.6887)
[BTC] Last streaks: [1, 2, 3, 1, 1]
[MARKOV] Filtered=751 candles, 58 states
[MARKOV] State=2311, last_dir=UP, p̂=0.632 (n=19)
[POLY] YES=0.505, NO=0.495
[SIGNAL] UP, p̂=0.632, q=0.495, Δ=0.137 → Low Vol (2.1834 < 4.6887)

✓ #469 p̂=0.632, Signal=False
⏰ Next: 02:43:45
---
=== Wed May 27 02:43:45 UTC 2026 ===
BTC 5m Bot v3 - ATR+Vol Filter
MIN_PROB=0.87, ATR>0.8x avg, Vol>0.6x avg
Cycle 469/50

============================================================
Cycle #470 | 02:43:45 UTC
[BTC] 1440 candles
[FILTER] ATR=84.61 (avg=82.08, threshold=65.67)
[FILTER] Vol=3.7716 (avg=7.8938, threshold=4.7363)
[BTC] Last streaks: [1, 2, 3, 1, 1]
[MARKOV] Filtered=748 candles, 58 states
[MARKOV] State=2311, last_dir=UP, p̂=0.632 (n=19)
[POLY] YES=0.505, NO=0.495
[SIGNAL] UP, p̂=0.632, q=0.495, Δ=0.137 → Low Vol (3.7716 < 4.7363)

✓ #470 p̂=0.632, Signal=False
⏰ Next: 02:45:09
---
=== Wed May 27 02:45:09 UTC 2026 ===
BTC 5m Bot v3 - ATR+Vol Filter
MIN_PROB=0.87, ATR>0.8x avg, Vol>0.6x avg
Cycle 470/50

============================================================
Cycle #471 | 02:45:09 UTC
[BTC] 1440 candles
[FILTER] ATR=82.04 (avg=82.44, threshold=65.95)
[FILTER] Vol=0.1169 (avg=7.5560, threshold=4.5336)
[BTC] Last streaks: [2, 3, 1, 1, 2]
[MARKOV] Filtered=750 candles, 58 states
[MARKOV] State=3112, last_dir=UP, p̂=0.143 (n=7)
[POLY] YES=0.505, NO=0.495
[SIGNAL] UP, p̂=0.143, q=0.495, Δ=-0.352 → Low Vol (0.1169 < 4.5336)

✓ #471 p̂=0.143, Signal=False
⏰ Next: 02:46:33
---
=== Wed May 27 02:46:33 UTC 2026 ===
BTC 5m Bot v3 - ATR+Vol Filter
MIN_PROB=0.87, ATR>0.8x avg, Vol>0.6x avg
Cycle 471/50

============================================================
Cycle #472 | 02:46:33 UTC
[BTC] 1440 candles
[FILTER] ATR=82.26 (avg=82.45, threshold=65.96)
[FILTER] Vol=0.2497 (avg=7.5627, threshold=4.5376)
[BTC] Last streaks: [2, 3, 1, 1, 2]
[MARKOV] Filtered=750 candles, 58 states
[MARKOV] State=3112, last_dir=UP, p̂=0.143 (n=7)
[POLY] YES=0.505, NO=0.495
[SIGNAL] UP, p̂=0.143, q=0.495, Δ=-0.352 → Low Vol (0.2497 < 4.5376)

✓ #472 p̂=0.143, Signal=False
⏰ Next: 02:47:57
---
=== Wed May 27 02:47:57 UTC 2026 ===
BTC 5m Bot v3 - ATR+Vol Filter
MIN_PROB=0.87, ATR>0.8x avg, Vol>0.6x avg
Cycle 472/50

============================================================
Cycle #473 | 02:47:57 UTC
[BTC] 1440 candles
[FILTER] ATR=85.16 (avg=82.59, threshold=66.08)
[FILTER] Vol=1.1752 (avg=7.6089, threshold=4.5654)
[BTC] Last streaks: [2, 3, 1, 1, 2]
[MARKOV] Filtered=749 candles, 58 states
[MARKOV] State=3112, last_dir=UP, p̂=0.143 (n=7)
[POLY] YES=0.505, NO=0.495
[SIGNAL] UP, p̂=0.143, q=0.495, Δ=-0.352 → Low Vol (1.1752 < 4.5654)

✓ #473 p̂=0.143, Signal=False
⏰ Next: 02:49:20
---
=== Wed May 27 02:49:21 UTC 2026 ===
BTC 5m Bot v3 - ATR+Vol Filter
MIN_PROB=0.87, ATR>0.8x avg, Vol>0.6x avg
Cycle 473/50

============================================================
Cycle #474 | 02:49:21 UTC
[BTC] 1440 candles
[FILTER] ATR=85.39 (avg=82.61, threshold=66.08)
[FILTER] Vol=2.1315 (avg=7.6568, threshold=4.5941)
[BTC] Last streaks: [2, 3, 1, 1, 2]
[MARKOV] Filtered=746 candles, 58 states
[MARKOV] State=3112, last_dir=UP, p̂=0.143 (n=7)
[POLY] YES=0.505, NO=0.495
[SIGNAL] UP, p̂=0.143, q=0.495, Δ=-0.352 → Low Vol (2.1315 < 4.5941)

✓ #474 p̂=0.143, Signal=False
⏰ Next: 02:50:45
---
=== Wed May 27 02:50:45 UTC 2026 ===
BTC 5m Bot v3 - ATR+Vol Filter
MIN_PROB=0.87, ATR>0.8x avg, Vol>0.6x avg
Cycle 474/50

============================================================
Cycle #475 | 02:50:45 UTC
[BTC] 1440 candles
[FILTER] ATR=80.25 (avg=82.96, threshold=66.37)
[FILTER] Vol=0.3586 (avg=7.2080, threshold=4.3248)
[BTC] Last streaks: [3, 1, 1, 2, 3]
[MARKOV] Filtered=753 candles, 58 states
[MARKOV] State=1123, last_dir=UP, p̂=0.390 (n=41)
[POLY] YES=0.505, NO=0.495
[SIGNAL] UP, p̂=0.390, q=0.495, Δ=-0.105 → Low Vol (0.3586 < 4.3248)

✓ #475 p̂=0.390, Signal=False
⏰ Next: 02:52:08
---
=== Wed May 27 02:52:08 UTC 2026 ===
BTC 5m Bot v3 - ATR+Vol Filter
MIN_PROB=0.87, ATR>0.8x avg, Vol>0.6x avg
Cycle 475/50

============================================================
Cycle #476 | 02:52:09 UTC
[BTC] 1440 candles
[FILTER] ATR=81.76 (avg=83.04, threshold=66.43)
[FILTER] Vol=1.0869 (avg=7.2444, threshold=4.3467)
[BTC] Last streaks: [3, 1, 1, 2, 3]
[MARKOV] Filtered=750 candles, 58 states
[MARKOV] State=1123, last_dir=UP, p̂=0.375 (n=40)
[POLY] YES=0.505, NO=0.495
[SIGNAL] UP, p̂=0.375, q=0.495, Δ=-0.120 → Low Vol (1.0869 < 4.3467)

✓ #476 p̂=0.375, Signal=False
⏰ Next: 02:53:32
---
=== Wed May 27 02:53:32 UTC 2026 ===
BTC 5m Bot v3 - ATR+Vol Filter
MIN_PROB=0.87, ATR>0.8x avg, Vol>0.6x avg
Cycle 476/50

============================================================
Cycle #477 | 02:53:33 UTC
[BTC] 1440 candles
[FILTER] ATR=83.96 (avg=83.15, threshold=66.52)
[FILTER] Vol=2.0590 (avg=7.2930, threshold=4.3758)
[BTC] Last streaks: [3, 1, 1, 2, 3]
[MARKOV] Filtered=743 candles, 58 states
[MARKOV] State=1123, last_dir=UP, p̂=0.385 (n=39)
[POLY] YES=0.505, NO=0.495
[SIGNAL] UP, p̂=0.385, q=0.495, Δ=-0.110 → Low Vol (2.0590 < 4.3758)

✓ #477 p̂=0.385, Signal=False
⏰ Next: 02:54:56
---
=== Wed May 27 02:54:56 UTC 2026 ===
BTC 5m Bot v3 - ATR+Vol Filter
MIN_PROB=0.87, ATR>0.8x avg, Vol>0.6x avg
Cycle 477/50

============================================================
Cycle #478 | 02:54:56 UTC
[BTC] 1440 candles
[FILTER] ATR=84.42 (avg=83.17, threshold=66.54)
[FILTER] Vol=2.9261 (avg=7.3364, threshold=4.4018)
[BTC] Last streaks: [3, 1, 1, 2, 3]
[MARKOV] Filtered=739 candles, 58 states
[MARKOV] State=1123, last_dir=UP, p̂=0.385 (n=39)
[POLY] YES=0.505, NO=0.495
[SIGNAL] UP, p̂=0.385, q=0.495, Δ=-0.110 → Low Vol (2.9261 < 4.4018)

✓ #478 p̂=0.385, Signal=False
⏰ Next: 02:56:20
---
=== Wed May 27 02:56:20 UTC 2026 ===
BTC 5m Bot v3 - ATR+Vol Filter
MIN_PROB=0.87, ATR>0.8x avg, Vol>0.6x avg
Cycle 478/50

============================================================
Cycle #479 | 02:56:20 UTC
[BTC] 1440 candles
[FILTER] ATR=75.46 (avg=82.87, threshold=66.30)
[FILTER] Vol=0.4533 (avg=6.8690, threshold=4.1214)
[BTC] Last streaks: [1, 1, 2, 3, 4]
[MARKOV] Filtered=768 candles, 58 states
[MARKOV] State=1234, last_dir=UP, p̂=0.442 (n=43)
[POLY] YES=0.505, NO=0.495
[SIGNAL] UP, p̂=0.442, q=0.495, Δ=-0.053 → Low Vol (0.4533 < 4.1214)

✓ #479 p̂=0.442, Signal=False
⏰ Next: 02:57:44
---
=== Wed May 27 12:45:41 UTC 2026 ===
Traceback (most recent call last):
  File "/home/node/.openclaw/workspace/btc_5m_bot.py", line 14, in <module>
    import httpx
ModuleNotFoundError: No module named 'httpx'
---
=== Wed May 27 12:47:02 UTC 2026 ===
Traceback (most recent call last):
  File "/home/node/.openclaw/workspace/btc_5m_bot.py", line 14, in <module>
    import httpx
ModuleNotFoundError: No module named 'httpx'
---
=== Wed May 27 12:48:23 UTC 2026 ===
Traceback (most recent call last):
  File "/home/node/.openclaw/workspace/btc_5m_bot.py", line 14, in <module>
    import httpx
ModuleNotFoundError: No module named 'httpx'
---
=== Wed May 27 12:49:45 UTC 2026 ===
Traceback (most recent call last):
  File "/home/node/.openclaw/workspace/btc_5m_bot.py", line 14, in <module>
    import httpx
ModuleNotFoundError: No module named 'httpx'
---
=== Wed May 27 12:51:06 UTC 2026 ===
Traceback (most recent call last):
  File "/home/node/.openclaw/workspace/btc_5m_bot.py", line 14, in <module>
    import httpx
ModuleNotFoundError: No module named 'httpx'
---
=== Wed May 27 12:52:27 UTC 2026 ===
Traceback (most recent call last):
  File "/home/node/.openclaw/workspace/btc_5m_bot.py", line 14, in <module>
    import httpx
ModuleNotFoundError: No module named 'httpx'
---
=== Wed May 27 12:53:48 UTC 2026 ===
Traceback (most recent call last):
  File "/home/node/.openclaw/workspace/btc_5m_bot.py", line 14, in <module>
    import httpx
ModuleNotFoundError: No module named 'httpx'
---
=== Wed May 27 12:55:09 UTC 2026 ===
Traceback (most recent call last):
  File "/home/node/.openclaw/workspace/btc_5m_bot.py", line 14, in <module>
    import httpx
ModuleNotFoundError: No module named 'httpx'
---
=== Wed May 27 12:56:30 UTC 2026 ===
Traceback (most recent call last):
  File "/home/node/.openclaw/workspace/btc_5m_bot.py", line 14, in <module>
    import httpx
ModuleNotFoundError: No module named 'httpx'
---
=== Wed May 27 12:57:51 UTC 2026 ===
Traceback (most recent call last):
  File "/home/node/.openclaw/workspace/btc_5m_bot.py", line 14, in <module>
    import httpx
ModuleNotFoundError: No module named 'httpx'
---
=== Wed May 27 12:59:12 UTC 2026 ===
Traceback (most recent call last):
  File "/home/node/.openclaw/workspace/btc_5m_bot.py", line 14, in <module>
    import httpx
ModuleNotFoundError: No module named 'httpx'
---
=== Wed May 27 13:00:33 UTC 2026 ===
Traceback (most recent call last):
  File "/home/node/.openclaw/workspace/btc_5m_bot.py", line 14, in <module>
    import httpx
ModuleNotFoundError: No module named 'httpx'
---
=== Wed May 27 13:01:54 UTC 2026 ===
Traceback (most recent call last):
  File "/home/node/.openclaw/workspace/btc_5m_bot.py", line 14, in <module>
    import httpx
ModuleNotFoundError: No module named 'httpx'
---
=== Wed May 27 13:03:15 UTC 2026 ===
Traceback (most recent call last):
  File "/home/node/.openclaw/workspace/btc_5m_bot.py", line 14, in <module>
    import httpx
ModuleNotFoundError: No module named 'httpx'
---
=== Wed May 27 13:04:36 UTC 2026 ===
Traceback (most recent call last):
  File "/home/node/.openclaw/workspace/btc_5m_bot.py", line 14, in <module>
    import httpx
ModuleNotFoundError: No module named 'httpx'
---
=== Wed May 27 13:05:58 UTC 2026 ===
Traceback (most recent call last):
  File "/home/node/.openclaw/workspace/btc_5m_bot.py", line 14, in <module>
    import httpx
ModuleNotFoundError: No module named 'httpx'
---
=== Wed May 27 13:07:19 UTC 2026 ===
Traceback (most recent call last):
  File "/home/node/.openclaw/workspace/btc_5m_bot.py", line 14, in <module>
    import httpx
ModuleNotFoundError: No module named 'httpx'
---
=== Wed May 27 13:08:40 UTC 2026 ===
Traceback (most recent call last):
  File "/home/node/.openclaw/workspace/btc_5m_bot.py", line 14, in <module>
    import httpx
ModuleNotFoundError: No module named 'httpx'
---
=== Wed May 27 13:10:01 UTC 2026 ===
Traceback (most recent call last):
  File "/home/node/.openclaw/workspace/btc_5m_bot.py", line 14, in <module>
    import httpx
ModuleNotFoundError: No module named 'httpx'
---
=== Wed May 27 13:11:22 UTC 2026 ===
Traceback (most recent call last):
  File "/home/node/.openclaw/workspace/btc_5m_bot.py", line 14, in <module>
    import httpx
ModuleNotFoundError: No module named 'httpx'
---
=== Wed May 27 13:12:43 UTC 2026 ===
Traceback (most recent call last):
  File "/home/node/.openclaw/workspace/btc_5m_bot.py", line 14, in <module>
    import httpx
ModuleNotFoundError: No module named 'httpx'
---
=== Wed May 27 13:14:04 UTC 2026 ===
Traceback (most recent call last):
  File "/home/node/.openclaw/workspace/btc_5m_bot.py", line 14, in <module>
    import httpx
ModuleNotFoundError: No module named 'httpx'
---
=== Wed May 27 13:15:25 UTC 2026 ===
Traceback (most recent call last):
  File "/home/node/.openclaw/workspace/btc_5m_bot.py", line 14, in <module>
    import httpx
ModuleNotFoundError: No module named 'httpx'
---
=== Wed May 27 13:16:46 UTC 2026 ===
Traceback (most recent call last):
  File "/home/node/.openclaw/workspace/btc_5m_bot.py", line 14, in <module>
    import httpx
ModuleNotFoundError: No module named 'httpx'
---
=== Wed May 27 13:18:07 UTC 2026 ===
Traceback (most recent call last):
  File "/home/node/.openclaw/workspace/btc_5m_bot.py", line 14, in <module>
    import httpx
ModuleNotFoundError: No module named 'httpx'
---
=== Wed May 27 13:19:28 UTC 2026 ===
Traceback (most recent call last):
  File "/home/node/.openclaw/workspace/btc_5m_bot.py", line 14, in <module>
    import httpx
ModuleNotFoundError: No module named 'httpx'
---
=== Wed May 27 13:20:49 UTC 2026 ===
Traceback (most recent call last):
  File "/home/node/.openclaw/workspace/btc_5m_bot.py", line 14, in <module>
    import httpx
ModuleNotFoundError: No module named 'httpx'
---
=== Wed May 27 13:22:11 UTC 2026 ===
Traceback (most recent call last):
  File "/home/node/.openclaw/workspace/btc_5m_bot.py", line 14, in <module>
    import httpx
ModuleNotFoundError: No module named 'httpx'
---
=== Wed May 27 13:23:32 UTC 2026 ===
Traceback (most recent call last):
  File "/home/node/.openclaw/workspace/btc_5m_bot.py", line 14, in <module>
    import httpx
ModuleNotFoundError: No module named 'httpx'
---
=== Wed May 27 13:24:53 UTC 2026 ===
Traceback (most recent call last):
  File "/home/node/.openclaw/workspace/btc_5m_bot.py", line 14, in <module>
    import httpx
ModuleNotFoundError: No module named 'httpx'
---
=== Wed May 27 13:26:14 UTC 2026 ===
Traceback (most recent call last):
  File "/home/node/.openclaw/workspace/btc_5m_bot.py", line 14, in <module>
    import httpx
ModuleNotFoundError: No module named 'httpx'
---
=== Wed May 27 13:27:35 UTC 2026 ===
Traceback (most recent call last):
  File "/home/node/.openclaw/workspace/btc_5m_bot.py", line 14, in <module>
    import httpx
ModuleNotFoundError: No module named 'httpx'
---
=== Wed May 27 13:28:56 UTC 2026 ===
Traceback (most recent call last):
  File "/home/node/.openclaw/workspace/btc_5m_bot.py", line 14, in <module>
    import httpx
ModuleNotFoundError: No module named 'httpx'
---
=== Wed May 27 13:30:17 UTC 2026 ===
Traceback (most recent call last):
  File "/home/node/.openclaw/workspace/btc_5m_bot.py", line 14, in <module>
    import httpx
ModuleNotFoundError: No module named 'httpx'
---
=== Wed May 27 13:31:38 UTC 2026 ===
Traceback (most recent call last):
  File "/home/node/.openclaw/workspace/btc_5m_bot.py", line 14, in <module>
    import httpx
ModuleNotFoundError: No module named 'httpx'
---
=== Wed May 27 13:32:59 UTC 2026 ===
Traceback (most recent call last):
  File "/home/node/.openclaw/workspace/btc_5m_bot.py", line 14, in <module>
    import httpx
ModuleNotFoundError: No module named 'httpx'
---
=== Wed May 27 13:34:20 UTC 2026 ===
Traceback (most recent call last):
  File "/home/node/.openclaw/workspace/btc_5m_bot.py", line 14, in <module>
    import httpx
ModuleNotFoundError: No module named 'httpx'
---
=== Wed May 27 13:35:41 UTC 2026 ===
Traceback (most recent call last):
  File "/home/node/.openclaw/workspace/btc_5m_bot.py", line 14, in <module>
    import httpx
ModuleNotFoundError: No module named 'httpx'
---
=== Wed May 27 13:37:03 UTC 2026 ===
Traceback (most recent call last):
  File "/home/node/.openclaw/workspace/btc_5m_bot.py", line 14, in <module>
    import httpx
ModuleNotFoundError: No module named 'httpx'
---
=== Wed May 27 13:38:24 UTC 2026 ===
Traceback (most recent call last):
  File "/home/node/.openclaw/workspace/btc_5m_bot.py", line 14, in <module>
    import httpx
ModuleNotFoundError: No module named 'httpx'
---
=== Wed May 27 13:39:45 UTC 2026 ===
Traceback (most recent call last):
  File "/home/node/.openclaw/workspace/btc_5m_bot.py", line 14, in <module>
    import httpx
ModuleNotFoundError: No module named 'httpx'
---
=== Wed May 27 13:41:06 UTC 2026 ===
Traceback (most recent call last):
  File "/home/node/.openclaw/workspace/btc_5m_bot.py", line 14, in <module>
    import httpx
ModuleNotFoundError: No module named 'httpx'
---
=== Wed May 27 13:42:27 UTC 2026 ===
Traceback (most recent call last):
  File "/home/node/.openclaw/workspace/btc_5m_bot.py", line 14, in <module>
    import httpx
ModuleNotFoundError: No module named 'httpx'
---
=== Wed May 27 13:43:48 UTC 2026 ===
Traceback (most recent call last):
  File "/home/node/.openclaw/workspace/btc_5m_bot.py", line 14, in <module>
    import httpx
ModuleNotFoundError: No module named 'httpx'
---
=== Wed May 27 13:45:09 UTC 2026 ===
Traceback (most recent call last):
  File "/home/node/.openclaw/workspace/btc_5m_bot.py", line 14, in <module>
    import httpx
ModuleNotFoundError: No module named 'httpx'
---
=== Wed May 27 13:46:30 UTC 2026 ===
Traceback (most recent call last):
  File "/home/node/.openclaw/workspace/btc_5m_bot.py", line 14, in <module>
    import httpx
ModuleNotFoundError: No module named 'httpx'
---
=== Wed May 27 13:47:51 UTC 2026 ===
Traceback (most recent call last):
  File "/home/node/.openclaw/workspace/btc_5m_bot.py", line 14, in <module>
    import httpx
ModuleNotFoundError: No module named 'httpx'
---
=== Wed May 27 13:49:12 UTC 2026 ===
Traceback (most recent call last):
  File "/home/node/.openclaw/workspace/btc_5m_bot.py", line 14, in <module>
    import httpx
ModuleNotFoundError: No module named 'httpx'
---
=== Wed May 27 13:50:33 UTC 2026 ===
Traceback (most recent call last):
  File "/home/node/.openclaw/workspace/btc_5m_bot.py", line 14, in <module>
    import httpx
ModuleNotFoundError: No module named 'httpx'
---
=== Wed May 27 13:51:54 UTC 2026 ===
Traceback (most recent call last):
  File "/home/node/.openclaw/workspace/btc_5m_bot.py", line 14, in <module>
    import httpx
ModuleNotFoundError: No module named 'httpx'
---
=== Wed May 27 13:53:16 UTC 2026 ===
Traceback (most recent call last):
  File "/home/node/.openclaw/workspace/btc_5m_bot.py", line 14, in <module>
    import httpx
ModuleNotFoundError: No module named 'httpx'
---
=== Wed May 27 13:54:37 UTC 2026 ===
Traceback (most recent call last):
  File "/home/node/.openclaw/workspace/btc_5m_bot.py", line 14, in <module>
    import httpx
ModuleNotFoundError: No module named 'httpx'
---
=== Wed May 27 13:55:58 UTC 2026 ===
Traceback (most recent call last):
  File "/home/node/.openclaw/workspace/btc_5m_bot.py", line 14, in <module>
    import httpx
ModuleNotFoundError: No module named 'httpx'
---
=== Wed May 27 13:57:19 UTC 2026 ===
Traceback (most recent call last):
  File "/home/node/.openclaw/workspace/btc_5m_bot.py", line 14, in <module>
    import httpx
ModuleNotFoundError: No module named 'httpx'
---
=== Wed May 27 13:58:40 UTC 2026 ===
Traceback (most recent call last):
  File "/home/node/.openclaw/workspace/btc_5m_bot.py", line 14, in <module>
    import httpx
ModuleNotFoundError: No module named 'httpx'
---
=== Wed May 27 14:00:01 UTC 2026 ===
Traceback (most recent call last):
  File "/home/node/.openclaw/workspace/btc_5m_bot.py", line 14, in <module>
    import httpx
ModuleNotFoundError: No module named 'httpx'
---
=== Wed May 27 14:01:22 UTC 2026 ===
Traceback (most recent call last):
  File "/home/node/.openclaw/workspace/btc_5m_bot.py", line 14, in <module>
    import httpx
ModuleNotFoundError: No module named 'httpx'
---
=== Wed May 27 14:02:43 UTC 2026 ===
Traceback (most recent call last):
  File "/home/node/.openclaw/workspace/btc_5m_bot.py", line 14, in <module>
    import httpx
ModuleNotFoundError: No module named 'httpx'
---
=== Wed May 27 14:04:04 UTC 2026 ===
Traceback (most recent call last):
  File "/home/node/.openclaw/workspace/btc_5m_bot.py", line 14, in <module>
    import httpx
ModuleNotFoundError: No module named 'httpx'
---
=== Wed May 27 14:05:25 UTC 2026 ===
Traceback (most recent call last):
  File "/home/node/.openclaw/workspace/btc_5m_bot.py", line 14, in <module>
    import httpx
ModuleNotFoundError: No module named 'httpx'
---
=== Wed May 27 14:06:46 UTC 2026 ===
Traceback (most recent call last):
  File "/home/node/.openclaw/workspace/btc_5m_bot.py", line 14, in <module>
    import httpx
ModuleNotFoundError: No module named 'httpx'
---
=== Wed May 27 14:08:07 UTC 2026 ===
Traceback (most recent call last):
  File "/home/node/.openclaw/workspace/btc_5m_bot.py", line 14, in <module>
    import httpx
ModuleNotFoundError: No module named 'httpx'
---
=== Wed May 27 14:09:29 UTC 2026 ===
Traceback (most recent call last):
  File "/home/node/.openclaw/workspace/btc_5m_bot.py", line 14, in <module>
    import httpx
ModuleNotFoundError: No module named 'httpx'
---
=== Wed May 27 14:10:50 UTC 2026 ===
Traceback (most recent call last):
  File "/home/node/.openclaw/workspace/btc_5m_bot.py", line 14, in <module>
    import httpx
ModuleNotFoundError: No module named 'httpx'
---
=== Wed May 27 14:12:11 UTC 2026 ===
Traceback (most recent call last):
  File "/home/node/.openclaw/workspace/btc_5m_bot.py", line 14, in <module>
    import httpx
ModuleNotFoundError: No module named 'httpx'
---
=== Wed May 27 14:13:32 UTC 2026 ===
Traceback (most recent call last):
  File "/home/node/.openclaw/workspace/btc_5m_bot.py", line 14, in <module>
    import httpx
ModuleNotFoundError: No module named 'httpx'
---
=== Wed May 27 14:14:53 UTC 2026 ===
Traceback (most recent call last):
  File "/home/node/.openclaw/workspace/btc_5m_bot.py", line 14, in <module>
    import httpx
ModuleNotFoundError: No module named 'httpx'
---
=== Wed May 27 14:16:14 UTC 2026 ===
Traceback (most recent call last):
  File "/home/node/.openclaw/workspace/btc_5m_bot.py", line 14, in <module>
    import httpx
ModuleNotFoundError: No module named 'httpx'
---
=== Wed May 27 14:17:35 UTC 2026 ===
Traceback (most recent call last):
  File "/home/node/.openclaw/workspace/btc_5m_bot.py", line 14, in <module>
    import httpx
ModuleNotFoundError: No module named 'httpx'
---
=== Wed May 27 14:18:56 UTC 2026 ===
Traceback (most recent call last):
  File "/home/node/.openclaw/workspace/btc_5m_bot.py", line 14, in <module>
    import httpx
ModuleNotFoundError: No module named 'httpx'
---
=== Wed May 27 14:20:17 UTC 2026 ===
Traceback (most recent call last):
  File "/home/node/.openclaw/workspace/btc_5m_bot.py", line 14, in <module>
    import httpx
ModuleNotFoundError: No module named 'httpx'
---
=== Wed May 27 14:21:38 UTC 2026 ===
Traceback (most recent call last):
  File "/home/node/.openclaw/workspace/btc_5m_bot.py", line 14, in <module>
    import httpx
ModuleNotFoundError: No module named 'httpx'
---
=== Wed May 27 14:22:59 UTC 2026 ===
Traceback (most recent call last):
  File "/home/node/.openclaw/workspace/btc_5m_bot.py", line 14, in <module>
    import httpx
ModuleNotFoundError: No module named 'httpx'
---
=== Wed May 27 14:24:21 UTC 2026 ===
Traceback (most recent call last):
  File "/home/node/.openclaw/workspace/btc_5m_bot.py", line 14, in <module>
    import httpx
ModuleNotFoundError: No module named 'httpx'
---
=== Wed May 27 14:25:42 UTC 2026 ===
Traceback (most recent call last):
  File "/home/node/.openclaw/workspace/btc_5m_bot.py", line 14, in <module>
    import httpx
ModuleNotFoundError: No module named 'httpx'
---
=== Wed May 27 14:27:03 UTC 2026 ===
Traceback (most recent call last):
  File "/home/node/.openclaw/workspace/btc_5m_bot.py", line 14, in <module>
    import httpx
ModuleNotFoundError: No module named 'httpx'
---
=== Wed May 27 14:28:24 UTC 2026 ===
Traceback (most recent call last):
  File "/home/node/.openclaw/workspace/btc_5m_bot.py", line 14, in <module>
    import httpx
ModuleNotFoundError: No module named 'httpx'
---
=== Wed May 27 14:29:45 UTC 2026 ===
Traceback (most recent call last):
  File "/home/node/.openclaw/workspace/btc_5m_bot.py", line 14, in <module>
    import httpx
ModuleNotFoundError: No module named 'httpx'
---
=== Wed May 27 14:31:06 UTC 2026 ===
Traceback (most recent call last):
  File "/home/node/.openclaw/workspace/btc_5m_bot.py", line 14, in <module>
    import httpx
ModuleNotFoundError: No module named 'httpx'
---
=== Wed May 27 14:32:27 UTC 2026 ===
Traceback (most recent call last):
  File "/home/node/.openclaw/workspace/btc_5m_bot.py", line 14, in <module>
    import httpx
ModuleNotFoundError: No module named 'httpx'
---
=== Wed May 27 14:33:48 UTC 2026 ===
Traceback (most recent call last):
  File "/home/node/.openclaw/workspace/btc_5m_bot.py", line 14, in <module>
    import httpx
ModuleNotFoundError: No module named 'httpx'
---
=== Wed May 27 14:35:09 UTC 2026 ===
Traceback (most recent call last):
  File "/home/node/.openclaw/workspace/btc_5m_bot.py", line 14, in <module>
    import httpx
ModuleNotFoundError: No module named 'httpx'
---
=== Wed May 27 14:36:30 UTC 2026 ===
Traceback (most recent call last):
  File "/home/node/.openclaw/workspace/btc_5m_bot.py", line 14, in <module>
    import httpx
ModuleNotFoundError: No module named 'httpx'
---
=== Wed May 27 14:37:51 UTC 2026 ===
Traceback (most recent call last):
  File "/home/node/.openclaw/workspace/btc_5m_bot.py", line 14, in <module>
    import httpx
ModuleNotFoundError: No module named 'httpx'
---
=== Wed May 27 14:39:12 UTC 2026 ===
Traceback (most recent call last):
  File "/home/node/.openclaw/workspace/btc_5m_bot.py", line 14, in <module>
    import httpx
ModuleNotFoundError: No module named 'httpx'
---
=== Wed May 27 14:40:33 UTC 2026 ===
Traceback (most recent call last):
  File "/home/node/.openclaw/workspace/btc_5m_bot.py", line 14, in <module>
    import httpx
ModuleNotFoundError: No module named 'httpx'
---
=== Wed May 27 14:41:55 UTC 2026 ===
Traceback (most recent call last):
  File "/home/node/.openclaw/workspace/btc_5m_bot.py", line 14, in <module>
    import httpx
ModuleNotFoundError: No module named 'httpx'
---
=== Wed May 27 14:43:16 UTC 2026 ===
Traceback (most recent call last):
  File "/home/node/.openclaw/workspace/btc_5m_bot.py", line 14, in <module>
    import httpx
ModuleNotFoundError: No module named 'httpx'
---
=== Wed May 27 14:44:37 UTC 2026 ===
Traceback (most recent call last):
  File "/home/node/.openclaw/workspace/btc_5m_bot.py", line 14, in <module>
    import httpx
ModuleNotFoundError: No module named 'httpx'
---
=== Wed May 27 14:45:58 UTC 2026 ===
Traceback (most recent call last):
  File "/home/node/.openclaw/workspace/btc_5m_bot.py", line 14, in <module>
    import httpx
ModuleNotFoundError: No module named 'httpx'
---
=== Wed May 27 14:47:19 UTC 2026 ===
Traceback (most recent call last):
  File "/home/node/.openclaw/workspace/btc_5m_bot.py", line 14, in <module>
    import httpx
ModuleNotFoundError: No module named 'httpx'
---
=== Wed May 27 14:48:40 UTC 2026 ===
Traceback (most recent call last):
  File "/home/node/.openclaw/workspace/btc_5m_bot.py", line 14, in <module>
    import httpx
ModuleNotFoundError: No module named 'httpx'
---
=== Wed May 27 14:50:01 UTC 2026 ===
Traceback (most recent call last):
  File "/home/node/.openclaw/workspace/btc_5m_bot.py", line 14, in <module>
    import httpx
ModuleNotFoundError: No module named 'httpx'
---
=== Wed May 27 14:51:22 UTC 2026 ===
Traceback (most recent call last):
  File "/home/node/.openclaw/workspace/btc_5m_bot.py", line 14, in <module>
    import httpx
ModuleNotFoundError: No module named 'httpx'
---
=== Wed May 27 14:52:43 UTC 2026 ===
Traceback (most recent call last):
  File "/home/node/.openclaw/workspace/btc_5m_bot.py", line 14, in <module>
    import httpx
ModuleNotFoundError: No module named 'httpx'
---
=== Wed May 27 14:54:04 UTC 2026 ===
Traceback (most recent call last):
  File "/home/node/.openclaw/workspace/btc_5m_bot.py", line 14, in <module>
    import httpx
ModuleNotFoundError: No module named 'httpx'
---
=== Wed May 27 14:55:25 UTC 2026 ===
Traceback (most recent call last):
  File "/home/node/.openclaw/workspace/btc_5m_bot.py", line 14, in <module>
    import httpx
ModuleNotFoundError: No module named 'httpx'
---
=== Wed May 27 14:56:46 UTC 2026 ===
Traceback (most recent call last):
  File "/home/node/.openclaw/workspace/btc_5m_bot.py", line 14, in <module>
    import httpx
ModuleNotFoundError: No module named 'httpx'
---
=== Wed May 27 14:58:08 UTC 2026 ===
Traceback (most recent call last):
  File "/home/node/.openclaw/workspace/btc_5m_bot.py", line 14, in <module>
    import httpx
ModuleNotFoundError: No module named 'httpx'
---
=== Wed May 27 14:59:29 UTC 2026 ===
Traceback (most recent call last):
  File "/home/node/.openclaw/workspace/btc_5m_bot.py", line 14, in <module>
    import httpx
ModuleNotFoundError: No module named 'httpx'
---
=== Wed May 27 15:00:50 UTC 2026 ===
Traceback (most recent call last):
  File "/home/node/.openclaw/workspace/btc_5m_bot.py", line 14, in <module>
    import httpx
ModuleNotFoundError: No module named 'httpx'
---
=== Wed May 27 15:02:11 UTC 2026 ===
Traceback (most recent call last):
  File "/home/node/.openclaw/workspace/btc_5m_bot.py", line 14, in <module>
    import httpx
ModuleNotFoundError: No module named 'httpx'
---
=== Wed May 27 15:03:32 UTC 2026 ===
Traceback (most recent call last):
  File "/home/node/.openclaw/workspace/btc_5m_bot.py", line 14, in <module>
    import httpx
ModuleNotFoundError: No module named 'httpx'
---
=== Wed May 27 15:04:53 UTC 2026 ===
Traceback (most recent call last):
  File "/home/node/.openclaw/workspace/btc_5m_bot.py", line 14, in <module>
    import httpx
ModuleNotFoundError: No module named 'httpx'
---
=== Wed May 27 15:06:14 UTC 2026 ===
Traceback (most recent call last):
  File "/home/node/.openclaw/workspace/btc_5m_bot.py", line 14, in <module>
    import httpx
ModuleNotFoundError: No module named 'httpx'
---
=== Wed May 27 15:07:35 UTC 2026 ===
Traceback (most recent call last):
  File "/home/node/.openclaw/workspace/btc_5m_bot.py", line 14, in <module>
    import httpx
ModuleNotFoundError: No module named 'httpx'
---
=== Wed May 27 15:08:56 UTC 2026 ===
Traceback (most recent call last):
  File "/home/node/.openclaw/workspace/btc_5m_bot.py", line 14, in <module>
    import httpx
ModuleNotFoundError: No module named 'httpx'
---
=== Wed May 27 15:10:17 UTC 2026 ===
Traceback (most recent call last):
  File "/home/node/.openclaw/workspace/btc_5m_bot.py", line 14, in <module>
    import httpx
ModuleNotFoundError: No module named 'httpx'
---
=== Wed May 27 15:11:38 UTC 2026 ===
Traceback (most recent call last):
  File "/home/node/.openclaw/workspace/btc_5m_bot.py", line 14, in <module>
    import httpx
ModuleNotFoundError: No module named 'httpx'
---
=== Wed May 27 15:12:59 UTC 2026 ===
Traceback (most recent call last):
  File "/home/node/.openclaw/workspace/btc_5m_bot.py", line 14, in <module>
    import httpx
ModuleNotFoundError: No module named 'httpx'
---
=== Wed May 27 15:14:21 UTC 2026 ===
Traceback (most recent call last):
  File "/home/node/.openclaw/workspace/btc_5m_bot.py", line 14, in <module>
    import httpx
ModuleNotFoundError: No module named 'httpx'
---
=== Wed May 27 15:15:42 UTC 2026 ===
Traceback (most recent call last):
  File "/home/node/.openclaw/workspace/btc_5m_bot.py", line 14, in <module>
    import httpx
ModuleNotFoundError: No module named 'httpx'
---
=== Wed May 27 15:17:03 UTC 2026 ===
Traceback (most recent call last):
  File "/home/node/.openclaw/workspace/btc_5m_bot.py", line 14, in <module>
    import httpx
ModuleNotFoundError: No module named 'httpx'
---
=== Wed May 27 15:18:24 UTC 2026 ===
Traceback (most recent call last):
  File "/home/node/.openclaw/workspace/btc_5m_bot.py", line 14, in <module>
    import httpx
ModuleNotFoundError: No module named 'httpx'
---
=== Wed May 27 15:19:45 UTC 2026 ===
Traceback (most recent call last):
  File "/home/node/.openclaw/workspace/btc_5m_bot.py", line 14, in <module>
    import httpx
ModuleNotFoundError: No module named 'httpx'
---
=== Wed May 27 15:21:06 UTC 2026 ===
Traceback (most recent call last):
  File "/home/node/.openclaw/workspace/btc_5m_bot.py", line 14, in <module>
    import httpx
ModuleNotFoundError: No module named 'httpx'
---
=== Wed May 27 15:22:27 UTC 2026 ===
Traceback (most recent call last):
  File "/home/node/.openclaw/workspace/btc_5m_bot.py", line 14, in <module>
    import httpx
ModuleNotFoundError: No module named 'httpx'
---
=== Wed May 27 15:23:48 UTC 2026 ===
Traceback (most recent call last):
  File "/home/node/.openclaw/workspace/btc_5m_bot.py", line 14, in <module>
    import httpx
ModuleNotFoundError: No module named 'httpx'
---
=== Wed May 27 15:25:09 UTC 2026 ===
Traceback (most recent call last):
  File "/home/node/.openclaw/workspace/btc_5m_bot.py", line 14, in <module>
    import httpx
ModuleNotFoundError: No module named 'httpx'
---
=== Wed May 27 15:26:30 UTC 2026 ===
Traceback (most recent call last):
  File "/home/node/.openclaw/workspace/btc_5m_bot.py", line 14, in <module>
    import httpx
ModuleNotFoundError: No module named 'httpx'
---
=== Wed May 27 15:27:51 UTC 2026 ===
Traceback (most recent call last):
  File "/home/node/.openclaw/workspace/btc_5m_bot.py", line 14, in <module>
    import httpx
ModuleNotFoundError: No module named 'httpx'
---
=== Wed May 27 15:29:12 UTC 2026 ===
Traceback (most recent call last):
  File "/home/node/.openclaw/workspace/btc_5m_bot.py", line 14, in <module>
    import httpx
ModuleNotFoundError: No module named 'httpx'
---
=== Wed May 27 15:30:34 UTC 2026 ===
Traceback (most recent call last):
  File "/home/node/.openclaw/workspace/btc_5m_bot.py", line 14, in <module>
    import httpx
ModuleNotFoundError: No module named 'httpx'
---
=== Wed May 27 15:31:55 UTC 2026 ===
Traceback (most recent call last):
  File "/home/node/.openclaw/workspace/btc_5m_bot.py", line 14, in <module>
    import httpx
ModuleNotFoundError: No module named 'httpx'
---
=== Wed May 27 15:33:16 UTC 2026 ===
Traceback (most recent call last):
  File "/home/node/.openclaw/workspace/btc_5m_bot.py", line 14, in <module>
    import httpx
ModuleNotFoundError: No module named 'httpx'
---
=== Wed May 27 15:34:37 UTC 2026 ===
Traceback (most recent call last):
  File "/home/node/.openclaw/workspace/btc_5m_bot.py", line 14, in <module>
    import httpx
ModuleNotFoundError: No module named 'httpx'
---
=== Wed May 27 15:35:58 UTC 2026 ===
Traceback (most recent call last):
  File "/home/node/.openclaw/workspace/btc_5m_bot.py", line 14, in <module>
    import httpx
ModuleNotFoundError: No module named 'httpx'
---
=== Wed May 27 15:37:19 UTC 2026 ===
Traceback (most recent call last):
  File "/home/node/.openclaw/workspace/btc_5m_bot.py", line 14, in <module>
    import httpx
ModuleNotFoundError: No module named 'httpx'
---
=== Wed May 27 15:38:40 UTC 2026 ===
Traceback (most recent call last):
  File "/home/node/.openclaw/workspace/btc_5m_bot.py", line 14, in <module>
    import httpx
ModuleNotFoundError: No module named 'httpx'
---
=== Wed May 27 15:40:01 UTC 2026 ===
Traceback (most recent call last):
  File "/home/node/.openclaw/workspace/btc_5m_bot.py", line 14, in <module>
    import httpx
ModuleNotFoundError: No module named 'httpx'
---
=== Wed May 27 15:41:22 UTC 2026 ===
Traceback (most recent call last):
  File "/home/node/.openclaw/workspace/btc_5m_bot.py", line 14, in <module>
    import httpx
ModuleNotFoundError: No module named 'httpx'
---
=== Wed May 27 15:42:43 UTC 2026 ===
Traceback (most recent call last):
  File "/home/node/.openclaw/workspace/btc_5m_bot.py", line 14, in <module>
    import httpx
ModuleNotFoundError: No module named 'httpx'
---
=== Wed May 27 15:44:04 UTC 2026 ===
Traceback (most recent call last):
  File "/home/node/.openclaw/workspace/btc_5m_bot.py", line 14, in <module>
    import httpx
ModuleNotFoundError: No module named 'httpx'
---
=== Wed May 27 15:45:25 UTC 2026 ===
Traceback (most recent call last):
  File "/home/node/.openclaw/workspace/btc_5m_bot.py", line 14, in <module>
    import httpx
ModuleNotFoundError: No module named 'httpx'
---
=== Wed May 27 15:46:47 UTC 2026 ===
Traceback (most recent call last):
  File "/home/node/.openclaw/workspace/btc_5m_bot.py", line 14, in <module>
    import httpx
ModuleNotFoundError: No module named 'httpx'
---
=== Wed May 27 15:48:08 UTC 2026 ===
Traceback (most recent call last):
  File "/home/node/.openclaw/workspace/btc_5m_bot.py", line 14, in <module>
    import httpx
ModuleNotFoundError: No module named 'httpx'
---
=== Wed May 27 15:49:29 UTC 2026 ===
Traceback (most recent call last):
  File "/home/node/.openclaw/workspace/btc_5m_bot.py", line 14, in <module>
    import httpx
ModuleNotFoundError: No module named 'httpx'
---
=== Wed May 27 15:50:50 UTC 2026 ===
Traceback (most recent call last):
  File "/home/node/.openclaw/workspace/btc_5m_bot.py", line 14, in <module>
    import httpx
ModuleNotFoundError: No module named 'httpx'
---
=== Wed May 27 15:52:11 UTC 2026 ===
Traceback (most recent call last):
  File "/home/node/.openclaw/workspace/btc_5m_bot.py", line 14, in <module>
    import httpx
ModuleNotFoundError: No module named 'httpx'
---
=== Wed May 27 15:53:32 UTC 2026 ===
Traceback (most recent call last):
  File "/home/node/.openclaw/workspace/btc_5m_bot.py", line 14, in <module>
    import httpx
ModuleNotFoundError: No module named 'httpx'
---
=== Wed May 27 15:54:53 UTC 2026 ===
Traceback (most recent call last):
  File "/home/node/.openclaw/workspace/btc_5m_bot.py", line 14, in <module>
    import httpx
ModuleNotFoundError: No module named 'httpx'
---
=== Wed May 27 15:56:14 UTC 2026 ===
Traceback (most recent call last):
  File "/home/node/.openclaw/workspace/btc_5m_bot.py", line 14, in <module>
    import httpx
ModuleNotFoundError: No module named 'httpx'
---
=== Wed May 27 15:57:35 UTC 2026 ===
Traceback (most recent call last):
  File "/home/node/.openclaw/workspace/btc_5m_bot.py", line 14, in <module>
    import httpx
ModuleNotFoundError: No module named 'httpx'
---
=== Wed May 27 15:58:56 UTC 2026 ===
Traceback (most recent call last):
  File "/home/node/.openclaw/workspace/btc_5m_bot.py", line 14, in <module>
    import httpx
ModuleNotFoundError: No module named 'httpx'
---
=== Wed May 27 16:00:17 UTC 2026 ===
Traceback (most recent call last):
  File "/home/node/.openclaw/workspace/btc_5m_bot.py", line 14, in <module>
    import httpx
ModuleNotFoundError: No module named 'httpx'
---
=== Wed May 27 16:01:38 UTC 2026 ===
Traceback (most recent call last):
  File "/home/node/.openclaw/workspace/btc_5m_bot.py", line 14, in <module>
    import httpx
ModuleNotFoundError: No module named 'httpx'
---
=== Wed May 27 16:02:59 UTC 2026 ===
Traceback (most recent call last):
  File "/home/node/.openclaw/workspace/btc_5m_bot.py", line 14, in <module>
    import httpx
ModuleNotFoundError: No module named 'httpx'
---
=== Wed May 27 16:04:21 UTC 2026 ===
Traceback (most recent call last):
  File "/home/node/.openclaw/workspace/btc_5m_bot.py", line 14, in <module>
    import httpx
ModuleNotFoundError: No module named 'httpx'
---
=== Wed May 27 16:05:42 UTC 2026 ===
Traceback (most recent call last):
  File "/home/node/.openclaw/workspace/btc_5m_bot.py", line 14, in <module>
    import httpx
ModuleNotFoundError: No module named 'httpx'
---
=== Wed May 27 16:07:03 UTC 2026 ===
Traceback (most recent call last):
  File "/home/node/.openclaw/workspace/btc_5m_bot.py", line 14, in <module>
    import httpx
ModuleNotFoundError: No module named 'httpx'
---
=== Wed May 27 16:08:24 UTC 2026 ===
Traceback (most recent call last):
  File "/home/node/.openclaw/workspace/btc_5m_bot.py", line 14, in <module>
    import httpx
ModuleNotFoundError: No module named 'httpx'
---
=== Wed May 27 16:09:45 UTC 2026 ===
Traceback (most recent call last):
  File "/home/node/.openclaw/workspace/btc_5m_bot.py", line 14, in <module>
    import httpx
ModuleNotFoundError: No module named 'httpx'
---
=== Wed May 27 16:11:06 UTC 2026 ===
Traceback (most recent call last):
  File "/home/node/.openclaw/workspace/btc_5m_bot.py", line 14, in <module>
    import httpx
ModuleNotFoundError: No module named 'httpx'
---
=== Wed May 27 16:12:27 UTC 2026 ===
Traceback (most recent call last):
  File "/home/node/.openclaw/workspace/btc_5m_bot.py", line 14, in <module>
    import httpx
ModuleNotFoundError: No module named 'httpx'
---
=== Wed May 27 16:13:48 UTC 2026 ===
Traceback (most recent call last):
  File "/home/node/.openclaw/workspace/btc_5m_bot.py", line 14, in <module>
    import httpx
ModuleNotFoundError: No module named 'httpx'
---
=== Wed May 27 16:15:09 UTC 2026 ===
Traceback (most recent call last):
  File "/home/node/.openclaw/workspace/btc_5m_bot.py", line 14, in <module>
    import httpx
ModuleNotFoundError: No module named 'httpx'
---
=== Wed May 27 16:16:30 UTC 2026 ===
Traceback (most recent call last):
  File "/home/node/.openclaw/workspace/btc_5m_bot.py", line 14, in <module>
    import httpx
ModuleNotFoundError: No module named 'httpx'
---
=== Wed May 27 16:17:51 UTC 2026 ===
Traceback (most recent call last):
  File "/home/node/.openclaw/workspace/btc_5m_bot.py", line 14, in <module>
    import httpx
ModuleNotFoundError: No module named 'httpx'
---
=== Wed May 27 16:19:13 UTC 2026 ===
Traceback (most recent call last):
  File "/home/node/.openclaw/workspace/btc_5m_bot.py", line 14, in <module>
    import httpx
ModuleNotFoundError: No module named 'httpx'
---
=== Wed May 27 16:20:34 UTC 2026 ===
Traceback (most recent call last):
  File "/home/node/.openclaw/workspace/btc_5m_bot.py", line 14, in <module>
    import httpx
ModuleNotFoundError: No module named 'httpx'
---
=== Wed May 27 16:21:55 UTC 2026 ===
Traceback (most recent call last):
  File "/home/node/.openclaw/workspace/btc_5m_bot.py", line 14, in <module>
    import httpx
ModuleNotFoundError: No module named 'httpx'
---
=== Wed May 27 16:23:16 UTC 2026 ===
Traceback (most recent call last):
  File "/home/node/.openclaw/workspace/btc_5m_bot.py", line 14, in <module>
    import httpx
ModuleNotFoundError: No module named 'httpx'
---
=== Wed May 27 16:24:37 UTC 2026 ===
Traceback (most recent call last):
  File "/home/node/.openclaw/workspace/btc_5m_bot.py", line 14, in <module>
    import httpx
ModuleNotFoundError: No module named 'httpx'
---
=== Wed May 27 16:25:58 UTC 2026 ===
Traceback (most recent call last):
  File "/home/node/.openclaw/workspace/btc_5m_bot.py", line 14, in <module>
    import httpx
ModuleNotFoundError: No module named 'httpx'
---
=== Wed May 27 16:27:19 UTC 2026 ===
Traceback (most recent call last):
  File "/home/node/.openclaw/workspace/btc_5m_bot.py", line 14, in <module>
    import httpx
ModuleNotFoundError: No module named 'httpx'
---
=== Wed May 27 16:28:40 UTC 2026 ===
Traceback (most recent call last):
  File "/home/node/.openclaw/workspace/btc_5m_bot.py", line 14, in <module>
    import httpx
ModuleNotFoundError: No module named 'httpx'
---
=== Wed May 27 16:30:01 UTC 2026 ===
Traceback (most recent call last):
  File "/home/node/.openclaw/workspace/btc_5m_bot.py", line 14, in <module>
    import httpx
ModuleNotFoundError: No module named 'httpx'
---
=== Wed May 27 16:31:22 UTC 2026 ===
Traceback (most recent call last):
  File "/home/node/.openclaw/workspace/btc_5m_bot.py", line 14, in <module>
    import httpx
ModuleNotFoundError: No module named 'httpx'
---
=== Wed May 27 16:32:43 UTC 2026 ===
Traceback (most recent call last):
  File "/home/node/.openclaw/workspace/btc_5m_bot.py", line 14, in <module>
    import httpx
ModuleNotFoundError: No module named 'httpx'
---
=== Wed May 27 16:34:04 UTC 2026 ===
Traceback (most recent call last):
  File "/home/node/.openclaw/workspace/btc_5m_bot.py", line 14, in <module>
    import httpx
ModuleNotFoundError: No module named 'httpx'
---
=== Wed May 27 16:35:25 UTC 2026 ===
Traceback (most recent call last):
  File "/home/node/.openclaw/workspace/btc_5m_bot.py", line 14, in <module>
    import httpx
ModuleNotFoundError: No module named 'httpx'
---
=== Wed May 27 16:36:47 UTC 2026 ===
Traceback (most recent call last):
  File "/home/node/.openclaw/workspace/btc_5m_bot.py", line 14, in <module>
    import httpx
ModuleNotFoundError: No module named 'httpx'
---
=== Wed May 27 16:38:08 UTC 2026 ===
Traceback (most recent call last):
  File "/home/node/.openclaw/workspace/btc_5m_bot.py", line 14, in <module>
    import httpx
ModuleNotFoundError: No module named 'httpx'
---
=== Wed May 27 16:39:29 UTC 2026 ===
Traceback (most recent call last):
  File "/home/node/.openclaw/workspace/btc_5m_bot.py", line 14, in <module>
    import httpx
ModuleNotFoundError: No module named 'httpx'
---
=== Wed May 27 16:40:50 UTC 2026 ===
Traceback (most recent call last):
  File "/home/node/.openclaw/workspace/btc_5m_bot.py", line 14, in <module>
    import httpx
ModuleNotFoundError: No module named 'httpx'
---
=== Wed May 27 16:42:11 UTC 2026 ===
Traceback (most recent call last):
  File "/home/node/.openclaw/workspace/btc_5m_bot.py", line 14, in <module>
    import httpx
ModuleNotFoundError: No module named 'httpx'
---
=== Wed May 27 16:43:32 UTC 2026 ===
Traceback (most recent call last):
  File "/home/node/.openclaw/workspace/btc_5m_bot.py", line 14, in <module>
    import httpx
ModuleNotFoundError: No module named 'httpx'
---
=== Wed May 27 16:44:53 UTC 2026 ===
Traceback (most recent call last):
  File "/home/node/.openclaw/workspace/btc_5m_bot.py", line 14, in <module>
    import httpx
ModuleNotFoundError: No module named 'httpx'
---
=== Wed May 27 16:46:14 UTC 2026 ===
Traceback (most recent call last):
  File "/home/node/.openclaw/workspace/btc_5m_bot.py", line 14, in <module>
    import httpx
ModuleNotFoundError: No module named 'httpx'
---
=== Wed May 27 16:47:35 UTC 2026 ===
Traceback (most recent call last):
  File "/home/node/.openclaw/workspace/btc_5m_bot.py", line 14, in <module>
    import httpx
ModuleNotFoundError: No module named 'httpx'
---
=== Wed May 27 16:48:56 UTC 2026 ===
Traceback (most recent call last):
  File "/home/node/.openclaw/workspace/btc_5m_bot.py", line 14, in <module>
    import httpx
ModuleNotFoundError: No module named 'httpx'
---
=== Wed May 27 16:50:17 UTC 2026 ===
Traceback (most recent call last):
  File "/home/node/.openclaw/workspace/btc_5m_bot.py", line 14, in <module>
    import httpx
ModuleNotFoundError: No module named 'httpx'
---
=== Wed May 27 16:51:38 UTC 2026 ===
Traceback (most recent call last):
  File "/home/node/.openclaw/workspace/btc_5m_bot.py", line 14, in <module>
    import httpx
ModuleNotFoundError: No module named 'httpx'
---
=== Wed May 27 16:53:00 UTC 2026 ===
Traceback (most recent call last):
  File "/home/node/.openclaw/workspace/btc_5m_bot.py", line 14, in <module>
    import httpx
ModuleNotFoundError: No module named 'httpx'
---
=== Wed May 27 16:54:21 UTC 2026 ===
Traceback (most recent call last):
  File "/home/node/.openclaw/workspace/btc_5m_bot.py", line 14, in <module>
    import httpx
ModuleNotFoundError: No module named 'httpx'
---
=== Wed May 27 16:55:42 UTC 2026 ===
Traceback (most recent call last):
  File "/home/node/.openclaw/workspace/btc_5m_bot.py", line 14, in <module>
    import httpx
ModuleNotFoundError: No module named 'httpx'
---
=== Wed May 27 16:57:03 UTC 2026 ===
Traceback (most recent call last):
  File "/home/node/.openclaw/workspace/btc_5m_bot.py", line 14, in <module>
    import httpx
ModuleNotFoundError: No module named 'httpx'
---
=== Wed May 27 16:58:24 UTC 2026 ===
Traceback (most recent call last):
  File "/home/node/.openclaw/workspace/btc_5m_bot.py", line 14, in <module>
    import httpx
ModuleNotFoundError: No module named 'httpx'
---
=== Wed May 27 16:59:45 UTC 2026 ===
Traceback (most recent call last):
  File "/home/node/.openclaw/workspace/btc_5m_bot.py", line 14, in <module>
    import httpx
ModuleNotFoundError: No module named 'httpx'
---
=== Wed May 27 17:01:06 UTC 2026 ===
Traceback (most recent call last):
  File "/home/node/.openclaw/workspace/btc_5m_bot.py", line 14, in <module>
    import httpx
ModuleNotFoundError: No module named 'httpx'
---
=== Wed May 27 17:02:27 UTC 2026 ===
Traceback (most recent call last):
  File "/home/node/.openclaw/workspace/btc_5m_bot.py", line 14, in <module>
    import httpx
ModuleNotFoundError: No module named 'httpx'
---
=== Wed May 27 17:03:48 UTC 2026 ===
Traceback (most recent call last):
  File "/home/node/.openclaw/workspace/btc_5m_bot.py", line 14, in <module>
    import httpx
ModuleNotFoundError: No module named 'httpx'
---
=== Wed May 27 17:05:09 UTC 2026 ===
Traceback (most recent call last):
  File "/home/node/.openclaw/workspace/btc_5m_bot.py", line 14, in <module>
    import httpx
ModuleNotFoundError: No module named 'httpx'
---
=== Wed May 27 17:06:30 UTC 2026 ===
Traceback (most recent call last):
  File "/home/node/.openclaw/workspace/btc_5m_bot.py", line 14, in <module>
    import httpx
ModuleNotFoundError: No module named 'httpx'
---
=== Wed May 27 17:07:51 UTC 2026 ===
Traceback (most recent call last):
  File "/home/node/.openclaw/workspace/btc_5m_bot.py", line 14, in <module>
    import httpx
ModuleNotFoundError: No module named 'httpx'
---
=== Wed May 27 17:09:13 UTC 2026 ===
Traceback (most recent call last):
  File "/home/node/.openclaw/workspace/btc_5m_bot.py", line 14, in <module>
    import httpx
ModuleNotFoundError: No module named 'httpx'
---
=== Wed May 27 17:10:34 UTC 2026 ===
Traceback (most recent call last):
  File "/home/node/.openclaw/workspace/btc_5m_bot.py", line 14, in <module>
    import httpx
ModuleNotFoundError: No module named 'httpx'
---
=== Wed May 27 17:11:55 UTC 2026 ===
Traceback (most recent call last):
  File "/home/node/.openclaw/workspace/btc_5m_bot.py", line 14, in <module>
    import httpx
ModuleNotFoundError: No module named 'httpx'
---
=== Wed May 27 17:13:16 UTC 2026 ===
Traceback (most recent call last):
  File "/home/node/.openclaw/workspace/btc_5m_bot.py", line 14, in <module>
    import httpx
ModuleNotFoundError: No module named 'httpx'
---
=== Wed May 27 17:14:37 UTC 2026 ===
Traceback (most recent call last):
  File "/home/node/.openclaw/workspace/btc_5m_bot.py", line 14, in <module>
    import httpx
ModuleNotFoundError: No module named 'httpx'
---
=== Wed May 27 17:15:58 UTC 2026 ===
Traceback (most recent call last):
  File "/home/node/.openclaw/workspace/btc_5m_bot.py", line 14, in <module>
    import httpx
ModuleNotFoundError: No module named 'httpx'
---
=== Wed May 27 17:17:19 UTC 2026 ===
Traceback (most recent call last):
  File "/home/node/.openclaw/workspace/btc_5m_bot.py", line 14, in <module>
    import httpx
ModuleNotFoundError: No module named 'httpx'
---
=== Wed May 27 17:18:40 UTC 2026 ===
Traceback (most recent call last):
  File "/home/node/.openclaw/workspace/btc_5m_bot.py", line 14, in <module>
    import httpx
ModuleNotFoundError: No module named 'httpx'
---
=== Wed May 27 17:20:01 UTC 2026 ===
Traceback (most recent call last):
  File "/home/node/.openclaw/workspace/btc_5m_bot.py", line 14, in <module>
    import httpx
ModuleNotFoundError: No module named 'httpx'
---
=== Wed May 27 17:21:22 UTC 2026 ===
Traceback (most recent call last):
  File "/home/node/.openclaw/workspace/btc_5m_bot.py", line 14, in <module>
    import httpx
ModuleNotFoundError: No module named 'httpx'
---
=== Wed May 27 17:22:43 UTC 2026 ===
Traceback (most recent call last):
  File "/home/node/.openclaw/workspace/btc_5m_bot.py", line 14, in <module>
    import httpx
ModuleNotFoundError: No module named 'httpx'
---
=== Wed May 27 17:24:04 UTC 2026 ===
Traceback (most recent call last):
  File "/home/node/.openclaw/workspace/btc_5m_bot.py", line 14, in <module>
    import httpx
ModuleNotFoundError: No module named 'httpx'
---
=== Wed May 27 17:25:26 UTC 2026 ===
Traceback (most recent call last):
  File "/home/node/.openclaw/workspace/btc_5m_bot.py", line 14, in <module>
    import httpx
ModuleNotFoundError: No module named 'httpx'
---
=== Wed May 27 17:26:47 UTC 2026 ===
Traceback (most recent call last):
  File "/home/node/.openclaw/workspace/btc_5m_bot.py", line 14, in <module>
    import httpx
ModuleNotFoundError: No module named 'httpx'
---
=== Wed May 27 17:28:08 UTC 2026 ===
Traceback (most recent call last):
  File "/home/node/.openclaw/workspace/btc_5m_bot.py", line 14, in <module>
    import httpx
ModuleNotFoundError: No module named 'httpx'
---
=== Wed May 27 17:29:29 UTC 2026 ===
Traceback (most recent call last):
  File "/home/node/.openclaw/workspace/btc_5m_bot.py", line 14, in <module>
    import httpx
ModuleNotFoundError: No module named 'httpx'
---
=== Wed May 27 17:30:50 UTC 2026 ===
Traceback (most recent call last):
  File "/home/node/.openclaw/workspace/btc_5m_bot.py", line 14, in <module>
    import httpx
ModuleNotFoundError: No module named 'httpx'
---
=== Wed May 27 17:32:11 UTC 2026 ===
Traceback (most recent call last):
  File "/home/node/.openclaw/workspace/btc_5m_bot.py", line 14, in <module>
    import httpx
ModuleNotFoundError: No module named 'httpx'
---
=== Wed May 27 17:33:32 UTC 2026 ===
Traceback (most recent call last):
  File "/home/node/.openclaw/workspace/btc_5m_bot.py", line 14, in <module>
    import httpx
ModuleNotFoundError: No module named 'httpx'
---
=== Wed May 27 17:34:53 UTC 2026 ===
Traceback (most recent call last):
  File "/home/node/.openclaw/workspace/btc_5m_bot.py", line 14, in <module>
    import httpx
ModuleNotFoundError: No module named 'httpx'
---
=== Wed May 27 17:36:14 UTC 2026 ===
Traceback (most recent call last):
  File "/home/node/.openclaw/workspace/btc_5m_bot.py", line 14, in <module>
    import httpx
ModuleNotFoundError: No module named 'httpx'
---
=== Wed May 27 17:37:35 UTC 2026 ===
Traceback (most recent call last):
  File "/home/node/.openclaw/workspace/btc_5m_bot.py", line 14, in <module>
    import httpx
ModuleNotFoundError: No module named 'httpx'
---
=== Wed May 27 17:38:56 UTC 2026 ===
Traceback (most recent call last):
  File "/home/node/.openclaw/workspace/btc_5m_bot.py", line 14, in <module>
    import httpx
ModuleNotFoundError: No module named 'httpx'
---
=== Wed May 27 17:40:17 UTC 2026 ===
Traceback (most recent call last):
  File "/home/node/.openclaw/workspace/btc_5m_bot.py", line 14, in <module>
    import httpx
ModuleNotFoundError: No module named 'httpx'
---
=== Wed May 27 17:41:38 UTC 2026 ===
Traceback (most recent call last):
  File "/home/node/.openclaw/workspace/btc_5m_bot.py", line 14, in <module>
    import httpx
ModuleNotFoundError: No module named 'httpx'
---
=== Wed May 27 17:43:00 UTC 2026 ===
Traceback (most recent call last):
  File "/home/node/.openclaw/workspace/btc_5m_bot.py", line 14, in <module>
    import httpx
ModuleNotFoundError: No module named 'httpx'
---
=== Wed May 27 17:44:21 UTC 2026 ===
Traceback (most recent call last):
  File "/home/node/.openclaw/workspace/btc_5m_bot.py", line 14, in <module>
    import httpx
ModuleNotFoundError: No module named 'httpx'
---
=== Wed May 27 17:45:42 UTC 2026 ===
Traceback (most recent call last):
  File "/home/node/.openclaw/workspace/btc_5m_bot.py", line 14, in <module>
    import httpx
ModuleNotFoundError: No module named 'httpx'
---
=== Wed May 27 17:47:03 UTC 2026 ===
Traceback (most recent call last):
  File "/home/node/.openclaw/workspace/btc_5m_bot.py", line 14, in <module>
    import httpx
ModuleNotFoundError: No module named 'httpx'
---
=== Wed May 27 17:48:24 UTC 2026 ===
Traceback (most recent call last):
  File "/home/node/.openclaw/workspace/btc_5m_bot.py", line 14, in <module>
    import httpx
ModuleNotFoundError: No module named 'httpx'
---
=== Wed May 27 17:49:45 UTC 2026 ===
Traceback (most recent call last):
  File "/home/node/.openclaw/workspace/btc_5m_bot.py", line 14, in <module>
    import httpx
ModuleNotFoundError: No module named 'httpx'
---
=== Wed May 27 17:51:06 UTC 2026 ===
Traceback (most recent call last):
  File "/home/node/.openclaw/workspace/btc_5m_bot.py", line 14, in <module>
    import httpx
ModuleNotFoundError: No module named 'httpx'
---
=== Wed May 27 17:52:27 UTC 2026 ===
Traceback (most recent call last):
  File "/home/node/.openclaw/workspace/btc_5m_bot.py", line 14, in <module>
    import httpx
ModuleNotFoundError: No module named 'httpx'
---
=== Wed May 27 17:53:48 UTC 2026 ===
Traceback (most recent call last):
  File "/home/node/.openclaw/workspace/btc_5m_bot.py", line 14, in <module>
    import httpx
ModuleNotFoundError: No module named 'httpx'
---
=== Wed May 27 17:55:09 UTC 2026 ===
Traceback (most recent call last):
  File "/home/node/.openclaw/workspace/btc_5m_bot.py", line 14, in <module>
    import httpx
ModuleNotFoundError: No module named 'httpx'
---
=== Wed May 27 17:56:30 UTC 2026 ===
Traceback (most recent call last):
  File "/home/node/.openclaw/workspace/btc_5m_bot.py", line 14, in <module>
    import httpx
ModuleNotFoundError: No module named 'httpx'
---
=== Wed May 27 17:57:52 UTC 2026 ===
Traceback (most recent call last):
  File "/home/node/.openclaw/workspace/btc_5m_bot.py", line 14, in <module>
    import httpx
ModuleNotFoundError: No module named 'httpx'
---
=== Wed May 27 17:59:13 UTC 2026 ===
Traceback (most recent call last):
  File "/home/node/.openclaw/workspace/btc_5m_bot.py", line 14, in <module>
    import httpx
ModuleNotFoundError: No module named 'httpx'
---
=== Wed May 27 18:00:34 UTC 2026 ===
Traceback (most recent call last):
  File "/home/node/.openclaw/workspace/btc_5m_bot.py", line 14, in <module>
    import httpx
ModuleNotFoundError: No module named 'httpx'
---
=== Wed May 27 18:01:55 UTC 2026 ===
Traceback (most recent call last):
  File "/home/node/.openclaw/workspace/btc_5m_bot.py", line 14, in <module>
    import httpx
ModuleNotFoundError: No module named 'httpx'
---
=== Wed May 27 18:03:16 UTC 2026 ===
Traceback (most recent call last):
  File "/home/node/.openclaw/workspace/btc_5m_bot.py", line 14, in <module>
    import httpx
ModuleNotFoundError: No module named 'httpx'
---
=== Wed May 27 18:04:37 UTC 2026 ===
Traceback (most recent call last):
  File "/home/node/.openclaw/workspace/btc_5m_bot.py", line 14, in <module>
    import httpx
ModuleNotFoundError: No module named 'httpx'
---
=== Wed May 27 18:05:58 UTC 2026 ===
Traceback (most recent call last):
  File "/home/node/.openclaw/workspace/btc_5m_bot.py", line 14, in <module>
    import httpx
ModuleNotFoundError: No module named 'httpx'
---
=== Wed May 27 18:07:19 UTC 2026 ===
Traceback (most recent call last):
  File "/home/node/.openclaw/workspace/btc_5m_bot.py", line 14, in <module>
    import httpx
ModuleNotFoundError: No module named 'httpx'
---
=== Wed May 27 18:08:40 UTC 2026 ===
Traceback (most recent call last):
  File "/home/node/.openclaw/workspace/btc_5m_bot.py", line 14, in <module>
    import httpx
ModuleNotFoundError: No module named 'httpx'
---
=== Wed May 27 18:10:01 UTC 2026 ===
Traceback (most recent call last):
  File "/home/node/.openclaw/workspace/btc_5m_bot.py", line 14, in <module>
    import httpx
ModuleNotFoundError: No module named 'httpx'
---
=== Wed May 27 18:11:22 UTC 2026 ===
Traceback (most recent call last):
  File "/home/node/.openclaw/workspace/btc_5m_bot.py", line 14, in <module>
    import httpx
ModuleNotFoundError: No module named 'httpx'
---
=== Wed May 27 18:12:43 UTC 2026 ===
Traceback (most recent call last):
  File "/home/node/.openclaw/workspace/btc_5m_bot.py", line 14, in <module>
    import httpx
ModuleNotFoundError: No module named 'httpx'
---
=== Wed May 27 18:14:05 UTC 2026 ===
Traceback (most recent call last):
  File "/home/node/.openclaw/workspace/btc_5m_bot.py", line 14, in <module>
    import httpx
ModuleNotFoundError: No module named 'httpx'
---
=== Wed May 27 18:15:26 UTC 2026 ===
Traceback (most recent call last):
  File "/home/node/.openclaw/workspace/btc_5m_bot.py", line 14, in <module>
    import httpx
ModuleNotFoundError: No module named 'httpx'
---
=== Wed May 27 18:16:47 UTC 2026 ===
Traceback (most recent call last):
  File "/home/node/.openclaw/workspace/btc_5m_bot.py", line 14, in <module>
    import httpx
ModuleNotFoundError: No module named 'httpx'
---
=== Wed May 27 18:18:08 UTC 2026 ===
Traceback (most recent call last):
  File "/home/node/.openclaw/workspace/btc_5m_bot.py", line 14, in <module>
    import httpx
ModuleNotFoundError: No module named 'httpx'
---
=== Wed May 27 18:19:29 UTC 2026 ===
Traceback (most recent call last):
  File "/home/node/.openclaw/workspace/btc_5m_bot.py", line 14, in <module>
    import httpx
ModuleNotFoundError: No module named 'httpx'
---
=== Wed May 27 18:20:50 UTC 2026 ===
Traceback (most recent call last):
  File "/home/node/.openclaw/workspace/btc_5m_bot.py", line 14, in <module>
    import httpx
ModuleNotFoundError: No module named 'httpx'
---
=== Wed May 27 18:22:11 UTC 2026 ===
Traceback (most recent call last):
  File "/home/node/.openclaw/workspace/btc_5m_bot.py", line 14, in <module>
    import httpx
ModuleNotFoundError: No module named 'httpx'
---
=== Wed May 27 18:23:32 UTC 2026 ===
Traceback (most recent call last):
  File "/home/node/.openclaw/workspace/btc_5m_bot.py", line 14, in <module>
    import httpx
ModuleNotFoundError: No module named 'httpx'
---
=== Wed May 27 18:24:53 UTC 2026 ===
Traceback (most recent call last):
  File "/home/node/.openclaw/workspace/btc_5m_bot.py", line 14, in <module>
    import httpx
ModuleNotFoundError: No module named 'httpx'
---
=== Wed May 27 18:26:15 UTC 2026 ===
Traceback (most recent call last):
  File "/home/node/.openclaw/workspace/btc_5m_bot.py", line 14, in <module>
    import httpx
ModuleNotFoundError: No module named 'httpx'
---
=== Wed May 27 18:27:36 UTC 2026 ===
Traceback (most recent call last):
  File "/home/node/.openclaw/workspace/btc_5m_bot.py", line 14, in <module>
    import httpx
ModuleNotFoundError: No module named 'httpx'
---
=== Wed May 27 18:28:57 UTC 2026 ===
Traceback (most recent call last):
  File "/home/node/.openclaw/workspace/btc_5m_bot.py", line 14, in <module>
    import httpx
ModuleNotFoundError: No module named 'httpx'
---
=== Wed May 27 18:30:18 UTC 2026 ===
Traceback (most recent call last):
  File "/home/node/.openclaw/workspace/btc_5m_bot.py", line 14, in <module>
    import httpx
ModuleNotFoundError: No module named 'httpx'
---
=== Wed May 27 18:31:39 UTC 2026 ===
Traceback (most recent call last):
  File "/home/node/.openclaw/workspace/btc_5m_bot.py", line 14, in <module>
    import httpx
ModuleNotFoundError: No module named 'httpx'
---
=== Wed May 27 18:33:00 UTC 2026 ===
Traceback (most recent call last):
  File "/home/node/.openclaw/workspace/btc_5m_bot.py", line 14, in <module>
    import httpx
ModuleNotFoundError: No module named 'httpx'
---
=== Wed May 27 18:34:21 UTC 2026 ===
Traceback (most recent call last):
  File "/home/node/.openclaw/workspace/btc_5m_bot.py", line 14, in <module>
    import httpx
ModuleNotFoundError: No module named 'httpx'
---
=== Wed May 27 18:35:42 UTC 2026 ===
Traceback (most recent call last):
  File "/home/node/.openclaw/workspace/btc_5m_bot.py", line 14, in <module>
    import httpx
ModuleNotFoundError: No module named 'httpx'
---
=== Wed May 27 18:37:03 UTC 2026 ===
Traceback (most recent call last):
  File "/home/node/.openclaw/workspace/btc_5m_bot.py", line 14, in <module>
    import httpx
ModuleNotFoundError: No module named 'httpx'
---
=== Wed May 27 18:38:24 UTC 2026 ===
Traceback (most recent call last):
  File "/home/node/.openclaw/workspace/btc_5m_bot.py", line 14, in <module>
    import httpx
ModuleNotFoundError: No module named 'httpx'
---
=== Wed May 27 18:39:45 UTC 2026 ===
Traceback (most recent call last):
  File "/home/node/.openclaw/workspace/btc_5m_bot.py", line 14, in <module>
    import httpx
ModuleNotFoundError: No module named 'httpx'
---
=== Wed May 27 18:41:06 UTC 2026 ===
Traceback (most recent call last):
  File "/home/node/.openclaw/workspace/btc_5m_bot.py", line 14, in <module>
    import httpx
ModuleNotFoundError: No module named 'httpx'
---
=== Wed May 27 18:42:27 UTC 2026 ===
Traceback (most recent call last):
  File "/home/node/.openclaw/workspace/btc_5m_bot.py", line 14, in <module>
    import httpx
ModuleNotFoundError: No module named 'httpx'
---
=== Wed May 27 18:43:49 UTC 2026 ===
Traceback (most recent call last):
  File "/home/node/.openclaw/workspace/btc_5m_bot.py", line 14, in <module>
    import httpx
ModuleNotFoundError: No module named 'httpx'
---
=== Wed May 27 18:45:10 UTC 2026 ===
Traceback (most recent call last):
  File "/home/node/.openclaw/workspace/btc_5m_bot.py", line 14, in <module>
    import httpx
ModuleNotFoundError: No module named 'httpx'
---
=== Wed May 27 18:46:31 UTC 2026 ===
Traceback (most recent call last):
  File "/home/node/.openclaw/workspace/btc_5m_bot.py", line 14, in <module>
    import httpx
ModuleNotFoundError: No module named 'httpx'
---
=== Wed May 27 18:47:52 UTC 2026 ===
Traceback (most recent call last):
  File "/home/node/.openclaw/workspace/btc_5m_bot.py", line 14, in <module>
    import httpx
ModuleNotFoundError: No module named 'httpx'
---
=== Wed May 27 18:49:13 UTC 2026 ===
Traceback (most recent call last):
  File "/home/node/.openclaw/workspace/btc_5m_bot.py", line 14, in <module>
    import httpx
ModuleNotFoundError: No module named 'httpx'
---
=== Wed May 27 18:50:34 UTC 2026 ===
Traceback (most recent call last):
  File "/home/node/.openclaw/workspace/btc_5m_bot.py", line 14, in <module>
    import httpx
ModuleNotFoundError: No module named 'httpx'
---
=== Wed May 27 18:51:55 UTC 2026 ===
Traceback (most recent call last):
  File "/home/node/.openclaw/workspace/btc_5m_bot.py", line 14, in <module>
    import httpx
ModuleNotFoundError: No module named 'httpx'
---
=== Wed May 27 18:53:16 UTC 2026 ===
Traceback (most recent call last):
  File "/home/node/.openclaw/workspace/btc_5m_bot.py", line 14, in <module>
    import httpx
ModuleNotFoundError: No module named 'httpx'
---
=== Wed May 27 18:54:37 UTC 2026 ===
Traceback (most recent call last):
  File "/home/node/.openclaw/workspace/btc_5m_bot.py", line 14, in <module>
    import httpx
ModuleNotFoundError: No module named 'httpx'
---
=== Wed May 27 18:55:58 UTC 2026 ===
Traceback (most recent call last):
  File "/home/node/.openclaw/workspace/btc_5m_bot.py", line 14, in <module>
    import httpx
ModuleNotFoundError: No module named 'httpx'
---
=== Wed May 27 18:57:19 UTC 2026 ===
Traceback (most recent call last):
  File "/home/node/.openclaw/workspace/btc_5m_bot.py", line 14, in <module>
    import httpx
ModuleNotFoundError: No module named 'httpx'
---
=== Wed May 27 18:58:41 UTC 2026 ===
Traceback (most recent call last):
  File "/home/node/.openclaw/workspace/btc_5m_bot.py", line 14, in <module>
    import httpx
ModuleNotFoundError: No module named 'httpx'
---
=== Wed May 27 19:00:02 UTC 2026 ===
Traceback (most recent call last):
  File "/home/node/.openclaw/workspace/btc_5m_bot.py", line 14, in <module>
    import httpx
ModuleNotFoundError: No module named 'httpx'
---
=== Wed May 27 19:01:23 UTC 2026 ===
Traceback (most recent call last):
  File "/home/node/.openclaw/workspace/btc_5m_bot.py", line 14, in <module>
    import httpx
ModuleNotFoundError: No module named 'httpx'
---
=== Wed May 27 19:02:44 UTC 2026 ===
Traceback (most recent call last):
  File "/home/node/.openclaw/workspace/btc_5m_bot.py", line 14, in <module>
    import httpx
ModuleNotFoundError: No module named 'httpx'
---
=== Wed May 27 19:04:05 UTC 2026 ===
Traceback (most recent call last):
  File "/home/node/.openclaw/workspace/btc_5m_bot.py", line 14, in <module>
    import httpx
ModuleNotFoundError: No module named 'httpx'
---
=== Wed May 27 19:05:26 UTC 2026 ===
Traceback (most recent call last):
  File "/home/node/.openclaw/workspace/btc_5m_bot.py", line 14, in <module>
    import httpx
ModuleNotFoundError: No module named 'httpx'
---
=== Wed May 27 19:06:47 UTC 2026 ===
Traceback (most recent call last):
  File "/home/node/.openclaw/workspace/btc_5m_bot.py", line 14, in <module>
    import httpx
ModuleNotFoundError: No module named 'httpx'
---
=== Wed May 27 19:08:08 UTC 2026 ===
Traceback (most recent call last):
  File "/home/node/.openclaw/workspace/btc_5m_bot.py", line 14, in <module>
    import httpx
ModuleNotFoundError: No module named 'httpx'
---
=== Wed May 27 19:09:29 UTC 2026 ===
Traceback (most recent call last):
  File "/home/node/.openclaw/workspace/btc_5m_bot.py", line 14, in <module>
    import httpx
ModuleNotFoundError: No module named 'httpx'
---
=== Wed May 27 19:10:50 UTC 2026 ===
Traceback (most recent call last):
  File "/home/node/.openclaw/workspace/btc_5m_bot.py", line 14, in <module>
    import httpx
ModuleNotFoundError: No module named 'httpx'
---
=== Wed May 27 19:12:11 UTC 2026 ===
Traceback (most recent call last):
  File "/home/node/.openclaw/workspace/btc_5m_bot.py", line 14, in <module>
    import httpx
ModuleNotFoundError: No module named 'httpx'
---
=== Wed May 27 19:13:32 UTC 2026 ===
Traceback (most recent call last):
  File "/home/node/.openclaw/workspace/btc_5m_bot.py", line 14, in <module>
    import httpx
ModuleNotFoundError: No module named 'httpx'
---
=== Wed May 27 19:14:53 UTC 2026 ===
Traceback (most recent call last):
  File "/home/node/.openclaw/workspace/btc_5m_bot.py", line 14, in <module>
    import httpx
ModuleNotFoundError: No module named 'httpx'
---
=== Wed May 27 19:16:15 UTC 2026 ===
Traceback (most recent call last):
  File "/home/node/.openclaw/workspace/btc_5m_bot.py", line 14, in <module>
    import httpx
ModuleNotFoundError: No module named 'httpx'
---
=== Wed May 27 19:17:36 UTC 2026 ===
Traceback (most recent call last):
  File "/home/node/.openclaw/workspace/btc_5m_bot.py", line 14, in <module>
    import httpx
ModuleNotFoundError: No module named 'httpx'
---
=== Wed May 27 19:18:57 UTC 2026 ===
Traceback (most recent call last):
  File "/home/node/.openclaw/workspace/btc_5m_bot.py", line 14, in <module>
    import httpx
ModuleNotFoundError: No module named 'httpx'
---
=== Wed May 27 19:20:18 UTC 2026 ===
Traceback (most recent call last):
  File "/home/node/.openclaw/workspace/btc_5m_bot.py", line 14, in <module>
    import httpx
ModuleNotFoundError: No module named 'httpx'
---
=== Wed May 27 19:21:39 UTC 2026 ===
Traceback (most recent call last):
  File "/home/node/.openclaw/workspace/btc_5m_bot.py", line 14, in <module>
    import httpx
ModuleNotFoundError: No module named 'httpx'
---
=== Wed May 27 19:23:00 UTC 2026 ===
Traceback (most recent call last):
  File "/home/node/.openclaw/workspace/btc_5m_bot.py", line 14, in <module>
    import httpx
ModuleNotFoundError: No module named 'httpx'
---
=== Wed May 27 19:24:21 UTC 2026 ===
Traceback (most recent call last):
  File "/home/node/.openclaw/workspace/btc_5m_bot.py", line 14, in <module>
    import httpx
ModuleNotFoundError: No module named 'httpx'
---
=== Wed May 27 19:25:42 UTC 2026 ===
Traceback (most recent call last):
  File "/home/node/.openclaw/workspace/btc_5m_bot.py", line 14, in <module>
    import httpx
ModuleNotFoundError: No module named 'httpx'
---
=== Wed May 27 19:27:03 UTC 2026 ===
Traceback (most recent call last):
  File "/home/node/.openclaw/workspace/btc_5m_bot.py", line 14, in <module>
    import httpx
ModuleNotFoundError: No module named 'httpx'
---
=== Wed May 27 19:28:24 UTC 2026 ===
Traceback (most recent call last):
  File "/home/node/.openclaw/workspace/btc_5m_bot.py", line 14, in <module>
    import httpx
ModuleNotFoundError: No module named 'httpx'
---
=== Wed May 27 19:29:45 UTC 2026 ===
Traceback (most recent call last):
  File "/home/node/.openclaw/workspace/btc_5m_bot.py", line 14, in <module>
    import httpx
ModuleNotFoundError: No module named 'httpx'
---
=== Wed May 27 19:31:06 UTC 2026 ===
Traceback (most recent call last):
  File "/home/node/.openclaw/workspace/btc_5m_bot.py", line 14, in <module>
    import httpx
ModuleNotFoundError: No module named 'httpx'
---
=== Wed May 27 19:32:27 UTC 2026 ===
Traceback (most recent call last):
  File "/home/node/.openclaw/workspace/btc_5m_bot.py", line 14, in <module>
    import httpx
ModuleNotFoundError: No module named 'httpx'
---
=== Wed May 27 19:33:49 UTC 2026 ===
Traceback (most recent call last):
  File "/home/node/.openclaw/workspace/btc_5m_bot.py", line 14, in <module>
    import httpx
ModuleNotFoundError: No module named 'httpx'
---
=== Wed May 27 19:35:10 UTC 2026 ===
Traceback (most recent call last):
  File "/home/node/.openclaw/workspace/btc_5m_bot.py", line 14, in <module>
    import httpx
ModuleNotFoundError: No module named 'httpx'
---
=== Wed May 27 19:36:31 UTC 2026 ===
Traceback (most recent call last):
  File "/home/node/.openclaw/workspace/btc_5m_bot.py", line 14, in <module>
    import httpx
ModuleNotFoundError: No module named 'httpx'
---
=== Wed May 27 19:37:52 UTC 2026 ===
Traceback (most recent call last):
  File "/home/node/.openclaw/workspace/btc_5m_bot.py", line 14, in <module>
    import httpx
ModuleNotFoundError: No module named 'httpx'
---
=== Wed May 27 19:39:13 UTC 2026 ===
Traceback (most recent call last):
  File "/home/node/.openclaw/workspace/btc_5m_bot.py", line 14, in <module>
    import httpx
ModuleNotFoundError: No module named 'httpx'
---
=== Wed May 27 19:40:34 UTC 2026 ===
Traceback (most recent call last):
  File "/home/node/.openclaw/workspace/btc_5m_bot.py", line 14, in <module>
    import httpx
ModuleNotFoundError: No module named 'httpx'
---
=== Wed May 27 19:41:55 UTC 2026 ===
Traceback (most recent call last):
  File "/home/node/.openclaw/workspace/btc_5m_bot.py", line 14, in <module>
    import httpx
ModuleNotFoundError: No module named 'httpx'
---
=== Wed May 27 19:43:16 UTC 2026 ===
Traceback (most recent call last):
  File "/home/node/.openclaw/workspace/btc_5m_bot.py", line 14, in <module>
    import httpx
ModuleNotFoundError: No module named 'httpx'
---
=== Wed May 27 19:44:37 UTC 2026 ===
Traceback (most recent call last):
  File "/home/node/.openclaw/workspace/btc_5m_bot.py", line 14, in <module>
    import httpx
ModuleNotFoundError: No module named 'httpx'
---
=== Wed May 27 19:45:58 UTC 2026 ===
Traceback (most recent call last):
  File "/home/node/.openclaw/workspace/btc_5m_bot.py", line 14, in <module>
    import httpx
ModuleNotFoundError: No module named 'httpx'
---
=== Wed May 27 19:47:19 UTC 2026 ===
Traceback (most recent call last):
  File "/home/node/.openclaw/workspace/btc_5m_bot.py", line 14, in <module>
    import httpx
ModuleNotFoundError: No module named 'httpx'
---
=== Wed May 27 19:48:41 UTC 2026 ===
Traceback (most recent call last):
  File "/home/node/.openclaw/workspace/btc_5m_bot.py", line 14, in <module>
    import httpx
ModuleNotFoundError: No module named 'httpx'
---
=== Wed May 27 19:50:02 UTC 2026 ===
Traceback (most recent call last):
  File "/home/node/.openclaw/workspace/btc_5m_bot.py", line 14, in <module>
    import httpx
ModuleNotFoundError: No module named 'httpx'
---
=== Wed May 27 19:51:23 UTC 2026 ===
Traceback (most recent call last):
  File "/home/node/.openclaw/workspace/btc_5m_bot.py", line 14, in <module>
    import httpx
ModuleNotFoundError: No module named 'httpx'
---
=== Wed May 27 19:52:44 UTC 2026 ===
Traceback (most recent call last):
  File "/home/node/.openclaw/workspace/btc_5m_bot.py", line 14, in <module>
    import httpx
ModuleNotFoundError: No module named 'httpx'
---
=== Wed May 27 19:54:05 UTC 2026 ===
Traceback (most recent call last):
  File "/home/node/.openclaw/workspace/btc_5m_bot.py", line 14, in <module>
    import httpx
ModuleNotFoundError: No module named 'httpx'
---
=== Wed May 27 19:55:26 UTC 2026 ===
Traceback (most recent call last):
  File "/home/node/.openclaw/workspace/btc_5m_bot.py", line 14, in <module>
    import httpx
ModuleNotFoundError: No module named 'httpx'
---
=== Wed May 27 19:56:47 UTC 2026 ===
Traceback (most recent call last):
  File "/home/node/.openclaw/workspace/btc_5m_bot.py", line 14, in <module>
    import httpx
ModuleNotFoundError: No module named 'httpx'
---
=== Wed May 27 19:58:08 UTC 2026 ===
Traceback (most recent call last):
  File "/home/node/.openclaw/workspace/btc_5m_bot.py", line 14, in <module>
    import httpx
ModuleNotFoundError: No module named 'httpx'
---
=== Wed May 27 19:59:29 UTC 2026 ===
Traceback (most recent call last):
  File "/home/node/.openclaw/workspace/btc_5m_bot.py", line 14, in <module>
    import httpx
ModuleNotFoundError: No module named 'httpx'
---
=== Wed May 27 20:00:50 UTC 2026 ===
Traceback (most recent call last):
  File "/home/node/.openclaw/workspace/btc_5m_bot.py", line 14, in <module>
    import httpx
ModuleNotFoundError: No module named 'httpx'
---
=== Wed May 27 20:02:11 UTC 2026 ===
Traceback (most recent call last):
  File "/home/node/.openclaw/workspace/btc_5m_bot.py", line 14, in <module>
    import httpx
ModuleNotFoundError: No module named 'httpx'
---
=== Wed May 27 20:03:32 UTC 2026 ===
Traceback (most recent call last):
  File "/home/node/.openclaw/workspace/btc_5m_bot.py", line 14, in <module>
    import httpx
ModuleNotFoundError: No module named 'httpx'
---
=== Wed May 27 20:04:54 UTC 2026 ===
Traceback (most recent call last):
  File "/home/node/.openclaw/workspace/btc_5m_bot.py", line 14, in <module>
    import httpx
ModuleNotFoundError: No module named 'httpx'
---
=== Wed May 27 20:06:15 UTC 2026 ===
Traceback (most recent call last):
  File "/home/node/.openclaw/workspace/btc_5m_bot.py", line 14, in <module>
    import httpx
ModuleNotFoundError: No module named 'httpx'
---
=== Wed May 27 20:07:36 UTC 2026 ===
Traceback (most recent call last):
  File "/home/node/.openclaw/workspace/btc_5m_bot.py", line 14, in <module>
    import httpx
ModuleNotFoundError: No module named 'httpx'
---
=== Wed May 27 20:08:57 UTC 2026 ===
Traceback (most recent call last):
  File "/home/node/.openclaw/workspace/btc_5m_bot.py", line 14, in <module>
    import httpx
ModuleNotFoundError: No module named 'httpx'
---
=== Wed May 27 20:10:18 UTC 2026 ===
Traceback (most recent call last):
  File "/home/node/.openclaw/workspace/btc_5m_bot.py", line 14, in <module>
    import httpx
ModuleNotFoundError: No module named 'httpx'
---
=== Wed May 27 20:11:39 UTC 2026 ===
Traceback (most recent call last):
  File "/home/node/.openclaw/workspace/btc_5m_bot.py", line 14, in <module>
    import httpx
ModuleNotFoundError: No module named 'httpx'
---
=== Wed May 27 20:13:00 UTC 2026 ===
Traceback (most recent call last):
  File "/home/node/.openclaw/workspace/btc_5m_bot.py", line 14, in <module>
    import httpx
ModuleNotFoundError: No module named 'httpx'
---
=== Wed May 27 20:14:21 UTC 2026 ===
Traceback (most recent call last):
  File "/home/node/.openclaw/workspace/btc_5m_bot.py", line 14, in <module>
    import httpx
ModuleNotFoundError: No module named 'httpx'
---
=== Wed May 27 20:15:42 UTC 2026 ===
Traceback (most recent call last):
  File "/home/node/.openclaw/workspace/btc_5m_bot.py", line 14, in <module>
    import httpx
ModuleNotFoundError: No module named 'httpx'
---
=== Wed May 27 20:17:03 UTC 2026 ===
Traceback (most recent call last):
  File "/home/node/.openclaw/workspace/btc_5m_bot.py", line 14, in <module>
    import httpx
ModuleNotFoundError: No module named 'httpx'
---
=== Wed May 27 20:18:24 UTC 2026 ===
Traceback (most recent call last):
  File "/home/node/.openclaw/workspace/btc_5m_bot.py", line 14, in <module>
    import httpx
ModuleNotFoundError: No module named 'httpx'
---
=== Wed May 27 20:19:45 UTC 2026 ===
Traceback (most recent call last):
  File "/home/node/.openclaw/workspace/btc_5m_bot.py", line 14, in <module>
    import httpx
ModuleNotFoundError: No module named 'httpx'
---
=== Wed May 27 20:21:06 UTC 2026 ===
Traceback (most recent call last):
  File "/home/node/.openclaw/workspace/btc_5m_bot.py", line 14, in <module>
    import httpx
ModuleNotFoundError: No module named 'httpx'
---
=== Wed May 27 20:22:28 UTC 2026 ===
Traceback (most recent call last):
  File "/home/node/.openclaw/workspace/btc_5m_bot.py", line 14, in <module>
    import httpx
ModuleNotFoundError: No module named 'httpx'
---
=== Wed May 27 20:23:49 UTC 2026 ===
Traceback (most recent call last):
  File "/home/node/.openclaw/workspace/btc_5m_bot.py", line 14, in <module>
    import httpx
ModuleNotFoundError: No module named 'httpx'
---
=== Wed May 27 20:25:10 UTC 2026 ===
Traceback (most recent call last):
  File "/home/node/.openclaw/workspace/btc_5m_bot.py", line 14, in <module>
    import httpx
ModuleNotFoundError: No module named 'httpx'
---
=== Wed May 27 20:26:31 UTC 2026 ===
Traceback (most recent call last):
  File "/home/node/.openclaw/workspace/btc_5m_bot.py", line 14, in <module>
    import httpx
ModuleNotFoundError: No module named 'httpx'
---
=== Wed May 27 20:27:52 UTC 2026 ===
Traceback (most recent call last):
  File "/home/node/.openclaw/workspace/btc_5m_bot.py", line 14, in <module>
    import httpx
ModuleNotFoundError: No module named 'httpx'
---
=== Wed May 27 20:29:13 UTC 2026 ===
Traceback (most recent call last):
  File "/home/node/.openclaw/workspace/btc_5m_bot.py", line 14, in <module>
    import httpx
ModuleNotFoundError: No module named 'httpx'
---
=== Wed May 27 20:30:34 UTC 2026 ===
Traceback (most recent call last):
  File "/home/node/.openclaw/workspace/btc_5m_bot.py", line 14, in <module>
    import httpx
ModuleNotFoundError: No module named 'httpx'
---
=== Wed May 27 20:31:55 UTC 2026 ===
Traceback (most recent call last):
  File "/home/node/.openclaw/workspace/btc_5m_bot.py", line 14, in <module>
    import httpx
ModuleNotFoundError: No module named 'httpx'
---
=== Wed May 27 20:33:16 UTC 2026 ===
Traceback (most recent call last):
  File "/home/node/.openclaw/workspace/btc_5m_bot.py", line 14, in <module>
    import httpx
ModuleNotFoundError: No module named 'httpx'
---
=== Wed May 27 20:34:37 UTC 2026 ===
Traceback (most recent call last):
  File "/home/node/.openclaw/workspace/btc_5m_bot.py", line 14, in <module>
    import httpx
ModuleNotFoundError: No module named 'httpx'
---
=== Wed May 27 20:35:58 UTC 2026 ===
Traceback (most recent call last):
  File "/home/node/.openclaw/workspace/btc_5m_bot.py", line 14, in <module>
    import httpx
ModuleNotFoundError: No module named 'httpx'
---
=== Wed May 27 20:37:19 UTC 2026 ===
Traceback (most recent call last):
  File "/home/node/.openclaw/workspace/btc_5m_bot.py", line 14, in <module>
    import httpx
ModuleNotFoundError: No module named 'httpx'
---
=== Wed May 27 20:38:41 UTC 2026 ===
Traceback (most recent call last):
  File "/home/node/.openclaw/workspace/btc_5m_bot.py", line 14, in <module>
    import httpx
ModuleNotFoundError: No module named 'httpx'
---
=== Wed May 27 20:40:02 UTC 2026 ===
Traceback (most recent call last):
  File "/home/node/.openclaw/workspace/btc_5m_bot.py", line 14, in <module>
    import httpx
ModuleNotFoundError: No module named 'httpx'
---
=== Wed May 27 20:41:23 UTC 2026 ===
Traceback (most recent call last):
  File "/home/node/.openclaw/workspace/btc_5m_bot.py", line 14, in <module>
    import httpx
ModuleNotFoundError: No module named 'httpx'
---
=== Wed May 27 20:42:44 UTC 2026 ===
Traceback (most recent call last):
  File "/home/node/.openclaw/workspace/btc_5m_bot.py", line 14, in <module>
    import httpx
ModuleNotFoundError: No module named 'httpx'
---
=== Wed May 27 20:44:05 UTC 2026 ===
Traceback (most recent call last):
  File "/home/node/.openclaw/workspace/btc_5m_bot.py", line 14, in <module>
    import httpx
ModuleNotFoundError: No module named 'httpx'
---
=== Wed May 27 20:45:26 UTC 2026 ===
Traceback (most recent call last):
  File "/home/node/.openclaw/workspace/btc_5m_bot.py", line 14, in <module>
    import httpx
ModuleNotFoundError: No module named 'httpx'
---
=== Wed May 27 20:46:47 UTC 2026 ===
Traceback (most recent call last):
  File "/home/node/.openclaw/workspace/btc_5m_bot.py", line 14, in <module>
    import httpx
ModuleNotFoundError: No module named 'httpx'
---
=== Wed May 27 20:48:08 UTC 2026 ===
Traceback (most recent call last):
  File "/home/node/.openclaw/workspace/btc_5m_bot.py", line 14, in <module>
    import httpx
ModuleNotFoundError: No module named 'httpx'
---
=== Wed May 27 20:49:29 UTC 2026 ===
Traceback (most recent call last):
  File "/home/node/.openclaw/workspace/btc_5m_bot.py", line 14, in <module>
    import httpx
ModuleNotFoundError: No module named 'httpx'
---
=== Wed May 27 20:50:50 UTC 2026 ===
Traceback (most recent call last):
  File "/home/node/.openclaw/workspace/btc_5m_bot.py", line 14, in <module>
    import httpx
ModuleNotFoundError: No module named 'httpx'
---
=== Wed May 27 20:52:12 UTC 2026 ===
Traceback (most recent call last):
  File "/home/node/.openclaw/workspace/btc_5m_bot.py", line 14, in <module>
    import httpx
ModuleNotFoundError: No module named 'httpx'
---
=== Wed May 27 20:53:33 UTC 2026 ===
Traceback (most recent call last):
  File "/home/node/.openclaw/workspace/btc_5m_bot.py", line 14, in <module>
    import httpx
ModuleNotFoundError: No module named 'httpx'
---
=== Wed May 27 20:54:54 UTC 2026 ===
Traceback (most recent call last):
  File "/home/node/.openclaw/workspace/btc_5m_bot.py", line 14, in <module>
    import httpx
ModuleNotFoundError: No module named 'httpx'
---
=== Wed May 27 20:56:15 UTC 2026 ===
Traceback (most recent call last):
  File "/home/node/.openclaw/workspace/btc_5m_bot.py", line 14, in <module>
    import httpx
ModuleNotFoundError: No module named 'httpx'
---
=== Wed May 27 20:57:36 UTC 2026 ===
Traceback (most recent call last):
  File "/home/node/.openclaw/workspace/btc_5m_bot.py", line 14, in <module>
    import httpx
ModuleNotFoundError: No module named 'httpx'
---
=== Wed May 27 20:58:57 UTC 2026 ===
Traceback (most recent call last):
  File "/home/node/.openclaw/workspace/btc_5m_bot.py", line 14, in <module>
    import httpx
ModuleNotFoundError: No module named 'httpx'
---
=== Wed May 27 21:00:18 UTC 2026 ===
Traceback (most recent call last):
  File "/home/node/.openclaw/workspace/btc_5m_bot.py", line 14, in <module>
    import httpx
ModuleNotFoundError: No module named 'httpx'
---
=== Wed May 27 21:01:39 UTC 2026 ===
Traceback (most recent call last):
  File "/home/node/.openclaw/workspace/btc_5m_bot.py", line 14, in <module>
    import httpx
ModuleNotFoundError: No module named 'httpx'
---
=== Wed May 27 21:03:00 UTC 2026 ===
Traceback (most recent call last):
  File "/home/node/.openclaw/workspace/btc_5m_bot.py", line 14, in <module>
    import httpx
ModuleNotFoundError: No module named 'httpx'
---
=== Wed May 27 21:04:21 UTC 2026 ===
Traceback (most recent call last):
  File "/home/node/.openclaw/workspace/btc_5m_bot.py", line 14, in <module>
    import httpx
ModuleNotFoundError: No module named 'httpx'
---
=== Wed May 27 21:05:43 UTC 2026 ===
Traceback (most recent call last):
  File "/home/node/.openclaw/workspace/btc_5m_bot.py", line 14, in <module>
    import httpx
ModuleNotFoundError: No module named 'httpx'
---
=== Wed May 27 21:07:04 UTC 2026 ===
Traceback (most recent call last):
  File "/home/node/.openclaw/workspace/btc_5m_bot.py", line 14, in <module>
    import httpx
ModuleNotFoundError: No module named 'httpx'
---
=== Wed May 27 21:08:25 UTC 2026 ===
Traceback (most recent call last):
  File "/home/node/.openclaw/workspace/btc_5m_bot.py", line 14, in <module>
    import httpx
ModuleNotFoundError: No module named 'httpx'
---
=== Wed May 27 21:09:46 UTC 2026 ===
Traceback (most recent call last):
  File "/home/node/.openclaw/workspace/btc_5m_bot.py", line 14, in <module>
    import httpx
ModuleNotFoundError: No module named 'httpx'
---
=== Wed May 27 21:11:07 UTC 2026 ===
Traceback (most recent call last):
  File "/home/node/.openclaw/workspace/btc_5m_bot.py", line 14, in <module>
    import httpx
ModuleNotFoundError: No module named 'httpx'
---
=== Wed May 27 21:12:28 UTC 2026 ===
Traceback (most recent call last):
  File "/home/node/.openclaw/workspace/btc_5m_bot.py", line 14, in <module>
    import httpx
ModuleNotFoundError: No module named 'httpx'
---
=== Wed May 27 21:13:49 UTC 2026 ===
Traceback (most recent call last):
  File "/home/node/.openclaw/workspace/btc_5m_bot.py", line 14, in <module>
    import httpx
ModuleNotFoundError: No module named 'httpx'
---
=== Wed May 27 21:15:10 UTC 2026 ===
Traceback (most recent call last):
  File "/home/node/.openclaw/workspace/btc_5m_bot.py", line 14, in <module>
    import httpx
ModuleNotFoundError: No module named 'httpx'
---
=== Wed May 27 21:16:31 UTC 2026 ===
Traceback (most recent call last):
  File "/home/node/.openclaw/workspace/btc_5m_bot.py", line 14, in <module>
    import httpx
ModuleNotFoundError: No module named 'httpx'
---
=== Wed May 27 21:17:52 UTC 2026 ===
Traceback (most recent call last):
  File "/home/node/.openclaw/workspace/btc_5m_bot.py", line 14, in <module>
    import httpx
ModuleNotFoundError: No module named 'httpx'
---
=== Wed May 27 21:19:14 UTC 2026 ===
Traceback (most recent call last):
  File "/home/node/.openclaw/workspace/btc_5m_bot.py", line 14, in <module>
    import httpx
ModuleNotFoundError: No module named 'httpx'
---
=== Wed May 27 21:20:35 UTC 2026 ===
Traceback (most recent call last):
  File "/home/node/.openclaw/workspace/btc_5m_bot.py", line 14, in <module>
    import httpx
ModuleNotFoundError: No module named 'httpx'
---
=== Wed May 27 21:21:56 UTC 2026 ===
Traceback (most recent call last):
  File "/home/node/.openclaw/workspace/btc_5m_bot.py", line 14, in <module>
    import httpx
ModuleNotFoundError: No module named 'httpx'
---
=== Wed May 27 21:23:17 UTC 2026 ===
Traceback (most recent call last):
  File "/home/node/.openclaw/workspace/btc_5m_bot.py", line 14, in <module>
    import httpx
ModuleNotFoundError: No module named 'httpx'
---
=== Wed May 27 21:24:38 UTC 2026 ===
Traceback (most recent call last):
  File "/home/node/.openclaw/workspace/btc_5m_bot.py", line 14, in <module>
    import httpx
ModuleNotFoundError: No module named 'httpx'
---
=== Wed May 27 21:25:59 UTC 2026 ===
Traceback (most recent call last):
  File "/home/node/.openclaw/workspace/btc_5m_bot.py", line 14, in <module>
    import httpx
ModuleNotFoundError: No module named 'httpx'
---
=== Wed May 27 21:27:20 UTC 2026 ===
Traceback (most recent call last):
  File "/home/node/.openclaw/workspace/btc_5m_bot.py", line 14, in <module>
    import httpx
ModuleNotFoundError: No module named 'httpx'
---
=== Wed May 27 21:28:41 UTC 2026 ===
Traceback (most recent call last):
  File "/home/node/.openclaw/workspace/btc_5m_bot.py", line 14, in <module>
    import httpx
ModuleNotFoundError: No module named 'httpx'
---
=== Wed May 27 21:30:02 UTC 2026 ===
Traceback (most recent call last):
  File "/home/node/.openclaw/workspace/btc_5m_bot.py", line 14, in <module>
    import httpx
ModuleNotFoundError: No module named 'httpx'
---
=== Wed May 27 21:31:23 UTC 2026 ===
Traceback (most recent call last):
  File "/home/node/.openclaw/workspace/btc_5m_bot.py", line 14, in <module>
    import httpx
ModuleNotFoundError: No module named 'httpx'
---
=== Wed May 27 21:32:44 UTC 2026 ===
Traceback (most recent call last):
  File "/home/node/.openclaw/workspace/btc_5m_bot.py", line 14, in <module>
    import httpx
ModuleNotFoundError: No module named 'httpx'
---
=== Wed May 27 21:34:06 UTC 2026 ===
Traceback (most recent call last):
  File "/home/node/.openclaw/workspace/btc_5m_bot.py", line 14, in <module>
    import httpx
ModuleNotFoundError: No module named 'httpx'
---
=== Wed May 27 21:35:27 UTC 2026 ===
Traceback (most recent call last):
  File "/home/node/.openclaw/workspace/btc_5m_bot.py", line 14, in <module>
    import httpx
ModuleNotFoundError: No module named 'httpx'
---
=== Wed May 27 21:36:48 UTC 2026 ===
Traceback (most recent call last):
  File "/home/node/.openclaw/workspace/btc_5m_bot.py", line 14, in <module>
    import httpx
ModuleNotFoundError: No module named 'httpx'
---
=== Wed May 27 21:38:09 UTC 2026 ===
Traceback (most recent call last):
  File "/home/node/.openclaw/workspace/btc_5m_bot.py", line 14, in <module>
    import httpx
ModuleNotFoundError: No module named 'httpx'
---
=== Wed May 27 21:39:30 UTC 2026 ===
Traceback (most recent call last):
  File "/home/node/.openclaw/workspace/btc_5m_bot.py", line 14, in <module>
    import httpx
ModuleNotFoundError: No module named 'httpx'
---
=== Wed May 27 21:40:51 UTC 2026 ===
Traceback (most recent call last):
  File "/home/node/.openclaw/workspace/btc_5m_bot.py", line 14, in <module>
    import httpx
ModuleNotFoundError: No module named 'httpx'
---
=== Wed May 27 21:42:12 UTC 2026 ===
Traceback (most recent call last):
  File "/home/node/.openclaw/workspace/btc_5m_bot.py", line 14, in <module>
    import httpx
ModuleNotFoundError: No module named 'httpx'
---
=== Wed May 27 21:43:33 UTC 2026 ===
Traceback (most recent call last):
  File "/home/node/.openclaw/workspace/btc_5m_bot.py", line 14, in <module>
    import httpx
ModuleNotFoundError: No module named 'httpx'
---
=== Wed May 27 21:44:54 UTC 2026 ===
Traceback (most recent call last):
  File "/home/node/.openclaw/workspace/btc_5m_bot.py", line 14, in <module>
    import httpx
ModuleNotFoundError: No module named 'httpx'
---
=== Wed May 27 21:46:15 UTC 2026 ===
Traceback (most recent call last):
  File "/home/node/.openclaw/workspace/btc_5m_bot.py", line 14, in <module>
    import httpx
ModuleNotFoundError: No module named 'httpx'
---
=== Wed May 27 21:47:36 UTC 2026 ===
Traceback (most recent call last):
  File "/home/node/.openclaw/workspace/btc_5m_bot.py", line 14, in <module>
    import httpx
ModuleNotFoundError: No module named 'httpx'
---
=== Wed May 27 21:48:57 UTC 2026 ===
Traceback (most recent call last):
  File "/home/node/.openclaw/workspace/btc_5m_bot.py", line 14, in <module>
    import httpx
ModuleNotFoundError: No module named 'httpx'
---
=== Wed May 27 21:50:19 UTC 2026 ===
Traceback (most recent call last):
  File "/home/node/.openclaw/workspace/btc_5m_bot.py", line 14, in <module>
    import httpx
ModuleNotFoundError: No module named 'httpx'
---
=== Wed May 27 21:51:40 UTC 2026 ===
Traceback (most recent call last):
  File "/home/node/.openclaw/workspace/btc_5m_bot.py", line 14, in <module>
    import httpx
ModuleNotFoundError: No module named 'httpx'
---
=== Wed May 27 21:53:01 UTC 2026 ===
Traceback (most recent call last):
  File "/home/node/.openclaw/workspace/btc_5m_bot.py", line 14, in <module>
    import httpx
ModuleNotFoundError: No module named 'httpx'
---
=== Wed May 27 21:54:22 UTC 2026 ===
Traceback (most recent call last):
  File "/home/node/.openclaw/workspace/btc_5m_bot.py", line 14, in <module>
    import httpx
ModuleNotFoundError: No module named 'httpx'
---
=== Wed May 27 21:55:43 UTC 2026 ===
Traceback (most recent call last):
  File "/home/node/.openclaw/workspace/btc_5m_bot.py", line 14, in <module>
    import httpx
ModuleNotFoundError: No module named 'httpx'
---
=== Wed May 27 21:57:04 UTC 2026 ===
Traceback (most recent call last):
  File "/home/node/.openclaw/workspace/btc_5m_bot.py", line 14, in <module>
    import httpx
ModuleNotFoundError: No module named 'httpx'
---
=== Wed May 27 21:58:25 UTC 2026 ===
Traceback (most recent call last):
  File "/home/node/.openclaw/workspace/btc_5m_bot.py", line 14, in <module>
    import httpx
ModuleNotFoundError: No module named 'httpx'
---
=== Wed May 27 21:59:46 UTC 2026 ===
Traceback (most recent call last):
  File "/home/node/.openclaw/workspace/btc_5m_bot.py", line 14, in <module>
    import httpx
ModuleNotFoundError: No module named 'httpx'
---
=== Wed May 27 22:01:07 UTC 2026 ===
Traceback (most recent call last):
  File "/home/node/.openclaw/workspace/btc_5m_bot.py", line 14, in <module>
    import httpx
ModuleNotFoundError: No module named 'httpx'
---
=== Wed May 27 22:02:28 UTC 2026 ===
Traceback (most recent call last):
  File "/home/node/.openclaw/workspace/btc_5m_bot.py", line 14, in <module>
    import httpx
ModuleNotFoundError: No module named 'httpx'
---
=== Wed May 27 22:03:49 UTC 2026 ===
Traceback (most recent call last):
  File "/home/node/.openclaw/workspace/btc_5m_bot.py", line 14, in <module>
    import httpx
ModuleNotFoundError: No module named 'httpx'
---
=== Wed May 27 22:05:11 UTC 2026 ===
Traceback (most recent call last):
  File "/home/node/.openclaw/workspace/btc_5m_bot.py", line 14, in <module>
    import httpx
ModuleNotFoundError: No module named 'httpx'
---
=== Wed May 27 22:06:32 UTC 2026 ===
Traceback (most recent call last):
  File "/home/node/.openclaw/workspace/btc_5m_bot.py", line 14, in <module>
    import httpx
ModuleNotFoundError: No module named 'httpx'
---
=== Wed May 27 22:07:53 UTC 2026 ===
Traceback (most recent call last):
  File "/home/node/.openclaw/workspace/btc_5m_bot.py", line 14, in <module>
    import httpx
ModuleNotFoundError: No module named 'httpx'
---
=== Wed May 27 22:09:14 UTC 2026 ===
Traceback (most recent call last):
  File "/home/node/.openclaw/workspace/btc_5m_bot.py", line 14, in <module>
    import httpx
ModuleNotFoundError: No module named 'httpx'
---
=== Wed May 27 22:10:35 UTC 2026 ===
Traceback (most recent call last):
  File "/home/node/.openclaw/workspace/btc_5m_bot.py", line 14, in <module>
    import httpx
ModuleNotFoundError: No module named 'httpx'
---
=== Wed May 27 22:11:56 UTC 2026 ===
Traceback (most recent call last):
  File "/home/node/.openclaw/workspace/btc_5m_bot.py", line 14, in <module>
    import httpx
ModuleNotFoundError: No module named 'httpx'
---
=== Wed May 27 22:13:17 UTC 2026 ===
Traceback (most recent call last):
  File "/home/node/.openclaw/workspace/btc_5m_bot.py", line 14, in <module>
    import httpx
ModuleNotFoundError: No module named 'httpx'
---
=== Wed May 27 22:14:38 UTC 2026 ===
Traceback (most recent call last):
  File "/home/node/.openclaw/workspace/btc_5m_bot.py", line 14, in <module>
    import httpx
ModuleNotFoundError: No module named 'httpx'
---
=== Wed May 27 22:15:59 UTC 2026 ===
Traceback (most recent call last):
  File "/home/node/.openclaw/workspace/btc_5m_bot.py", line 14, in <module>
    import httpx
ModuleNotFoundError: No module named 'httpx'
---
=== Wed May 27 22:17:20 UTC 2026 ===
Traceback (most recent call last):
  File "/home/node/.openclaw/workspace/btc_5m_bot.py", line 14, in <module>
    import httpx
ModuleNotFoundError: No module named 'httpx'
---
=== Wed May 27 22:18:41 UTC 2026 ===
Traceback (most recent call last):
  File "/home/node/.openclaw/workspace/btc_5m_bot.py", line 14, in <module>
    import httpx
ModuleNotFoundError: No module named 'httpx'
---
=== Wed May 27 22:20:02 UTC 2026 ===
Traceback (most recent call last):
  File "/home/node/.openclaw/workspace/btc_5m_bot.py", line 14, in <module>
    import httpx
ModuleNotFoundError: No module named 'httpx'
---
=== Wed May 27 22:21:23 UTC 2026 ===
Traceback (most recent call last):
  File "/home/node/.openclaw/workspace/btc_5m_bot.py", line 14, in <module>
    import httpx
ModuleNotFoundError: No module named 'httpx'
---
=== Wed May 27 22:22:45 UTC 2026 ===
Traceback (most recent call last):
  File "/home/node/.openclaw/workspace/btc_5m_bot.py", line 14, in <module>
    import httpx
ModuleNotFoundError: No module named 'httpx'
---
=== Wed May 27 22:24:06 UTC 2026 ===
Traceback (most recent call last):
  File "/home/node/.openclaw/workspace/btc_5m_bot.py", line 14, in <module>
    import httpx
ModuleNotFoundError: No module named 'httpx'
---
=== Wed May 27 22:25:27 UTC 2026 ===
Traceback (most recent call last):
  File "/home/node/.openclaw/workspace/btc_5m_bot.py", line 14, in <module>
    import httpx
ModuleNotFoundError: No module named 'httpx'
---
=== Wed May 27 22:26:48 UTC 2026 ===
Traceback (most recent call last):
  File "/home/node/.openclaw/workspace/btc_5m_bot.py", line 14, in <module>
    import httpx
ModuleNotFoundError: No module named 'httpx'
---
=== Wed May 27 22:28:09 UTC 2026 ===
Traceback (most recent call last):
  File "/home/node/.openclaw/workspace/btc_5m_bot.py", line 14, in <module>
    import httpx
ModuleNotFoundError: No module named 'httpx'
---
=== Wed May 27 22:29:30 UTC 2026 ===
Traceback (most recent call last):
  File "/home/node/.openclaw/workspace/btc_5m_bot.py", line 14, in <module>
    import httpx
ModuleNotFoundError: No module named 'httpx'
---
=== Wed May 27 22:30:51 UTC 2026 ===
Traceback (most recent call last):
  File "/home/node/.openclaw/workspace/btc_5m_bot.py", line 14, in <module>
    import httpx
ModuleNotFoundError: No module named 'httpx'
---
=== Wed May 27 22:32:12 UTC 2026 ===
Traceback (most recent call last):
  File "/home/node/.openclaw/workspace/btc_5m_bot.py", line 14, in <module>
    import httpx
ModuleNotFoundError: No module named 'httpx'
---
=== Wed May 27 22:33:33 UTC 2026 ===
Traceback (most recent call last):
  File "/home/node/.openclaw/workspace/btc_5m_bot.py", line 14, in <module>
    import httpx
ModuleNotFoundError: No module named 'httpx'
---
=== Wed May 27 22:34:54 UTC 2026 ===
Traceback (most recent call last):
  File "/home/node/.openclaw/workspace/btc_5m_bot.py", line 14, in <module>
    import httpx
ModuleNotFoundError: No module named 'httpx'
---
=== Wed May 27 22:36:15 UTC 2026 ===
Traceback (most recent call last):
  File "/home/node/.openclaw/workspace/btc_5m_bot.py", line 14, in <module>
    import httpx
ModuleNotFoundError: No module named 'httpx'
---
=== Wed May 27 22:37:36 UTC 2026 ===
Traceback (most recent call last):
  File "/home/node/.openclaw/workspace/btc_5m_bot.py", line 14, in <module>
    import httpx
ModuleNotFoundError: No module named 'httpx'
---
=== Wed May 27 22:38:57 UTC 2026 ===
Traceback (most recent call last):
  File "/home/node/.openclaw/workspace/btc_5m_bot.py", line 14, in <module>
    import httpx
ModuleNotFoundError: No module named 'httpx'
---
=== Wed May 27 22:40:19 UTC 2026 ===
Traceback (most recent call last):
  File "/home/node/.openclaw/workspace/btc_5m_bot.py", line 14, in <module>
    import httpx
ModuleNotFoundError: No module named 'httpx'
---
=== Wed May 27 22:41:40 UTC 2026 ===
Traceback (most recent call last):
  File "/home/node/.openclaw/workspace/btc_5m_bot.py", line 14, in <module>
    import httpx
ModuleNotFoundError: No module named 'httpx'
---
=== Wed May 27 22:43:01 UTC 2026 ===
Traceback (most recent call last):
  File "/home/node/.openclaw/workspace/btc_5m_bot.py", line 14, in <module>
    import httpx
ModuleNotFoundError: No module named 'httpx'
---
=== Wed May 27 22:44:22 UTC 2026 ===
Traceback (most recent call last):
  File "/home/node/.openclaw/workspace/btc_5m_bot.py", line 14, in <module>
    import httpx
ModuleNotFoundError: No module named 'httpx'
---
=== Wed May 27 22:45:43 UTC 2026 ===
Traceback (most recent call last):
  File "/home/node/.openclaw/workspace/btc_5m_bot.py", line 14, in <module>
    import httpx
ModuleNotFoundError: No module named 'httpx'
---
=== Wed May 27 22:47:04 UTC 2026 ===
Traceback (most recent call last):
  File "/home/node/.openclaw/workspace/btc_5m_bot.py", line 14, in <module>
    import httpx
ModuleNotFoundError: No module named 'httpx'
---
=== Wed May 27 22:48:25 UTC 2026 ===
Traceback (most recent call last):
  File "/home/node/.openclaw/workspace/btc_5m_bot.py", line 14, in <module>
    import httpx
ModuleNotFoundError: No module named 'httpx'
---
=== Wed May 27 22:49:46 UTC 2026 ===
Traceback (most recent call last):
  File "/home/node/.openclaw/workspace/btc_5m_bot.py", line 14, in <module>
    import httpx
ModuleNotFoundError: No module named 'httpx'
---
=== Wed May 27 22:51:07 UTC 2026 ===
Traceback (most recent call last):
  File "/home/node/.openclaw/workspace/btc_5m_bot.py", line 14, in <module>
    import httpx
ModuleNotFoundError: No module named 'httpx'
---
=== Wed May 27 22:52:28 UTC 2026 ===
Traceback (most recent call last):
  File "/home/node/.openclaw/workspace/btc_5m_bot.py", line 14, in <module>
    import httpx
ModuleNotFoundError: No module named 'httpx'
---
=== Wed May 27 22:53:49 UTC 2026 ===
Traceback (most recent call last):
  File "/home/node/.openclaw/workspace/btc_5m_bot.py", line 14, in <module>
    import httpx
ModuleNotFoundError: No module named 'httpx'
---
=== Wed May 27 22:55:11 UTC 2026 ===
Traceback (most recent call last):
  File "/home/node/.openclaw/workspace/btc_5m_bot.py", line 14, in <module>
    import httpx
ModuleNotFoundError: No module named 'httpx'
---
=== Wed May 27 22:56:32 UTC 2026 ===
Traceback (most recent call last):
  File "/home/node/.openclaw/workspace/btc_5m_bot.py", line 14, in <module>
    import httpx
ModuleNotFoundError: No module named 'httpx'
---
=== Wed May 27 22:57:53 UTC 2026 ===
Traceback (most recent call last):
  File "/home/node/.openclaw/workspace/btc_5m_bot.py", line 14, in <module>
    import httpx
ModuleNotFoundError: No module named 'httpx'
---
=== Wed May 27 22:59:14 UTC 2026 ===
Traceback (most recent call last):
  File "/home/node/.openclaw/workspace/btc_5m_bot.py", line 14, in <module>
    import httpx
ModuleNotFoundError: No module named 'httpx'
---
=== Wed May 27 23:00:35 UTC 2026 ===
Traceback (most recent call last):
  File "/home/node/.openclaw/workspace/btc_5m_bot.py", line 14, in <module>
    import httpx
ModuleNotFoundError: No module named 'httpx'
---
=== Wed May 27 23:01:56 UTC 2026 ===
Traceback (most recent call last):
  File "/home/node/.openclaw/workspace/btc_5m_bot.py", line 14, in <module>
    import httpx
ModuleNotFoundError: No module named 'httpx'
---
=== Wed May 27 23:03:17 UTC 2026 ===
Traceback (most recent call last):
  File "/home/node/.openclaw/workspace/btc_5m_bot.py", line 14, in <module>
    import httpx
ModuleNotFoundError: No module named 'httpx'
---
=== Wed May 27 23:04:38 UTC 2026 ===
Traceback (most recent call last):
  File "/home/node/.openclaw/workspace/btc_5m_bot.py", line 14, in <module>
    import httpx
ModuleNotFoundError: No module named 'httpx'
---
=== Wed May 27 23:05:59 UTC 2026 ===
Traceback (most recent call last):
  File "/home/node/.openclaw/workspace/btc_5m_bot.py", line 14, in <module>
    import httpx
ModuleNotFoundError: No module named 'httpx'
---
=== Wed May 27 23:07:20 UTC 2026 ===
Traceback (most recent call last):
  File "/home/node/.openclaw/workspace/btc_5m_bot.py", line 14, in <module>
    import httpx
ModuleNotFoundError: No module named 'httpx'
---
=== Wed May 27 23:08:41 UTC 2026 ===
Traceback (most recent call last):
  File "/home/node/.openclaw/workspace/btc_5m_bot.py", line 14, in <module>
    import httpx
ModuleNotFoundError: No module named 'httpx'
---
=== Wed May 27 23:10:02 UTC 2026 ===
Traceback (most recent call last):
  File "/home/node/.openclaw/workspace/btc_5m_bot.py", line 14, in <module>
    import httpx
ModuleNotFoundError: No module named 'httpx'
---
=== Wed May 27 23:11:24 UTC 2026 ===
Traceback (most recent call last):
  File "/home/node/.openclaw/workspace/btc_5m_bot.py", line 14, in <module>
    import httpx
ModuleNotFoundError: No module named 'httpx'
---
=== Wed May 27 23:12:45 UTC 2026 ===
Traceback (most recent call last):
  File "/home/node/.openclaw/workspace/btc_5m_bot.py", line 14, in <module>
    import httpx
ModuleNotFoundError: No module named 'httpx'
---
=== Wed May 27 23:14:06 UTC 2026 ===
Traceback (most recent call last):
  File "/home/node/.openclaw/workspace/btc_5m_bot.py", line 14, in <module>
    import httpx
ModuleNotFoundError: No module named 'httpx'
---
=== Wed May 27 23:15:27 UTC 2026 ===
Traceback (most recent call last):
  File "/home/node/.openclaw/workspace/btc_5m_bot.py", line 14, in <module>
    import httpx
ModuleNotFoundError: No module named 'httpx'
---
=== Wed May 27 23:16:48 UTC 2026 ===
Traceback (most recent call last):
  File "/home/node/.openclaw/workspace/btc_5m_bot.py", line 14, in <module>
    import httpx
ModuleNotFoundError: No module named 'httpx'
---
=== Wed May 27 23:18:09 UTC 2026 ===
Traceback (most recent call last):
  File "/home/node/.openclaw/workspace/btc_5m_bot.py", line 14, in <module>
    import httpx
ModuleNotFoundError: No module named 'httpx'
---
=== Wed May 27 23:19:30 UTC 2026 ===
Traceback (most recent call last):
  File "/home/node/.openclaw/workspace/btc_5m_bot.py", line 14, in <module>
    import httpx
ModuleNotFoundError: No module named 'httpx'
---
=== Wed May 27 23:20:51 UTC 2026 ===
Traceback (most recent call last):
  File "/home/node/.openclaw/workspace/btc_5m_bot.py", line 14, in <module>
    import httpx
ModuleNotFoundError: No module named 'httpx'
---
=== Wed May 27 23:22:12 UTC 2026 ===
Traceback (most recent call last):
  File "/home/node/.openclaw/workspace/btc_5m_bot.py", line 14, in <module>
    import httpx
ModuleNotFoundError: No module named 'httpx'
---
=== Wed May 27 23:23:33 UTC 2026 ===
Traceback (most recent call last):
  File "/home/node/.openclaw/workspace/btc_5m_bot.py", line 14, in <module>
    import httpx
ModuleNotFoundError: No module named 'httpx'
---
=== Wed May 27 23:24:54 UTC 2026 ===
Traceback (most recent call last):
  File "/home/node/.openclaw/workspace/btc_5m_bot.py", line 14, in <module>
    import httpx
ModuleNotFoundError: No module named 'httpx'
---
=== Wed May 27 23:26:15 UTC 2026 ===
Traceback (most recent call last):
  File "/home/node/.openclaw/workspace/btc_5m_bot.py", line 14, in <module>
    import httpx
ModuleNotFoundError: No module named 'httpx'
---
=== Wed May 27 23:27:36 UTC 2026 ===
Traceback (most recent call last):
  File "/home/node/.openclaw/workspace/btc_5m_bot.py", line 14, in <module>
    import httpx
ModuleNotFoundError: No module named 'httpx'
---
=== Wed May 27 23:28:58 UTC 2026 ===
Traceback (most recent call last):
  File "/home/node/.openclaw/workspace/btc_5m_bot.py", line 14, in <module>
    import httpx
ModuleNotFoundError: No module named 'httpx'
---
=== Wed May 27 23:30:19 UTC 2026 ===
Traceback (most recent call last):
  File "/home/node/.openclaw/workspace/btc_5m_bot.py", line 14, in <module>
    import httpx
ModuleNotFoundError: No module named 'httpx'
---
=== Wed May 27 23:31:40 UTC 2026 ===
Traceback (most recent call last):
  File "/home/node/.openclaw/workspace/btc_5m_bot.py", line 14, in <module>
    import httpx
ModuleNotFoundError: No module named 'httpx'
---
=== Wed May 27 23:33:01 UTC 2026 ===
Traceback (most recent call last):
  File "/home/node/.openclaw/workspace/btc_5m_bot.py", line 14, in <module>
    import httpx
ModuleNotFoundError: No module named 'httpx'
---
=== Wed May 27 23:34:22 UTC 2026 ===
Traceback (most recent call last):
  File "/home/node/.openclaw/workspace/btc_5m_bot.py", line 14, in <module>
    import httpx
ModuleNotFoundError: No module named 'httpx'
---
=== Wed May 27 23:35:43 UTC 2026 ===
Traceback (most recent call last):
  File "/home/node/.openclaw/workspace/btc_5m_bot.py", line 14, in <module>
    import httpx
ModuleNotFoundError: No module named 'httpx'
---
=== Wed May 27 23:37:04 UTC 2026 ===
Traceback (most recent call last):
  File "/home/node/.openclaw/workspace/btc_5m_bot.py", line 14, in <module>
    import httpx
ModuleNotFoundError: No module named 'httpx'
---
=== Wed May 27 23:38:25 UTC 2026 ===
Traceback (most recent call last):
  File "/home/node/.openclaw/workspace/btc_5m_bot.py", line 14, in <module>
    import httpx
ModuleNotFoundError: No module named 'httpx'
---
=== Wed May 27 23:39:46 UTC 2026 ===
Traceback (most recent call last):
  File "/home/node/.openclaw/workspace/btc_5m_bot.py", line 14, in <module>
    import httpx
ModuleNotFoundError: No module named 'httpx'
---
=== Wed May 27 23:41:07 UTC 2026 ===
Traceback (most recent call last):
  File "/home/node/.openclaw/workspace/btc_5m_bot.py", line 14, in <module>
    import httpx
ModuleNotFoundError: No module named 'httpx'
---
=== Wed May 27 23:42:28 UTC 2026 ===
Traceback (most recent call last):
  File "/home/node/.openclaw/workspace/btc_5m_bot.py", line 14, in <module>
    import httpx
ModuleNotFoundError: No module named 'httpx'
---
=== Wed May 27 23:43:50 UTC 2026 ===
Traceback (most recent call last):
  File "/home/node/.openclaw/workspace/btc_5m_bot.py", line 14, in <module>
    import httpx
ModuleNotFoundError: No module named 'httpx'
---
=== Wed May 27 23:45:11 UTC 2026 ===
Traceback (most recent call last):
  File "/home/node/.openclaw/workspace/btc_5m_bot.py", line 14, in <module>
    import httpx
ModuleNotFoundError: No module named 'httpx'
---
=== Wed May 27 23:46:32 UTC 2026 ===
Traceback (most recent call last):
  File "/home/node/.openclaw/workspace/btc_5m_bot.py", line 14, in <module>
    import httpx
ModuleNotFoundError: No module named 'httpx'
---
=== Wed May 27 23:47:53 UTC 2026 ===
Traceback (most recent call last):
  File "/home/node/.openclaw/workspace/btc_5m_bot.py", line 14, in <module>
    import httpx
ModuleNotFoundError: No module named 'httpx'
---
=== Wed May 27 23:49:14 UTC 2026 ===
Traceback (most recent call last):
  File "/home/node/.openclaw/workspace/btc_5m_bot.py", line 14, in <module>
    import httpx
ModuleNotFoundError: No module named 'httpx'
---
=== Wed May 27 23:50:35 UTC 2026 ===
Traceback (most recent call last):
  File "/home/node/.openclaw/workspace/btc_5m_bot.py", line 14, in <module>
    import httpx
ModuleNotFoundError: No module named 'httpx'
---
=== Wed May 27 23:51:56 UTC 2026 ===
Traceback (most recent call last):
  File "/home/node/.openclaw/workspace/btc_5m_bot.py", line 14, in <module>
    import httpx
ModuleNotFoundError: No module named 'httpx'
---
=== Wed May 27 23:53:17 UTC 2026 ===
Traceback (most recent call last):
  File "/home/node/.openclaw/workspace/btc_5m_bot.py", line 14, in <module>
    import httpx
ModuleNotFoundError: No module named 'httpx'
---
=== Wed May 27 23:54:38 UTC 2026 ===
Traceback (most recent call last):
  File "/home/node/.openclaw/workspace/btc_5m_bot.py", line 14, in <module>
    import httpx
ModuleNotFoundError: No module named 'httpx'
---
=== Wed May 27 23:55:59 UTC 2026 ===
Traceback (most recent call last):
  File "/home/node/.openclaw/workspace/btc_5m_bot.py", line 14, in <module>
    import httpx
ModuleNotFoundError: No module named 'httpx'
---
=== Wed May 27 23:57:20 UTC 2026 ===
Traceback (most recent call last):
  File "/home/node/.openclaw/workspace/btc_5m_bot.py", line 14, in <module>
    import httpx
ModuleNotFoundError: No module named 'httpx'
---
=== Wed May 27 23:58:42 UTC 2026 ===
Traceback (most recent call last):
  File "/home/node/.openclaw/workspace/btc_5m_bot.py", line 14, in <module>
    import httpx
ModuleNotFoundError: No module named 'httpx'
---
=== Thu May 28 00:00:03 UTC 2026 ===
Traceback (most recent call last):
  File "/home/node/.openclaw/workspace/btc_5m_bot.py", line 14, in <module>
    import httpx
ModuleNotFoundError: No module named 'httpx'
---
=== Thu May 28 00:01:24 UTC 2026 ===
Traceback (most recent call last):
  File "/home/node/.openclaw/workspace/btc_5m_bot.py", line 14, in <module>
    import httpx
ModuleNotFoundError: No module named 'httpx'
---
=== Thu May 28 00:02:45 UTC 2026 ===
Traceback (most recent call last):
  File "/home/node/.openclaw/workspace/btc_5m_bot.py", line 14, in <module>
    import httpx
ModuleNotFoundError: No module named 'httpx'
---
=== Thu May 28 00:04:06 UTC 2026 ===
Traceback (most recent call last):
  File "/home/node/.openclaw/workspace/btc_5m_bot.py", line 14, in <module>
    import httpx
ModuleNotFoundError: No module named 'httpx'
---
=== Thu May 28 00:05:27 UTC 2026 ===
Traceback (most recent call last):
  File "/home/node/.openclaw/workspace/btc_5m_bot.py", line 14, in <module>
    import httpx
ModuleNotFoundError: No module named 'httpx'
---
=== Thu May 28 00:06:48 UTC 2026 ===
Traceback (most recent call last):
  File "/home/node/.openclaw/workspace/btc_5m_bot.py", line 14, in <module>
    import httpx
ModuleNotFoundError: No module named 'httpx'
---
=== Thu May 28 00:08:09 UTC 2026 ===
Traceback (most recent call last):
  File "/home/node/.openclaw/workspace/btc_5m_bot.py", line 14, in <module>
    import httpx
ModuleNotFoundError: No module named 'httpx'
---
=== Thu May 28 00:09:30 UTC 2026 ===
Traceback (most recent call last):
  File "/home/node/.openclaw/workspace/btc_5m_bot.py", line 14, in <module>
    import httpx
ModuleNotFoundError: No module named 'httpx'
---
=== Thu May 28 00:10:51 UTC 2026 ===
Traceback (most recent call last):
  File "/home/node/.openclaw/workspace/btc_5m_bot.py", line 14, in <module>
    import httpx
ModuleNotFoundError: No module named 'httpx'
---
=== Thu May 28 00:12:12 UTC 2026 ===
Traceback (most recent call last):
  File "/home/node/.openclaw/workspace/btc_5m_bot.py", line 14, in <module>
    import httpx
ModuleNotFoundError: No module named 'httpx'
---
=== Thu May 28 00:13:33 UTC 2026 ===
Traceback (most recent call last):
  File "/home/node/.openclaw/workspace/btc_5m_bot.py", line 14, in <module>
    import httpx
ModuleNotFoundError: No module named 'httpx'
---
=== Thu May 28 00:14:55 UTC 2026 ===
Traceback (most recent call last):
  File "/home/node/.openclaw/workspace/btc_5m_bot.py", line 14, in <module>
    import httpx
ModuleNotFoundError: No module named 'httpx'
---
=== Thu May 28 00:16:16 UTC 2026 ===
Traceback (most recent call last):
  File "/home/node/.openclaw/workspace/btc_5m_bot.py", line 14, in <module>
    import httpx
ModuleNotFoundError: No module named 'httpx'
---
=== Thu May 28 00:17:37 UTC 2026 ===
Traceback (most recent call last):
  File "/home/node/.openclaw/workspace/btc_5m_bot.py", line 14, in <module>
    import httpx
ModuleNotFoundError: No module named 'httpx'
---
=== Thu May 28 00:18:58 UTC 2026 ===
Traceback (most recent call last):
  File "/home/node/.openclaw/workspace/btc_5m_bot.py", line 14, in <module>
    import httpx
ModuleNotFoundError: No module named 'httpx'
---
=== Thu May 28 00:20:19 UTC 2026 ===
Traceback (most recent call last):
  File "/home/node/.openclaw/workspace/btc_5m_bot.py", line 14, in <module>
    import httpx
ModuleNotFoundError: No module named 'httpx'
---
=== Thu May 28 00:21:40 UTC 2026 ===
Traceback (most recent call last):
  File "/home/node/.openclaw/workspace/btc_5m_bot.py", line 14, in <module>
    import httpx
ModuleNotFoundError: No module named 'httpx'
---
=== Thu May 28 00:23:01 UTC 2026 ===
Traceback (most recent call last):
  File "/home/node/.openclaw/workspace/btc_5m_bot.py", line 14, in <module>
    import httpx
ModuleNotFoundError: No module named 'httpx'
---
=== Thu May 28 00:24:22 UTC 2026 ===
Traceback (most recent call last):
  File "/home/node/.openclaw/workspace/btc_5m_bot.py", line 14, in <module>
    import httpx
ModuleNotFoundError: No module named 'httpx'
---
=== Thu May 28 00:25:43 UTC 2026 ===
Traceback (most recent call last):
  File "/home/node/.openclaw/workspace/btc_5m_bot.py", line 14, in <module>
    import httpx
ModuleNotFoundError: No module named 'httpx'
---
=== Thu May 28 00:27:04 UTC 2026 ===
Traceback (most recent call last):
  File "/home/node/.openclaw/workspace/btc_5m_bot.py", line 14, in <module>
    import httpx
ModuleNotFoundError: No module named 'httpx'
---
=== Thu May 28 00:28:25 UTC 2026 ===
Traceback (most recent call last):
  File "/home/node/.openclaw/workspace/btc_5m_bot.py", line 14, in <module>
    import httpx
ModuleNotFoundError: No module named 'httpx'
---
=== Thu May 28 00:29:46 UTC 2026 ===
Traceback (most recent call last):
  File "/home/node/.openclaw/workspace/btc_5m_bot.py", line 14, in <module>
    import httpx
ModuleNotFoundError: No module named 'httpx'
---
=== Thu May 28 00:31:07 UTC 2026 ===
Traceback (most recent call last):
  File "/home/node/.openclaw/workspace/btc_5m_bot.py", line 14, in <module>
    import httpx
ModuleNotFoundError: No module named 'httpx'
---
=== Thu May 28 00:32:29 UTC 2026 ===
Traceback (most recent call last):
  File "/home/node/.openclaw/workspace/btc_5m_bot.py", line 14, in <module>
    import httpx
ModuleNotFoundError: No module named 'httpx'
---
=== Thu May 28 00:33:50 UTC 2026 ===
Traceback (most recent call last):
  File "/home/node/.openclaw/workspace/btc_5m_bot.py", line 14, in <module>
    import httpx
ModuleNotFoundError: No module named 'httpx'
---
=== Thu May 28 00:35:11 UTC 2026 ===
Traceback (most recent call last):
  File "/home/node/.openclaw/workspace/btc_5m_bot.py", line 14, in <module>
    import httpx
ModuleNotFoundError: No module named 'httpx'
---
=== Thu May 28 00:36:32 UTC 2026 ===
Traceback (most recent call last):
  File "/home/node/.openclaw/workspace/btc_5m_bot.py", line 14, in <module>
    import httpx
ModuleNotFoundError: No module named 'httpx'
---
=== Thu May 28 00:37:53 UTC 2026 ===
Traceback (most recent call last):
  File "/home/node/.openclaw/workspace/btc_5m_bot.py", line 14, in <module>
    import httpx
ModuleNotFoundError: No module named 'httpx'
---
=== Thu May 28 00:39:14 UTC 2026 ===
Traceback (most recent call last):
  File "/home/node/.openclaw/workspace/btc_5m_bot.py", line 14, in <module>
    import httpx
ModuleNotFoundError: No module named 'httpx'
---
=== Thu May 28 00:40:35 UTC 2026 ===
Traceback (most recent call last):
  File "/home/node/.openclaw/workspace/btc_5m_bot.py", line 14, in <module>
    import httpx
ModuleNotFoundError: No module named 'httpx'
---
=== Thu May 28 00:41:56 UTC 2026 ===
Traceback (most recent call last):
  File "/home/node/.openclaw/workspace/btc_5m_bot.py", line 14, in <module>
    import httpx
ModuleNotFoundError: No module named 'httpx'
---
=== Thu May 28 00:43:17 UTC 2026 ===
Traceback (most recent call last):
  File "/home/node/.openclaw/workspace/btc_5m_bot.py", line 14, in <module>
    import httpx
ModuleNotFoundError: No module named 'httpx'
---
=== Thu May 28 00:44:38 UTC 2026 ===
Traceback (most recent call last):
  File "/home/node/.openclaw/workspace/btc_5m_bot.py", line 14, in <module>
    import httpx
ModuleNotFoundError: No module named 'httpx'
---
=== Thu May 28 00:45:59 UTC 2026 ===
Traceback (most recent call last):
  File "/home/node/.openclaw/workspace/btc_5m_bot.py", line 14, in <module>
    import httpx
ModuleNotFoundError: No module named 'httpx'
---
=== Thu May 28 00:47:21 UTC 2026 ===
Traceback (most recent call last):
  File "/home/node/.openclaw/workspace/btc_5m_bot.py", line 14, in <module>
    import httpx
ModuleNotFoundError: No module named 'httpx'
---
=== Thu May 28 00:48:42 UTC 2026 ===
Traceback (most recent call last):
  File "/home/node/.openclaw/workspace/btc_5m_bot.py", line 14, in <module>
    import httpx
ModuleNotFoundError: No module named 'httpx'
---
=== Thu May 28 00:50:03 UTC 2026 ===
Traceback (most recent call last):
  File "/home/node/.openclaw/workspace/btc_5m_bot.py", line 14, in <module>
    import httpx
ModuleNotFoundError: No module named 'httpx'
---
=== Thu May 28 00:51:24 UTC 2026 ===
Traceback (most recent call last):
  File "/home/node/.openclaw/workspace/btc_5m_bot.py", line 14, in <module>
    import httpx
ModuleNotFoundError: No module named 'httpx'
---
=== Thu May 28 00:52:45 UTC 2026 ===
Traceback (most recent call last):
  File "/home/node/.openclaw/workspace/btc_5m_bot.py", line 14, in <module>
    import httpx
ModuleNotFoundError: No module named 'httpx'
---
=== Thu May 28 00:54:06 UTC 2026 ===
Traceback (most recent call last):
  File "/home/node/.openclaw/workspace/btc_5m_bot.py", line 14, in <module>
    import httpx
ModuleNotFoundError: No module named 'httpx'
---
=== Thu May 28 00:55:27 UTC 2026 ===
Traceback (most recent call last):
  File "/home/node/.openclaw/workspace/btc_5m_bot.py", line 14, in <module>
    import httpx
ModuleNotFoundError: No module named 'httpx'
---
=== Thu May 28 00:56:48 UTC 2026 ===
Traceback (most recent call last):
  File "/home/node/.openclaw/workspace/btc_5m_bot.py", line 14, in <module>
    import httpx
ModuleNotFoundError: No module named 'httpx'
---
=== Thu May 28 00:58:09 UTC 2026 ===
Traceback (most recent call last):
  File "/home/node/.openclaw/workspace/btc_5m_bot.py", line 14, in <module>
    import httpx
ModuleNotFoundError: No module named 'httpx'
---
=== Thu May 28 00:59:30 UTC 2026 ===
Traceback (most recent call last):
  File "/home/node/.openclaw/workspace/btc_5m_bot.py", line 14, in <module>
    import httpx
ModuleNotFoundError: No module named 'httpx'
---
=== Thu May 28 01:00:51 UTC 2026 ===
Traceback (most recent call last):
  File "/home/node/.openclaw/workspace/btc_5m_bot.py", line 14, in <module>
    import httpx
ModuleNotFoundError: No module named 'httpx'
---
=== Thu May 28 01:02:12 UTC 2026 ===
Traceback (most recent call last):
  File "/home/node/.openclaw/workspace/btc_5m_bot.py", line 14, in <module>
    import httpx
ModuleNotFoundError: No module named 'httpx'
---
=== Thu May 28 01:03:33 UTC 2026 ===
Traceback (most recent call last):
  File "/home/node/.openclaw/workspace/btc_5m_bot.py", line 14, in <module>
    import httpx
ModuleNotFoundError: No module named 'httpx'
---
=== Thu May 28 01:04:55 UTC 2026 ===
Traceback (most recent call last):
  File "/home/node/.openclaw/workspace/btc_5m_bot.py", line 14, in <module>
    import httpx
ModuleNotFoundError: No module named 'httpx'
---
=== Thu May 28 01:06:16 UTC 2026 ===
Traceback (most recent call last):
  File "/home/node/.openclaw/workspace/btc_5m_bot.py", line 14, in <module>
    import httpx
ModuleNotFoundError: No module named 'httpx'
---
=== Thu May 28 01:07:37 UTC 2026 ===
Traceback (most recent call last):
  File "/home/node/.openclaw/workspace/btc_5m_bot.py", line 14, in <module>
    import httpx
ModuleNotFoundError: No module named 'httpx'
---
=== Thu May 28 01:08:58 UTC 2026 ===
Traceback (most recent call last):
  File "/home/node/.openclaw/workspace/btc_5m_bot.py", line 14, in <module>
    import httpx
ModuleNotFoundError: No module named 'httpx'
---
=== Thu May 28 01:10:19 UTC 2026 ===
Traceback (most recent call last):
  File "/home/node/.openclaw/workspace/btc_5m_bot.py", line 14, in <module>
    import httpx
ModuleNotFoundError: No module named 'httpx'
---
=== Thu May 28 01:11:40 UTC 2026 ===
Traceback (most recent call last):
  File "/home/node/.openclaw/workspace/btc_5m_bot.py", line 14, in <module>
    import httpx
ModuleNotFoundError: No module named 'httpx'
---
=== Thu May 28 01:13:01 UTC 2026 ===
Traceback (most recent call last):
  File "/home/node/.openclaw/workspace/btc_5m_bot.py", line 14, in <module>
    import httpx
ModuleNotFoundError: No module named 'httpx'
---
=== Thu May 28 01:14:22 UTC 2026 ===
Traceback (most recent call last):
  File "/home/node/.openclaw/workspace/btc_5m_bot.py", line 14, in <module>
    import httpx
ModuleNotFoundError: No module named 'httpx'
---
=== Thu May 28 01:15:43 UTC 2026 ===
Traceback (most recent call last):
  File "/home/node/.openclaw/workspace/btc_5m_bot.py", line 14, in <module>
    import httpx
ModuleNotFoundError: No module named 'httpx'
---
=== Thu May 28 01:17:04 UTC 2026 ===
Traceback (most recent call last):
  File "/home/node/.openclaw/workspace/btc_5m_bot.py", line 14, in <module>
    import httpx
ModuleNotFoundError: No module named 'httpx'
---
=== Thu May 28 01:18:25 UTC 2026 ===
Traceback (most recent call last):
  File "/home/node/.openclaw/workspace/btc_5m_bot.py", line 14, in <module>
    import httpx
ModuleNotFoundError: No module named 'httpx'
---
=== Thu May 28 01:19:46 UTC 2026 ===
Traceback (most recent call last):
  File "/home/node/.openclaw/workspace/btc_5m_bot.py", line 14, in <module>
    import httpx
ModuleNotFoundError: No module named 'httpx'
---
=== Thu May 28 01:21:08 UTC 2026 ===
Traceback (most recent call last):
  File "/home/node/.openclaw/workspace/btc_5m_bot.py", line 14, in <module>
    import httpx
ModuleNotFoundError: No module named 'httpx'
---
=== Thu May 28 01:22:29 UTC 2026 ===
Traceback (most recent call last):
  File "/home/node/.openclaw/workspace/btc_5m_bot.py", line 14, in <module>
    import httpx
ModuleNotFoundError: No module named 'httpx'
---
=== Thu May 28 01:23:50 UTC 2026 ===
Traceback (most recent call last):
  File "/home/node/.openclaw/workspace/btc_5m_bot.py", line 14, in <module>
    import httpx
ModuleNotFoundError: No module named 'httpx'
---
=== Thu May 28 01:25:11 UTC 2026 ===
Traceback (most recent call last):
  File "/home/node/.openclaw/workspace/btc_5m_bot.py", line 14, in <module>
    import httpx
ModuleNotFoundError: No module named 'httpx'
---
=== Thu May 28 01:26:32 UTC 2026 ===
Traceback (most recent call last):
  File "/home/node/.openclaw/workspace/btc_5m_bot.py", line 14, in <module>
    import httpx
ModuleNotFoundError: No module named 'httpx'
---
=== Thu May 28 01:27:53 UTC 2026 ===
Traceback (most recent call last):
  File "/home/node/.openclaw/workspace/btc_5m_bot.py", line 14, in <module>
    import httpx
ModuleNotFoundError: No module named 'httpx'
---
=== Thu May 28 01:29:14 UTC 2026 ===
Traceback (most recent call last):
  File "/home/node/.openclaw/workspace/btc_5m_bot.py", line 14, in <module>
    import httpx
ModuleNotFoundError: No module named 'httpx'
---
=== Thu May 28 01:30:35 UTC 2026 ===
Traceback (most recent call last):
  File "/home/node/.openclaw/workspace/btc_5m_bot.py", line 14, in <module>
    import httpx
ModuleNotFoundError: No module named 'httpx'
---
=== Thu May 28 01:31:56 UTC 2026 ===
Traceback (most recent call last):
  File "/home/node/.openclaw/workspace/btc_5m_bot.py", line 14, in <module>
    import httpx
ModuleNotFoundError: No module named 'httpx'
---
=== Thu May 28 01:33:17 UTC 2026 ===
Traceback (most recent call last):
  File "/home/node/.openclaw/workspace/btc_5m_bot.py", line 14, in <module>
    import httpx
ModuleNotFoundError: No module named 'httpx'
---
=== Thu May 28 01:34:38 UTC 2026 ===
Traceback (most recent call last):
  File "/home/node/.openclaw/workspace/btc_5m_bot.py", line 14, in <module>
    import httpx
ModuleNotFoundError: No module named 'httpx'
---
=== Thu May 28 01:35:59 UTC 2026 ===
Traceback (most recent call last):
  File "/home/node/.openclaw/workspace/btc_5m_bot.py", line 14, in <module>
    import httpx
ModuleNotFoundError: No module named 'httpx'
---
=== Thu May 28 01:37:21 UTC 2026 ===
Traceback (most recent call last):
  File "/home/node/.openclaw/workspace/btc_5m_bot.py", line 14, in <module>
    import httpx
ModuleNotFoundError: No module named 'httpx'
---
=== Thu May 28 01:38:42 UTC 2026 ===
Traceback (most recent call last):
  File "/home/node/.openclaw/workspace/btc_5m_bot.py", line 14, in <module>
    import httpx
ModuleNotFoundError: No module named 'httpx'
---
=== Thu May 28 01:40:03 UTC 2026 ===
Traceback (most recent call last):
  File "/home/node/.openclaw/workspace/btc_5m_bot.py", line 14, in <module>
    import httpx
ModuleNotFoundError: No module named 'httpx'
---
=== Thu May 28 01:41:24 UTC 2026 ===
Traceback (most recent call last):
  File "/home/node/.openclaw/workspace/btc_5m_bot.py", line 14, in <module>
    import httpx
ModuleNotFoundError: No module named 'httpx'
---
=== Thu May 28 01:42:45 UTC 2026 ===
Traceback (most recent call last):
  File "/home/node/.openclaw/workspace/btc_5m_bot.py", line 14, in <module>
    import httpx
ModuleNotFoundError: No module named 'httpx'
---
=== Thu May 28 01:44:06 UTC 2026 ===
Traceback (most recent call last):
  File "/home/node/.openclaw/workspace/btc_5m_bot.py", line 14, in <module>
    import httpx
ModuleNotFoundError: No module named 'httpx'
---
=== Thu May 28 01:45:27 UTC 2026 ===
Traceback (most recent call last):
  File "/home/node/.openclaw/workspace/btc_5m_bot.py", line 14, in <module>
    import httpx
ModuleNotFoundError: No module named 'httpx'
---
=== Thu May 28 01:46:48 UTC 2026 ===
Traceback (most recent call last):
  File "/home/node/.openclaw/workspace/btc_5m_bot.py", line 14, in <module>
    import httpx
ModuleNotFoundError: No module named 'httpx'
---
=== Thu May 28 01:48:09 UTC 2026 ===
Traceback (most recent call last):
  File "/home/node/.openclaw/workspace/btc_5m_bot.py", line 14, in <module>
    import httpx
ModuleNotFoundError: No module named 'httpx'
---
=== Thu May 28 01:49:30 UTC 2026 ===
Traceback (most recent call last):
  File "/home/node/.openclaw/workspace/btc_5m_bot.py", line 14, in <module>
    import httpx
ModuleNotFoundError: No module named 'httpx'
---
=== Thu May 28 01:50:51 UTC 2026 ===
Traceback (most recent call last):
  File "/home/node/.openclaw/workspace/btc_5m_bot.py", line 14, in <module>
    import httpx
ModuleNotFoundError: No module named 'httpx'
---
=== Thu May 28 01:52:13 UTC 2026 ===
Traceback (most recent call last):
  File "/home/node/.openclaw/workspace/btc_5m_bot.py", line 14, in <module>
    import httpx
ModuleNotFoundError: No module named 'httpx'
---
=== Thu May 28 01:53:34 UTC 2026 ===
Traceback (most recent call last):
  File "/home/node/.openclaw/workspace/btc_5m_bot.py", line 14, in <module>
    import httpx
ModuleNotFoundError: No module named 'httpx'
---
=== Thu May 28 01:54:55 UTC 2026 ===
Traceback (most recent call last):
  File "/home/node/.openclaw/workspace/btc_5m_bot.py", line 14, in <module>
    import httpx
ModuleNotFoundError: No module named 'httpx'
---
=== Thu May 28 01:56:16 UTC 2026 ===
Traceback (most recent call last):
  File "/home/node/.openclaw/workspace/btc_5m_bot.py", line 14, in <module>
    import httpx
ModuleNotFoundError: No module named 'httpx'
---
=== Thu May 28 01:57:37 UTC 2026 ===
Traceback (most recent call last):
  File "/home/node/.openclaw/workspace/btc_5m_bot.py", line 14, in <module>
    import httpx
ModuleNotFoundError: No module named 'httpx'
---
=== Thu May 28 01:58:58 UTC 2026 ===
Traceback (most recent call last):
  File "/home/node/.openclaw/workspace/btc_5m_bot.py", line 14, in <module>
    import httpx
ModuleNotFoundError: No module named 'httpx'
---
=== Thu May 28 02:00:19 UTC 2026 ===
Traceback (most recent call last):
  File "/home/node/.openclaw/workspace/btc_5m_bot.py", line 14, in <module>
    import httpx
ModuleNotFoundError: No module named 'httpx'
---
=== Thu May 28 02:01:40 UTC 2026 ===
Traceback (most recent call last):
  File "/home/node/.openclaw/workspace/btc_5m_bot.py", line 14, in <module>
    import httpx
ModuleNotFoundError: No module named 'httpx'
---
=== Thu May 28 02:03:01 UTC 2026 ===
Traceback (most recent call last):
  File "/home/node/.openclaw/workspace/btc_5m_bot.py", line 14, in <module>
    import httpx
ModuleNotFoundError: No module named 'httpx'
---
=== Thu May 28 02:04:22 UTC 2026 ===
Traceback (most recent call last):
  File "/home/node/.openclaw/workspace/btc_5m_bot.py", line 14, in <module>
    import httpx
ModuleNotFoundError: No module named 'httpx'
---
=== Thu May 28 02:05:43 UTC 2026 ===
Traceback (most recent call last):
  File "/home/node/.openclaw/workspace/btc_5m_bot.py", line 14, in <module>
    import httpx
ModuleNotFoundError: No module named 'httpx'
---
=== Thu May 28 02:07:04 UTC 2026 ===
Traceback (most recent call last):
  File "/home/node/.openclaw/workspace/btc_5m_bot.py", line 14, in <module>
    import httpx
ModuleNotFoundError: No module named 'httpx'
---
=== Thu May 28 02:08:26 UTC 2026 ===
Traceback (most recent call last):
  File "/home/node/.openclaw/workspace/btc_5m_bot.py", line 14, in <module>
    import httpx
ModuleNotFoundError: No module named 'httpx'
---
=== Thu May 28 02:09:47 UTC 2026 ===
Traceback (most recent call last):
  File "/home/node/.openclaw/workspace/btc_5m_bot.py", line 14, in <module>
    import httpx
ModuleNotFoundError: No module named 'httpx'
---
=== Thu May 28 02:11:08 UTC 2026 ===
Traceback (most recent call last):
  File "/home/node/.openclaw/workspace/btc_5m_bot.py", line 14, in <module>
    import httpx
ModuleNotFoundError: No module named 'httpx'
---
=== Thu May 28 02:12:29 UTC 2026 ===
Traceback (most recent call last):
  File "/home/node/.openclaw/workspace/btc_5m_bot.py", line 14, in <module>
    import httpx
ModuleNotFoundError: No module named 'httpx'
---
=== Thu May 28 02:13:50 UTC 2026 ===
Traceback (most recent call last):
  File "/home/node/.openclaw/workspace/btc_5m_bot.py", line 14, in <module>
    import httpx
ModuleNotFoundError: No module named 'httpx'
---
=== Thu May 28 02:15:11 UTC 2026 ===
Traceback (most recent call last):
  File "/home/node/.openclaw/workspace/btc_5m_bot.py", line 14, in <module>
    import httpx
ModuleNotFoundError: No module named 'httpx'
---
=== Thu May 28 02:16:32 UTC 2026 ===
Traceback (most recent call last):
  File "/home/node/.openclaw/workspace/btc_5m_bot.py", line 14, in <module>
    import httpx
ModuleNotFoundError: No module named 'httpx'
---
=== Thu May 28 02:17:53 UTC 2026 ===
Traceback (most recent call last):
  File "/home/node/.openclaw/workspace/btc_5m_bot.py", line 14, in <module>
    import httpx
ModuleNotFoundError: No module named 'httpx'
---
=== Thu May 28 02:19:14 UTC 2026 ===
Traceback (most recent call last):
  File "/home/node/.openclaw/workspace/btc_5m_bot.py", line 14, in <module>
    import httpx
ModuleNotFoundError: No module named 'httpx'
---
=== Thu May 28 02:20:35 UTC 2026 ===
Traceback (most recent call last):
  File "/home/node/.openclaw/workspace/btc_5m_bot.py", line 14, in <module>
    import httpx
ModuleNotFoundError: No module named 'httpx'
---
=== Thu May 28 02:21:56 UTC 2026 ===
Traceback (most recent call last):
  File "/home/node/.openclaw/workspace/btc_5m_bot.py", line 14, in <module>
    import httpx
ModuleNotFoundError: No module named 'httpx'
---
=== Thu May 28 02:23:17 UTC 2026 ===
Traceback (most recent call last):
  File "/home/node/.openclaw/workspace/btc_5m_bot.py", line 14, in <module>
    import httpx
ModuleNotFoundError: No module named 'httpx'
---
=== Thu May 28 02:24:39 UTC 2026 ===
Traceback (most recent call last):
  File "/home/node/.openclaw/workspace/btc_5m_bot.py", line 14, in <module>
    import httpx
ModuleNotFoundError: No module named 'httpx'
---
=== Thu May 28 02:26:00 UTC 2026 ===
Traceback (most recent call last):
  File "/home/node/.openclaw/workspace/btc_5m_bot.py", line 14, in <module>
    import httpx
ModuleNotFoundError: No module named 'httpx'
---
=== Thu May 28 02:27:21 UTC 2026 ===
Traceback (most recent call last):
  File "/home/node/.openclaw/workspace/btc_5m_bot.py", line 14, in <module>
    import httpx
ModuleNotFoundError: No module named 'httpx'
---
=== Thu May 28 02:28:42 UTC 2026 ===
Traceback (most recent call last):
  File "/home/node/.openclaw/workspace/btc_5m_bot.py", line 14, in <module>
    import httpx
ModuleNotFoundError: No module named 'httpx'
---
=== Thu May 28 02:30:03 UTC 2026 ===
Traceback (most recent call last):
  File "/home/node/.openclaw/workspace/btc_5m_bot.py", line 14, in <module>
    import httpx
ModuleNotFoundError: No module named 'httpx'
---
=== Thu May 28 02:31:24 UTC 2026 ===
Traceback (most recent call last):
  File "/home/node/.openclaw/workspace/btc_5m_bot.py", line 14, in <module>
    import httpx
ModuleNotFoundError: No module named 'httpx'
---
=== Thu May 28 02:32:46 UTC 2026 ===
Traceback (most recent call last):
  File "/home/node/.openclaw/workspace/btc_5m_bot.py", line 14, in <module>
    import httpx
ModuleNotFoundError: No module named 'httpx'
---
=== Thu May 28 02:34:07 UTC 2026 ===
Traceback (most recent call last):
  File "/home/node/.openclaw/workspace/btc_5m_bot.py", line 14, in <module>
    import httpx
ModuleNotFoundError: No module named 'httpx'
---
=== Fri May 29 06:17:53 UTC 2026 ===
Traceback (most recent call last):
  File "/home/node/.openclaw/workspace/btc_5m_bot.py", line 14, in <module>
    import httpx
ModuleNotFoundError: No module named 'httpx'
---
=== Fri May 29 06:19:14 UTC 2026 ===
Traceback (most recent call last):
  File "/home/node/.openclaw/workspace/btc_5m_bot.py", line 14, in <module>
    import httpx
ModuleNotFoundError: No module named 'httpx'
---
=== Fri May 29 07:43:32 UTC 2026 ===
BTC 5m Bot v3 - urllib port
MIN_PROB=0.87, ATR>0.8x avg, Vol>0.6x avg

============================================================
Cycle #529 | 07:43:32 UTC
[BTC] 1440 candles
[FILTER] ATR=63.80 (avg=64.31, threshold=51.45)
[FILTER] Vol=74.5425 (avg=28.8476, threshold=17.3085)
[BTC] Last streaks: [1, 2, 3, 4, 5]
[MARKOV] Filtered=388 candles, 54 states
[MARKOV] State=2345, last_dir=DOWN, p̂=0.429 (n=14)
[POLY] YES=0.525, NO=0.475
[SIGNAL] DOWN, p̂=0.429, q=0.525, Δ=-0.096 → p̂ 0.429 < 0.87

✓ #529 p̂=0.429, Signal=False
---
=== Fri May 29 07:44:55 UTC 2026 ===
BTC 5m Bot v3 - urllib port
MIN_PROB=0.87, ATR>0.8x avg, Vol>0.6x avg

============================================================
Cycle #531 | 07:44:55 UTC
[BTC] 1440 candles
[FILTER] ATR=66.04 (avg=64.42, threshold=51.54)
[FILTER] Vol=102.3859 (avg=30.2397, threshold=18.1438)
[BTC] Last streaks: [1, 2, 3, 4, 5]
[MARKOV] Filtered=359 candles, 52 states
[MARKOV] State=2345, last_dir=DOWN, p̂=0.462 (n=13)
[POLY] YES=0.525, NO=0.475
[SIGNAL] DOWN, p̂=0.462, q=0.525, Δ=-0.063 → p̂ 0.462 < 0.87

✓ #531 p̂=0.462, Signal=False
---
=== Fri May 29 07:46:19 UTC 2026 ===
BTC 5m Bot v3 - urllib port
MIN_PROB=0.87, ATR>0.8x avg, Vol>0.6x avg

============================================================
Cycle #532 | 07:46:19 UTC
[BTC] 1440 candles
[FILTER] ATR=64.58 (avg=64.52, threshold=51.62)
[FILTER] Vol=27.2764 (avg=31.0769, threshold=18.6462)
[BTC] Last streaks: [2, 3, 4, 5, 6]
[MARKOV] Filtered=348 candles, 52 states
[MARKOV] State=3456, last_dir=DOWN, p̂=0.444 (n=9)
[POLY] YES=0.505, NO=0.495
[SIGNAL] DOWN, p̂=0.444, q=0.505, Δ=-0.061 → p̂ 0.444 < 0.87

✓ #532 p̂=0.444, Signal=False
---
